Order_ID,Order_Date,Category,Product_Name,Quantity,Price,Sales,Region,Customer_Name,Payment_Method
AMZ101290,2024-12-06,Beauty & Personal Care,Hair Dryer,9.0,905.87,8152.83,east,Manoj Singh,UPI
AMZ100243,2023-10-21,Electronics,Mechanical Keyboard,6.0,3308.31,19849.86,,Pooja Sharma,Cash on Delivery
AMZ104997,2024-01-29,Toys & Games,Building Blocks Set,1.0,205.63,205.63,CENTRAL ,Deepak Singh,UPI
AMZ105249,2023-01-07,Electronics,Smart Watch,9.0,,,,Deepak Iyer,UPI
AMZ102716,2023-09-15,Electronics,Wireless Earbuds,6.0,4359.15,26154.9,East,Vivek Joshi,Credit Card
AMZ103333,2023-01-05,Grocery & Gourmet,Green Tea Pack,5.0,200.08,1000.4,central,Nikhil Kumar,Credit Card
AMZ103888,2023-11-06,Grocery & Gourmet,Honey 500g,10.0,823.78,8237.8,north,Nikhil Reddy,Net Banking
AMZ100193,2023-04-30,Beauty & Personal Care,Trimmer,9.0,294.44,2649.96,South,Zoya Chatterjee,Amazon Pay
AMZ100463,2024-09-13,Electronics,Wireless Earbuds,9.0,2573.46,23161.14, North,Aditya Kapoor,Debit Card
AMZ105352,2023-12-03,Furniture,Bedside Table,5.0,2229.36,11146.8, West,Farhan Sharma,Debit Card
AMZ105477,2024-09-26,Beauty & Personal Care,Perfume 100ml,8.0,701.74,5613.92,south,Aditya Verma,Cash on Delivery
AMZ102007,2024-02-26,Furniture,Bean Bag,10.0,,,CENTRAL ,Tanvi Pillai,Net Banking
AMZ101810,2023-08-18,Home & Kitchen,Bed Sheet Set,1.0,4624.93,4624.93,east,Imran Das,Amazon Pay
AMZ105687,2024-06-27,Electronics,Bluetooth Speaker,5.0,2701.25,13506.25,north,Sneha Nair,Cash on Delivery
AMZ100489,2023-04-25,Clothing,Winter Hoodie,10.0,1299.24,12992.4,west,Neha Bhatt,Debit Card
AMZ102993,2024-05-18,Office Products,Whiteboard Marker Set,6.0,821.13,4926.78,SOUTH,Sneha Sharma,Cash on Delivery
AMZ100898,2024-08-16,Office Products,Whiteboard Marker Set,8.0,912.45,7299.6,NORTH,Zoya Malhotra,Net Banking
AMZ102331,2023-03-05,Home & Kitchen,Bed Sheet Set,2.0,2102.91,4205.82,north,Isha Agarwal,Cash on Delivery
AMZ103190,2023-01-05,Sports & Fitness,Badminton Racket,1.0,1941.88,1941.88,central,Neha Verma,Amazon Pay
AMZ100659,2024-07-10,Clothing,Yoga Pants,9.0,592.47,5332.23,East,Yash Verma,UPI
AMZ103845,2023-07-23,Toys & Games,Building Blocks Set,2.0,229.26,458.52,west,Manoj Nair,Amazon Pay
AMZ103915,2024-01-28,Electronics,Portable SSD,10.0,5835.47,58354.7,,Suresh Kumar,Credit Card
AMZ101513,2023-03-16,Clothing,Formal Shirt,4.0,473.72,1894.88,east,Ananya Joshi,Cash on Delivery
AMZ104690,2024-12-02,Beauty & Personal Care,Perfume 100ml,6.0,587.38,3524.28, North,Arjun Nair,Credit Card
AMZ102357,2024-12-19,Sports & Fitness,Cricket Bat,7.0,2669.98,18689.86,South ,Farhan Nair,Credit Card
AMZ100749,2024-03-26,Home & Kitchen,Non-Stick Pan Set,8.0,3417.28,27338.24,,Farhan Das,Cash on Delivery
AMZ104536,2024-10-05,Furniture,Bookshelf,3.0,2114.0,6342.0, West,Deepak Iyer,Credit Card
AMZ104857,2023-02-26,Beauty & Personal Care,Lipstick Set,7.0,1838.78,12871.46,West,Deepak Gupta,
AMZ105052,2024-11-07,Clothing,Formal Shirt,2.0,2315.42,4630.84,EAST,Divya Menon,Credit Card
AMZ103478,2024-10-13,Office Products,Notebook Pack,7.0,325.88,2281.16,Central,Divya Gupta,Debit Card
AMZ101843,2024-11-20,Home & Kitchen,Blender,3.0,2264.01,6792.03,south,Anusha Joshi,Credit Card
AMZ104363,2023-08-27,Sports & Fitness,Yoga Mat,7.0,656.3,4594.1,East,Priya Agarwal,Cash on Delivery
AMZ104252,2024-05-26,Toys & Games,Board Game,8.0,1181.59,9452.72, North,Deepak Das,Cash on Delivery
AMZ102619,2024-08-24,Home & Kitchen,Vacuum Cleaner,4.0,1468.41,5873.64,East,Isha Sharma,Credit Card
AMZ100407,2024-10-25,Office Products,Printer Paper A4,1.0,725.91,725.91,EAST,Aditya Pillai,Net Banking
AMZ103268,2023-01-27,Office Products,Gel Pens Set,3.0,218.36,655.08,South ,Zoya Bhatt,UPI
AMZ105595,2023-06-19,Electronics,Smart Watch,4.0,3958.41,15833.64,west,Kavya Bhatt,UPI
AMZ100128,2023-07-03,Furniture,Office Chair,7.0,8905.11,62335.77,West,Pooja Kapoor,Net Banking
AMZ100420,2023-11-28,Grocery & Gourmet,Honey 500g,6.0,105.81,634.86,North,Priya Pillai,Cash on Delivery
AMZ100431,2024-08-20,Sports & Fitness,Yoga Mat,2.0,860.68,1721.36, West,Meera Das,Cash on Delivery
AMZ100617,2023-06-10,Sports & Fitness,Badminton Racket,6.0,2146.08,12876.48, West,Deepak Singh,UPI
AMZ103937,2023-12-12,Sports & Fitness,Cricket Bat,7.0,1668.05,11676.35,South,Nikhil Singh,Credit Card
AMZ102085,2024-10-15,Sports & Fitness,Resistance Bands,9.0,,,south,Sanjay Menon,Cash on Delivery
AMZ100453,2023-11-04,Beauty & Personal Care,Face Wash,10.0,1821.65,18216.5,east,Suresh Das,Credit Card
AMZ100929,2024-08-07,Electronics,Action Camera,3.0,3732.3,11196.9,west,,UPI
AMZ102835,2023-05-19,Books,Children's Story Book,6.0,184.39,1106.34,west,Suresh Verma,Debit Card
AMZ104800,2024-07-01,Beauty & Personal Care,Trimmer,6.0,1375.19,8251.14,North,Aditya Malhotra,UPI
AMZ103885,2024-09-13,Grocery & Gourmet,Cooking Oil 1L,6.0,371.53,2229.18,North,Karthik Joshi,Cash on Delivery
AMZ101387,2024-02-12,Toys & Games,Board Game,7.0,1386.02,9702.14,Central,Suresh Kumar,Net Banking
AMZ100217,2024-09-07,Electronics,Action Camera,6.0,5281.57,31689.42,central,Nikhil Sharma,Debit Card
AMZ101088,2023-05-06,Office Products,Stapler,2.0,532.14,1064.28,South,Yash Reddy,Debit Card
AMZ102553,2024-11-15,Furniture,Study Table,9.0,6272.35,56451.15, West,Rohan Chatterjee,Cash on Delivery
AMZ100973,2023-04-27,Sports & Fitness,Skipping Rope,4.0,1481.36,5925.44,north,Pooja Nair,UPI
AMZ101077,2023-01-05,Sports & Fitness,Cricket Bat,9.0,,, West,Anusha Iyer,Credit Card
AMZ103879,2023-09-12,Clothing,Denim Jacket,3.0,2355.32,7065.96,north,Kavya Sharma,Net Banking
AMZ103857,2024-04-22,Clothing,Casual Sneakers,3.0,2292.58,6877.74,,Imran Rao,Cash on Delivery
AMZ101279,2024-11-19,Home & Kitchen,Electric Kettle,6.0,2629.54,15777.24,East,Manoj Bhatt,
AMZ105164,2023-11-29,Toys & Games,Board Game,5.0,1449.45,7247.25,EAST,Aditya Patel,Credit Card
AMZ104721,2023-03-19,Grocery & Gourmet,Cooking Oil 1L,10.0,688.16,6881.6,east,Anusha Joshi,Cash on Delivery
AMZ104270,2023-09-26,Books,Biography,7.0,238.62,1670.34,west,Rahul Das,Amazon Pay
AMZ102243,2024-10-25,Furniture,Study Table,10.0,8812.9,88129.0,NORTH,Nikhil Iyer,Credit Card
AMZ101545,2023-09-10,Grocery & Gourmet,Honey 500g,10.0,232.23,2322.3,NORTH,Deepak Chatterjee,Credit Card
AMZ105188,2023-01-10,Electronics,Bluetooth Speaker,9.0,5953.44,53580.96,East,Deepak Chatterjee,Cash on Delivery
AMZ104803,2024-01-22,Toys & Games,Board Game,10.0,,,CENTRAL ,Yash Rao,UPI
AMZ104370,2024-02-17,Electronics,USB-C Cable,7.0,5313.44,37194.08, West,Suresh Menon,Credit Card
AMZ104778,2024-03-30,Sports & Fitness,Resistance Bands,9.0,1126.28,10136.52,east,Rohan Nair,UPI
AMZ104172,2023-01-12,Toys & Games,Board Game,4.0,744.1,2976.4,east,Priya Sharma,UPI
AMZ100741,2023-08-26,Electronics,USB-C Cable,7.0,2927.93,20495.51,NORTH,Neha Kapoor,Cash on Delivery
AMZ103690,2023-02-15,Clothing,Denim Jacket,,511.46,,East,Meera Agarwal,UPI
AMZ104597,2023-01-25,Books,Self-Help Book,8.0,701.41,5611.28,EAST,Kavya Kapoor,Debit Card
AMZ105098,2024-11-09,Office Products,Notebook Pack,8.0,556.15,4449.2,West,Deepak Bhatt,Net Banking
AMZ103199,2023-12-18,Clothing,Formal Shirt,1.0,2255.83,2255.83,South,Zoya Malhotra,Amazon Pay
AMZ100694,2023-05-05,Home & Kitchen,Blender,4.0,2514.06,10056.24,South,Isha Agarwal,UPI
AMZ105524,2023-07-28,Home & Kitchen,Blender,1.0,3038.89,3038.89,east,Nikhil Kapoor,Amazon Pay
AMZ102186,2023-05-22,Beauty & Personal Care,Hair Dryer,9.0,1332.91,11996.19,CENTRAL ,Karthik Verma,Debit Card
AMZ103686,2023-06-17,Clothing,Casual Sneakers,9.0,1160.45,10444.05, West,Shreya Malhotra,Net Banking
AMZ102639,2024-01-06,Grocery & Gourmet,Almonds 500g,9.0,478.98,4310.82,SOUTH,,Net Banking
AMZ100251,2023-01-27,Furniture,Study Table,2.0,12447.62,24895.24,EAST,Manoj Chatterjee,Cash on Delivery
AMZ101494,2024-07-09,Home & Kitchen,Bed Sheet Set,3.0,4650.24,13950.72,North,,Amazon Pay
AMZ103850,2024-08-14,Furniture,Study Table,8.0,12043.32,96346.56,east,Manoj Menon,Cash on Delivery
AMZ100343,2023-07-26,Office Products,Desk Organizer,3.0,453.68,1361.04,North,Tanvi Reddy,Cash on Delivery
AMZ104745,2023-05-23,Clothing,Denim Jacket,2.0,2369.38,4738.76,South,Divya Das,Debit Card
AMZ104290,2024-09-28,Sports & Fitness,Yoga Mat,7.0,1185.85,8300.95,South,Aditya Chatterjee,Net Banking
AMZ102897,2023-10-22,Books,Cookbook,3.0,865.88,2597.64,CENTRAL ,Rahul Kumar,Net Banking
AMZ102690,2023-12-08,Office Products,Gel Pens Set,2.0,828.37,1656.74,NORTH,Divya Kumar,Amazon Pay
AMZ104328,2023-02-04,Sports & Fitness,Badminton Racket,1.0,2170.97,2170.97,south,Pooja Singh,Debit Card
AMZ103807,2024-05-27,Grocery & Gourmet,Cooking Oil 1L,3.0,409.16,1227.48,EAST,,Credit Card
AMZ101637,2023-06-16,Home & Kitchen,Electric Kettle,4.0,4040.5,16162.0,South ,Farhan Reddy,UPI
AMZ102671,2024-08-07,Beauty & Personal Care,Perfume 100ml,10.0,156.5,1565.0, West,Nikhil Das,Amazon Pay
AMZ101628,2024-12-27,Beauty & Personal Care,Face Wash,2.0,777.89,1555.78,north,Kavya Malhotra,Amazon Pay
AMZ104791,2024-06-24,Clothing,Formal Shirt,10.0,1816.12,18161.2,East,Zoya Iyer,UPI
AMZ103411,2023-09-28,Toys & Games,Puzzle 1000pc,10.0,1253.79,12537.9,south,Meera Iyer,Net Banking
AMZ100427,2023-06-05,Grocery & Gourmet,Honey 500g,5.0,828.52,4142.6,south,Neha Malhotra,Debit Card
AMZ101639,2023-03-09,Furniture,Bookshelf,9.0,4861.6,43754.4,West,Neha Agarwal,Credit Card
AMZ103470,2023-12-25,Furniture,Office Chair,8.0,5496.85,43974.8,east,Yash Singh,Cash on Delivery
AMZ101704,2024-05-10,Sports & Fitness,Yoga Mat,8.0,1256.91,10055.28, North,Karthik Bhatt,Debit Card
AMZ102740,2024-09-11,Clothing,Yoga Pants,5.0,1327.25,6636.25,SOUTH,Vikram Rao,Credit Card
AMZ105395,2024-01-23,Toys & Games,Puzzle 1000pc,4.0,1133.59,4534.36,North,Farhan Verma,UPI
AMZ105717,2024-04-25,Electronics,Action Camera,2.0,3836.12,7672.24,east,Divya Nair,Cash on Delivery
AMZ103227,2024-10-28,Beauty & Personal Care,Face Serum,4.0,1464.41,5857.64,South,Nikhil Agarwal,UPI
AMZ103143,2023-09-14,Furniture,Study Table,5.0,11756.24,58781.2,east,Ananya Agarwal,Credit Card
AMZ103802,2024-08-16,Furniture,Study Table,9.0,1427.04,12843.36,North,Zoya Chatterjee,Cash on Delivery
AMZ100985,2024-08-02,Grocery & Gourmet,Cooking Oil 1L,8.0,870.06,6960.48,east,Ananya Singh,Credit Card
AMZ104505,2024-02-20,Home & Kitchen,Bed Sheet Set,4.0,4974.96,19899.84,east,Ananya Bose,Debit Card
AMZ103377,2024-05-15,Clothing,Men's T-Shirt,3.0,1115.49,3346.47,Central,Isha Chatterjee,Credit Card
AMZ103525,2023-03-22,Books,Fiction Novel,2.0,123.45,246.9,west,Manoj Rao,Credit Card
AMZ102608,2024-11-25,Electronics,Portable SSD,4.0,3139.8,12559.2,north,Arjun Das,Net Banking
AMZ103685,2023-03-27,Books,Fiction Novel,2.0,215.66,431.32,central,Deepak Bhatt,Debit Card
AMZ105326,2023-11-02,Sports & Fitness,Resistance Bands,2.0,1006.14,2012.28,,Priya Pillai,Amazon Pay
AMZ104494,2024-12-03,Office Products,Stapler,10.0,364.04,3640.4,East,Shreya Bhatt,Debit Card
AMZ101569,2023-04-29,Home & Kitchen,Storage Containers,1.0,2806.58,2806.58,EAST,Rahul Sharma,Net Banking
AMZ103501,2023-07-18,Grocery & Gourmet,Honey 500g,8.0,234.33,1874.64,EAST,Pooja Iyer,Cash on Delivery
AMZ103134,2024-10-26,Grocery & Gourmet,Honey 500g,3.0,668.75,2006.25, West,Ananya Iyer,Amazon Pay
AMZ101499,2023-11-13,Electronics,Laptop Stand,8.0,525.67,4205.36, North,Deepak Menon,Credit Card
AMZ105391,2024-12-29,Sports & Fitness,Dumbbell Set,6.0,1539.14,9234.84,West,Meera Rao,Amazon Pay
AMZ101619,2023-06-21,Office Products,Stapler,6.0,888.7,5332.2,East,Nikhil Iyer,Amazon Pay
AMZ105540,2024-11-09,Sports & Fitness,Yoga Mat,10.0,3062.07,30620.7,South ,Pooja Bose,Credit Card
AMZ100951,2024-12-13,Clothing,Denim Jacket,3.0,1707.54,5122.62,,Lakshmi Nair,Cash on Delivery
AMZ100852,2023-11-05,Toys & Games,Remote Control Car,2.0,1856.49,3712.98,north,Manoj Rao,Net Banking
AMZ103737,2024-01-25,Furniture,Bean Bag,3.0,4999.39,14998.17,CENTRAL ,Aditya Pillai,Net Banking
AMZ101044,2023-09-02,Electronics,Wireless Mouse,9.0,5037.7,45339.3,east,Isha Malhotra,Cash on Delivery
AMZ102828,2024-10-08,Sports & Fitness,Skipping Rope,3.0,1212.4,3637.2, West,Zoya Kumar,Cash on Delivery
AMZ102023,2023-08-31,Grocery & Gourmet,Instant Coffee Jar,10.0,397.34,3973.4, North,Manoj Bhatt,Net Banking
AMZ103101,2023-03-15,Clothing,Running Shoes,3.0,314.07,942.21,East,Tanvi Kapoor,Net Banking
AMZ103400,2024-12-19,Toys & Games,Puzzle 1000pc,2.0,532.01,1064.02, North,Meera Chatterjee,Debit Card
AMZ100611,2023-07-08,Office Products,Notebook Pack,4.0,609.25,2437.0,South ,Vikram Kapoor,UPI
AMZ104406,2023-10-19,Office Products,Printer Paper A4,10.0,278.66,2786.6,central,Tanvi Rao,Cash on Delivery
AMZ102117,2024-06-04,Grocery & Gourmet,Almonds 500g,3.0,127.56,382.68,East,Kavya Kapoor,Debit Card
AMZ104715,2024-07-07,Beauty & Personal Care,Sunscreen SPF50,2.0,1510.1,3020.2,West,Deepak Iyer,Debit Card
AMZ101495,2023-11-01,Sports & Fitness,Badminton Racket,1.0,584.1,584.1,West,Tanvi Kapoor,Amazon Pay
AMZ105078,2023-03-07,Books,Fiction Novel,1.0,550.45,550.45, North,Kavya Iyer,Credit Card
AMZ100327,2023-08-10,Electronics,Wireless Earbuds,10.0,4914.32,49143.2, North,Yash Joshi,Credit Card
AMZ100494,2024-05-12,Electronics,Mechanical Keyboard,6.0,1085.85,6515.1,North,Sneha Verma,Net Banking
AMZ104688,2023-02-10,Furniture,Bean Bag,2.0,2070.19,4140.38,east,Nikhil Malhotra,Credit Card
AMZ103366,2024-07-20,Books,Cookbook,7.0,625.15,4376.05, West,Ritu Kapoor,Net Banking
AMZ100056,2023-03-27,Beauty & Personal Care,Face Serum,4.0,808.68,3234.72,,Anusha Kumar,Net Banking
AMZ103755,2024-02-28,Electronics,USB-C Cable,6.0,2970.34,17822.04,west,Shreya Menon,Debit Card
AMZ101727,2023-11-22,Home & Kitchen,Non-Stick Pan Set,4.0,558.4,2233.6,Central,Sneha Verma,Cash on Delivery
AMZ102728,2023-06-03,Sports & Fitness,Resistance Bands,7.0,318.36,2228.52,north,Manoj Reddy,UPI
AMZ105588,2024-02-13,Clothing,Denim Jacket,7.0,2415.33,16907.31,central,Ritu Iyer,Debit Card
AMZ104204,2023-10-12,Clothing,Running Shoes,1.0,1369.54,1369.54, West,Sanjay Iyer,Net Banking
AMZ101006,2023-02-10,Office Products,Gel Pens Set,9.0,672.19,6049.71,west,Deepak Verma,Net Banking
AMZ104982,2024-06-12,Sports & Fitness,Yoga Mat,3.0,2196.15,6588.45,Central,Imran Kumar,Net Banking
AMZ101355,2023-08-12,Books,Children's Story Book,7.0,568.51,3979.57,NORTH,Neha Bose,Net Banking
AMZ104584,2024-07-26,Clothing,Running Shoes,6.0,1040.07,6240.42,central,Vikram Kumar,Cash on Delivery
AMZ101554,2023-09-25,Furniture,Office Chair,9.0,10547.09,94923.81,EAST,Suresh Das,Credit Card
AMZ103027,2024-11-04,Office Products,Stapler,2.0,486.74,973.48,North,Yash Rao,Net Banking
AMZ101108,2024-04-08,Clothing,Men's T-Shirt,5.0,393.34,1966.7,South,,Amazon Pay
AMZ104161,2023-04-04,Sports & Fitness,Dumbbell Set,2.0,635.7,1271.4,North,Farhan Bose,Cash on Delivery
AMZ104321,2024-05-04,Grocery & Gourmet,Instant Coffee Jar,2.0,888.91,1777.82,North,Ananya Pillai,Cash on Delivery
AMZ103863,2023-04-23,Toys & Games,Remote Control Car,8.0,1190.03,9520.24,west,Isha Singh,Cash on Delivery
AMZ100138,2023-08-24,Toys & Games,Puzzle 1000pc,3.0,847.45,2542.35,Central,Isha Reddy,Net Banking
AMZ101849,2024-07-20,Sports & Fitness,Cricket Bat,3.0,3115.57,9346.71,East,Priya Chatterjee,Debit Card
AMZ102580,2023-10-26,Clothing,Casual Sneakers,1.0,1382.78,1382.78,CENTRAL ,Neha Rao,UPI
AMZ102923,2023-11-14,Books,Self-Help Book,1.0,833.55,833.55,west,Sanjay Bhatt,Credit Card
AMZ101402,2023-05-08,Sports & Fitness,Resistance Bands,10.0,207.08,2070.8,east,Farhan Nair,Credit Card
AMZ101640,2024-06-02,Grocery & Gourmet,Instant Coffee Jar,9.0,417.03,3753.27,NORTH,Isha Pillai,UPI
AMZ104575,2024-06-09,Toys & Games,Soft Toy,1.0,561.49,561.49,South,Ananya Menon,Net Banking
AMZ101258,2024-03-29,Toys & Games,Building Blocks Set,3.0,660.49,1981.47,east,Shreya Chatterjee,Net Banking
AMZ100188,2024-10-14,Books,Children's Story Book,5.0,355.26,1776.3,South,Manoj Pillai,Cash on Delivery
AMZ102908,2023-11-30,Books,Children's Story Book,9.0,116.47,1048.23,central,Rahul Bose,Credit Card
AMZ105261,2024-02-06,Electronics,Laptop Stand,5.0,4835.4,24177.0,east,Meera Bhatt,Cash on Delivery
AMZ101063,2024-11-13,Grocery & Gourmet,Basmati Rice 5kg,8.0,832.88,6663.04,south,Tanvi Singh,Cash on Delivery
AMZ104263,2024-11-30,Home & Kitchen,Vacuum Cleaner,9.0,2447.28,22025.52,CENTRAL ,Aditya Bhatt,Net Banking
AMZ104344,2023-08-26,Clothing,Casual Sneakers,6.0,623.45,3740.7,central,Anusha Pillai,UPI
AMZ101744,2023-04-05,Toys & Games,Puzzle 1000pc,7.0,865.49,6058.43,west,Nikhil Pillai,UPI
AMZ100087,2023-11-08,Home & Kitchen,Non-Stick Pan Set,3.0,1392.11,4176.33,north,Yash Patel,Amazon Pay
AMZ100547,2024-05-01,Beauty & Personal Care,Perfume 100ml,3.0,1272.95,3818.85, North,Meera Bhatt,Net Banking
AMZ100863,2023-07-06,Office Products,Desk Organizer,10.0,897.71,8977.1,SOUTH,Priya Chatterjee,Cash on Delivery
AMZ102034,2023-12-20,Grocery & Gourmet,Basmati Rice 5kg,8.0,339.03,2712.24,east,Zoya Pillai,UPI
AMZ101659,2024-02-13,Books,Self-Help Book,3.0,338.02,1014.06,South ,Karthik Verma,Cash on Delivery
AMZ101959,2023-05-01,Sports & Fitness,Resistance Bands,5.0,802.35,4011.75,south,Pooja Reddy,Cash on Delivery
AMZ102249,2023-08-19,Electronics,Portable SSD,6.0,3560.51,21363.06,West,Deepak Malhotra,Credit Card
AMZ103300,2024-07-24,Clothing,Men's T-Shirt,7.0,738.29,5168.03,North,Lakshmi Rao,Cash on Delivery
AMZ101083,2023-04-20,Sports & Fitness,Badminton Racket,3.0,2465.77,7397.31,NORTH,Yash Agarwal,Cash on Delivery
AMZ105664,2023-01-31,Toys & Games,Soft Toy,1.0,400.48,400.48,north,Farhan Malhotra,UPI
AMZ105355,2023-12-28,Books,Programming Guide,9.0,844.48,7600.32,central,Farhan Kapoor,Amazon Pay
AMZ101213,2023-09-19,Sports & Fitness,Skipping Rope,9.0,1813.81,16324.29,North,Sneha Joshi,Credit Card
AMZ103498,2024-12-18,Office Products,Stapler,6.0,405.46,2432.76,CENTRAL ,Isha Bhatt,Amazon Pay
AMZ100565,2023-11-24,Home & Kitchen,Electric Kettle,3.0,2507.39,7522.17,SOUTH,Priya Kapoor,UPI
AMZ104430,2023-08-22,Toys & Games,Remote Control Car,9.0,759.34,6834.06,CENTRAL ,Imran Kumar,Credit Card
AMZ104156,2023-04-06,Toys & Games,Puzzle 1000pc,6.0,1745.89,10475.34, West,Arjun Gupta,Net Banking
AMZ102423,2023-11-14,Sports & Fitness,Cricket Bat,-3.0,632.92,1898.76,central,Meera Reddy,Debit Card
AMZ101199,2024-02-16,Books,Cookbook,9.0,870.18,7831.62,Central,Karthik Kumar,Net Banking
AMZ104308,2023-03-14,Sports & Fitness,Resistance Bands,9.0,2916.93,26252.37,East,Kavya Sharma,Debit Card
AMZ100177,2024-03-18,Beauty & Personal Care,Face Wash,4.0,1406.25,5625.0,central,,Net Banking
AMZ101973,2024-11-25,Electronics,Portable SSD,4.0,2616.45,10465.8, North,Vikram Bose,Debit Card
AMZ102087,2024-03-28,Sports & Fitness,Yoga Mat,9.0,756.28,6806.52,west,Lakshmi Joshi,Net Banking
AMZ104620,2024-02-23,Electronics,Mechanical Keyboard,9.0,5186.64,46679.76,north,Rohan Das,UPI
AMZ105003,2023-03-28,Home & Kitchen,Bed Sheet Set,5.0,4973.67,24868.35,west,Aditya Singh,Credit Card
AMZ100396,2024-09-19,Beauty & Personal Care,Perfume 100ml,6.0,1466.52,8799.12, West,Divya Kapoor,UPI
AMZ100858,2023-09-02,Home & Kitchen,LED Desk Lamp,8.0,1121.48,8971.84,,Vikram Verma,Credit Card
AMZ101385,2023-08-05,Beauty & Personal Care,Perfume 100ml,10.0,1747.11,17471.1,west,Lakshmi Joshi,Cash on Delivery
AMZ104381,2024-01-22,Clothing,Casual Sneakers,1.0,1082.2,1082.2,east,Manoj Sharma,Net Banking
AMZ101860,2024-12-26,Grocery & Gourmet,Almonds 500g,3.0,545.77,1637.31,CENTRAL ,Imran Patel,Debit Card
AMZ102431,2023-11-12,Home & Kitchen,Storage Containers,7.0,478.2,3347.4,east,Karthik Agarwal,Cash on Delivery
AMZ101291,2023-09-09,Books,Self-Help Book,1.0,633.09,633.09, West,Ritu Malhotra,Cash on Delivery
AMZ103961,2023-03-01,Books,Fiction Novel,1.0,700.93,700.93,CENTRAL ,Priya Kumar,Credit Card
AMZ104872,2023-04-25,Electronics,Smart Watch,9.0,3681.61,33134.49,SOUTH,Sneha Menon,Debit Card
AMZ103297,2023-09-30,Books,Biography,9.0,402.42,3621.78,south,Vivek Menon,Debit Card
AMZ105132,2023-09-24,Beauty & Personal Care,Face Wash,4.0,527.11,2108.44,EAST,Manoj Menon,UPI
AMZ100935,2023-07-27,Toys & Games,Remote Control Car,8.0,557.54,4460.32,central,Aditya Kapoor,Credit Card
AMZ104814,2024-07-13,Grocery & Gourmet,Green Tea Pack,9.0,739.06,6651.54,CENTRAL ,Priya Kumar,UPI
AMZ104720,2023-12-14,Books,Biography,10.0,801.96,8019.6,,Aditya Rao,UPI
AMZ104847,2024-07-02,Electronics,Wireless Earbuds,5.0,2149.82,10749.1,south,Ananya Bhatt,Cash on Delivery
AMZ104037,2023-03-21,Office Products,Desk Organizer,4.0,514.31,2057.24,central,Meera Singh,Amazon Pay
AMZ101642,2024-10-22,Home & Kitchen,Non-Stick Pan Set,9.0,3486.36,31377.24,South,Priya Iyer,Debit Card
AMZ105809,2023-02-13,Furniture,Bedside Table,4.0,6961.58,27846.32,west,Ritu Das,Credit Card
AMZ100329,2023-07-15,Clothing,Denim Jacket,7.0,496.25,3473.75,West,Rahul Chatterjee,Net Banking
AMZ103597,2024-08-17,Home & Kitchen,Non-Stick Pan Set,8.0,2263.34,18106.72,East,,Cash on Delivery
AMZ100868,2024-03-11,Toys & Games,Puzzle 1000pc,8.0,1964.37,15714.96, West,Sneha Verma,Credit Card
AMZ105105,2023-02-24,Grocery & Gourmet,Basmati Rice 5kg,9.0,333.57,3002.13,South ,Neha Bose,Debit Card
AMZ105563,2024-02-17,Electronics,Mechanical Keyboard,8.0,4858.22,38865.76,South,Tanvi Iyer,Credit Card
AMZ105740,2023-10-05,Clothing,Women's Kurti,10.0,1940.43,19404.3,CENTRAL ,Nikhil Gupta,Cash on Delivery
AMZ101821,2024-01-08,Electronics,Smart Watch,10.0,2384.72,23847.2,central,Sneha Gupta,Net Banking
AMZ102618,2023-11-14,Grocery & Gourmet,Instant Coffee Jar,10.0,421.86,4218.6,Central,Vikram Chatterjee,Debit Card
AMZ102814,2024-11-09,Toys & Games,Soft Toy,4.0,1969.73,7878.92,east,Zoya Bhatt,UPI
AMZ103929,2023-11-15,Grocery & Gourmet,Green Tea Pack,6.0,677.44,4064.64, North,Isha Bose,Amazon Pay
AMZ100148,2024-05-04,Furniture,Office Chair,5.0,1764.21,8821.05,CENTRAL ,Lakshmi Patel,Amazon Pay
AMZ102268,2023-10-15,Toys & Games,Puzzle 1000pc,9.0,1633.5,14701.5, North,Pooja Kumar,Net Banking
AMZ104795,2023-02-20,Beauty & Personal Care,Sunscreen SPF50,9.0,704.76,6342.84,East,Kavya Kapoor,Net Banking
AMZ100493,2023-12-30,Clothing,Yoga Pants,5.0,530.57,2652.85,east,Nikhil Gupta,Amazon Pay
AMZ100538,2024-04-08,Home & Kitchen,Electric Kettle,5.0,2500.85,12504.25, West,Pooja Nair,Credit Card
AMZ101404,2024-11-08,Electronics,USB-C Cable,5.0,1259.7,6298.5,South ,,Cash on Delivery
AMZ103293,2023-11-15,Sports & Fitness,Yoga Mat,9.0,1840.13,16561.17,east,Kavya Bose,Amazon Pay
AMZ100020,2023-03-14,Electronics,Action Camera,9.0,1057.05,9513.45,south,,Credit Card
AMZ100001,2024-08-19,Sports & Fitness,Dumbbell Set,1.0,438.04,438.04,West,Sanjay Iyer,
AMZ103453,2024-04-10,Home & Kitchen,Vacuum Cleaner,5.0,3672.15,18360.75,south,Farhan Kapoor,Credit Card
AMZ103933,2023-11-07,Sports & Fitness,Dumbbell Set,6.0,443.96,2663.76,north,Rahul Sharma,Credit Card
AMZ102732,2024-11-26,Grocery & Gourmet,Cooking Oil 1L,9.0,311.71,2805.39,SOUTH,Manoj Patel,UPI
AMZ100369,2024-03-09,Clothing,Running Shoes,9.0,1986.81,17881.29,SOUTH,Priya Verma,UPI
AMZ104917,2023-11-03,Home & Kitchen,Blender,3.0,2951.66,8854.98,west,Sneha Kumar,Credit Card
AMZ104315,2023-03-12,Toys & Games,Building Blocks Set,6.0,1146.23,6877.38,central,Zoya Gupta,Cash on Delivery
AMZ105792,2023-10-25,Furniture,Study Table,4.0,3010.95,12043.8,CENTRAL ,Shreya Reddy,Amazon Pay
AMZ101287,2024-04-11,Books,Biography,8.0,661.82,5294.56,NORTH,Deepak Kapoor,Credit Card
AMZ101792,2024-07-03,Electronics,Power Bank,1.0,2546.74,2546.74,east,Rahul Iyer,Credit Card
AMZ102607,2024-10-16,Furniture,Study Table,7.0,1721.4,12049.8,Central,Tanvi Das,UPI
AMZ100513,2023-03-02,Office Products,Printer Paper A4,10.0,665.15,6651.5,CENTRAL ,Yash Reddy,Credit Card
AMZ102362,2024-04-26,Sports & Fitness,Badminton Racket,8.0,3183.19,25465.52,NORTH,Isha Nair,
AMZ105365,2024-08-19,Sports & Fitness,Resistance Bands,2.0,2634.25,5268.5,SOUTH,Isha Menon,Cash on Delivery
AMZ102273,2023-03-29,Furniture,Office Chair,2.0,11271.16,22542.32,east,Anusha Menon,Net Banking
AMZ104381,2024-01-22,Clothing,Casual Sneakers,1.0,1082.2,1082.2,east,Manoj Sharma,Net Banking
AMZ100647,2024-05-19,Home & Kitchen,Vacuum Cleaner,3.0,4599.19,13797.57,west,Tanvi Bose,Net Banking
AMZ100505,2024-05-05,Grocery & Gourmet,Honey 500g,7.0,309.36,2165.52,Central,Sneha Chatterjee,Credit Card
AMZ105615,2023-02-12,Sports & Fitness,Resistance Bands,1.0,2407.96,2407.96,,Nikhil Bose,Credit Card
AMZ103662,2023-07-22,Electronics,Laptop Stand,1.0,654.14,654.14,South,Suresh Sharma,Debit Card
AMZ100353,2023-01-22,Toys & Games,Puzzle 1000pc,1.0,802.91,802.91,East,Manoj Kumar,Debit Card
AMZ101070,2024-07-23,Grocery & Gourmet,Basmati Rice 5kg,9.0,867.64,7808.76, North,Manoj Das,Cash on Delivery
AMZ102886,2024-07-19,Home & Kitchen,Blender,9.0,3111.25,28001.25,West,Nikhil Sharma,Debit Card
AMZ102240,2023-01-30,Electronics,Wireless Mouse,9.0,5588.78,50299.02,CENTRAL ,Ritu Sharma,UPI
AMZ104920,2023-09-12,Grocery & Gourmet,Green Tea Pack,5.0,329.91,1649.55,south,Deepak Chatterjee,Net Banking
AMZ105443,2023-03-10,Electronics,Bluetooth Speaker,5.0,4644.39,23221.95,East,Zoya Kumar,Amazon Pay
AMZ102978,2024-07-18,Home & Kitchen,LED Desk Lamp,10.0,4698.01,46980.1,EAST,Deepak Singh,Amazon Pay
AMZ101826,2024-12-02,Electronics,Smart Watch,10.0,2286.44,22864.4,CENTRAL ,Yash Gupta,Net Banking
AMZ101886,2024-07-29,Office Products,Printer Paper A4,3.0,513.7,1541.1,South,Isha Das,Net Banking
AMZ103552,2023-03-22,Toys & Games,Puzzle 1000pc,4.0,332.75,1331.0,Central,Zoya Singh,Cash on Delivery
AMZ100733,2024-01-16,Books,Cookbook,5.0,99.15,495.75,south,Yash Chatterjee,Debit Card
AMZ102509,2023-07-30,Clothing,Denim Jacket,5.0,1860.61,9303.05,South ,Manoj Rao,Cash on Delivery
AMZ101537,2024-05-08,Furniture,Bean Bag,8.0,5471.29,43770.32,EAST,Vivek Nair,Net Banking
AMZ103280,2024-03-27,Office Products,Printer Paper A4,6.0,585.07,3510.42, West,Anusha Rao,Cash on Delivery
AMZ103834,2023-10-12,Electronics,USB-C Cable,9.0,4166.88,37501.92,SOUTH,Manoj Menon,Amazon Pay
AMZ103674,2023-08-21,Sports & Fitness,Dumbbell Set,6.0,828.78,4972.68,east,Anusha Chatterjee,Net Banking
AMZ101247,2023-04-12,Furniture,Study Table,7.0,8400.89,58806.23, West,Shreya Chatterjee,Net Banking
AMZ103700,2023-12-27,Toys & Games,Soft Toy,4.0,1552.26,6209.04,CENTRAL ,Zoya Verma,Amazon Pay
AMZ103678,2023-12-24,Beauty & Personal Care,Lipstick Set,9.0,1956.74,17610.66,West,Rohan Kumar,Debit Card
AMZ104129,2023-02-20,Beauty & Personal Care,Face Serum,6.0,1230.22,7381.32,CENTRAL ,Sanjay Verma,Cash on Delivery
AMZ105390,2024-02-23,Books,Fiction Novel,3.0,396.91,1190.73,CENTRAL ,Sanjay Kapoor,Debit Card
AMZ101204,2023-09-13,Office Products,Whiteboard Marker Set,8.0,287.36,2298.88,east,Vivek Patel,Amazon Pay
AMZ103318,2024-07-21,Grocery & Gourmet,Basmati Rice 5kg,2.0,450.29,900.58,CENTRAL ,Rahul Reddy,Debit Card
AMZ101040,2024-07-28,Clothing,Men's T-Shirt,1.0,2131.89,2131.89, West,Rohan Bhatt,Credit Card
AMZ101408,2024-07-21,Toys & Games,Building Blocks Set,1.0,1644.2,1644.2,central,Imran Rao,Net Banking
AMZ101231,2023-02-24,Clothing,Casual Sneakers,10.0,1794.73,17947.3, West,Farhan Kumar,Net Banking
AMZ102444,2024-03-03,Books,Programming Guide,4.0,734.13,2936.52,EAST,Sanjay Chatterjee,UPI
AMZ100510,2023-09-02,Furniture,Study Table,9.0,5229.33,47063.97,Central,Vikram Reddy,Amazon Pay
AMZ103005,2023-12-17,Home & Kitchen,LED Desk Lamp,7.0,4905.11,34335.77,NORTH,Sanjay Kumar,Cash on Delivery
AMZ103545,2023-07-05,Sports & Fitness,Skipping Rope,8.0,789.29,6314.32,east,Pooja Sharma,Credit Card
AMZ104475,2024-03-03,Grocery & Gourmet,Green Tea Pack,2.0,182.93,365.86, West,Arjun Iyer,Amazon Pay
AMZ103175,2024-12-01,Grocery & Gourmet,Green Tea Pack,9.0,496.89,4472.01,West,Rohan Joshi,Cash on Delivery
AMZ105808,2024-06-10,Beauty & Personal Care,Lipstick Set,2.0,506.46,1012.92,East,Isha Joshi,Cash on Delivery
AMZ101649,2023-08-23,Books,Biography,2.0,638.05,1276.1,East,Farhan Rao,Cash on Delivery
AMZ101475,2023-12-24,Beauty & Personal Care,Hair Dryer,1.0,714.98,714.98,West,Meera Rao,Cash on Delivery
AMZ101184,2023-01-05,Beauty & Personal Care,Hair Dryer,10.0,1339.14,13391.4,west,Vikram Menon,Debit Card
AMZ103339,2023-09-12,Toys & Games,Soft Toy,5.0,325.0,1625.0,south,Deepak Rao,Debit Card
AMZ100604,2023-05-20,Grocery & Gourmet,Green Tea Pack,3.0,603.86,1811.58,SOUTH,Farhan Sharma,Net Banking
AMZ101923,2024-07-03,Furniture,Bedside Table,8.0,6795.48,54363.84,NORTH,Divya Das,Credit Card
AMZ104007,2023-11-19,Office Products,Gel Pens Set,3.0,159.21,477.63,SOUTH,Tanvi Patel,Credit Card
AMZ102167,2024-08-27,Home & Kitchen,Blender,8.0,2643.08,21144.64,SOUTH,Aditya Malhotra,Credit Card
AMZ104335,2023-06-11,Beauty & Personal Care,Sunscreen SPF50,9.0,512.77,4614.93,west,Manoj Kumar,Net Banking
AMZ104840,2023-05-11,Sports & Fitness,Yoga Mat,1.0,3015.78,3015.78,east,Aditya Menon,Debit Card
AMZ104132,2023-07-15,Clothing,Women's Kurti,-7.0,1416.49,9915.43,east,Manoj Bhatt,UPI
AMZ105688,2024-07-30,Home & Kitchen,Non-Stick Pan Set,2.0,4294.7,8589.4,CENTRAL ,Deepak Chatterjee,UPI
AMZ103416,2024-06-24,Home & Kitchen,Storage Containers,3.0,4043.94,12131.82,east,Karthik Kapoor,Debit Card
AMZ101922,2024-04-15,Furniture,Bedside Table,9.0,8302.52,74722.68,East,Ananya Reddy,Net Banking
AMZ103122,2024-06-22,Furniture,Office Chair,10.0,6429.0,64290.0, West,Anusha Bhatt,Credit Card
AMZ101379,2023-11-10,Books,Cookbook,8.0,452.15,3617.2,CENTRAL ,Ananya Das,Debit Card
AMZ101123,2024-02-13,Toys & Games,Building Blocks Set,7.0,361.14,2527.98,CENTRAL ,Suresh Nair,Credit Card
AMZ102031,2023-12-14,Books,Fiction Novel,4.0,717.85,2871.4,north,Ananya Malhotra,Amazon Pay
AMZ104278,2023-09-29,Clothing,Denim Jacket,5.0,2414.34,12071.7,south,Anusha Joshi,Cash on Delivery
AMZ104327,2024-11-14,Books,Fiction Novel,8.0,305.9,2447.2,north,Yash Reddy,Net Banking
AMZ102520,2024-09-14,Beauty & Personal Care,Face Wash,2.0,299.7,599.4,Central,Priya Kapoor,UPI
AMZ102784,2024-08-09,Office Products,Desk Organizer,2.0,484.22,968.44,north,Priya Pillai,Amazon Pay
AMZ102136,2024-02-08,Toys & Games,Puzzle 1000pc,8.0,1812.12,14496.96,CENTRAL ,Deepak Bose,Net Banking
AMZ101465,2023-03-08,Books,Programming Guide,4.0,817.59,3270.36,east,Anusha Rao,Net Banking
AMZ100481,2024-09-11,Books,Self-Help Book,-10.0,816.01,8160.1, West,Shreya Reddy,Cash on Delivery
AMZ102574,2023-04-05,Grocery & Gourmet,Cooking Oil 1L,5.0,652.88,3264.4,north,Rahul Rao,Debit Card
AMZ100446,2023-12-19,Electronics,Bluetooth Speaker,3.0,4534.65,13603.95,south,Deepak Gupta,
AMZ102708,2024-09-22,Office Products,Stapler,7.0,555.43,3888.01,,Shreya Agarwal,Credit Card
AMZ103391,2023-01-28,Electronics,Laptop Stand,4.0,5596.11,22384.44,east,Priya Kumar,Debit Card
AMZ102981,2023-01-20,Toys & Games,Building Blocks Set,8.0,1083.41,8667.28,Central,Lakshmi Patel,Amazon Pay
AMZ103634,2024-07-26,Toys & Games,Board Game,8.0,1152.85,9222.8,North,Tanvi Nair,Debit Card
AMZ103587,2023-01-30,Books,Self-Help Book,10.0,723.14,7231.4,North,Zoya Iyer,Credit Card
AMZ101050,2024-09-07,Office Products,Desk Organizer,2.0,628.79,1257.58,East,Ritu Malhotra,Amazon Pay
AMZ100244,2023-07-04,Sports & Fitness,Skipping Rope,7.0,919.27,6434.89,north,Ananya Gupta,Debit Card
AMZ103299,2024-02-11,Home & Kitchen,Storage Containers,9.0,1563.65,14072.85,CENTRAL ,Meera Kumar,Debit Card
AMZ102220,2023-08-19,Clothing,Denim Jacket,1.0,1303.27,1303.27,EAST,Imran Gupta,Cash on Delivery
AMZ102986,2024-11-01,Toys & Games,Puzzle 1000pc,1.0,1131.96,1131.96,Central,Rahul Joshi,Net Banking
AMZ101520,2024-12-04,Books,Programming Guide,8.0,694.79,5558.32,West,Ananya Malhotra,Cash on Delivery
AMZ105188,2023-01-10,Electronics,Bluetooth Speaker,9.0,5953.44,53580.96,East,Deepak Chatterjee,Cash on Delivery
AMZ104515,2024-03-23,Toys & Games,Puzzle 1000pc,6.0,977.41,5864.46,west,Isha Agarwal,Net Banking
AMZ102382,2023-07-20,Sports & Fitness,Resistance Bands,6.0,2912.53,17475.18,north,Vivek Nair,UPI
AMZ104174,2023-01-22,Toys & Games,Board Game,3.0,1864.17,5592.51,,Shreya Kapoor,Net Banking
AMZ100999,2023-04-18,Clothing,Yoga Pants,8.0,1862.77,14902.16,South,Tanvi Rao,Debit Card
AMZ104516,2024-05-08,Electronics,Action Camera,6.0,1244.45,7466.7,CENTRAL ,Farhan Kapoor,Cash on Delivery
AMZ104671,2024-02-08,Clothing,Women's Kurti,6.0,2168.03,13008.18,central,Sanjay Kapoor,UPI
AMZ104239,2023-09-15,Books,Self-Help Book,7.0,254.22,1779.54,South,Vikram Sharma,Credit Card
AMZ101735,2024-03-19,Beauty & Personal Care,Face Wash,5.0,584.64,2923.2,,Yash Singh,Net Banking
AMZ105565,2023-08-29,Furniture,Bean Bag,9.0,10321.85,92896.65,East,Meera Gupta,Credit Card
AMZ102218,2024-04-01,Electronics,Laptop Stand,1.0,3414.17,3414.17,east,Pooja Kumar,UPI
AMZ102927,2024-04-25,Electronics,Smart Watch,2.0,2607.14,5214.28,South,Neha Reddy,Debit Card
AMZ104948,2024-12-05,Home & Kitchen,Bed Sheet Set,10.0,2794.21,27942.1,north,Aditya Iyer,Cash on Delivery
AMZ105094,2024-12-17,Office Products,Printer Paper A4,10.0,491.4,4914.0,South,Imran Kapoor,Credit Card
AMZ101874,2024-01-03,Furniture,Bookshelf,10.0,12204.02,122040.2,South,Sneha Singh,Credit Card
AMZ100012,2023-03-02,Toys & Games,Puzzle 1000pc,8.0,838.84,6710.72,north,Vivek Iyer,Net Banking
AMZ101131,2024-03-05,Sports & Fitness,Resistance Bands,9.0,686.45,6178.05, West,Imran Kapoor,UPI
AMZ102202,2024-02-07,Beauty & Personal Care,Face Serum,5.0,621.73,3108.65,,Zoya Menon,Net Banking
AMZ104143,2023-02-12,Beauty & Personal Care,Trimmer,7.0,982.34,6876.38, North,Shreya Kumar,Debit Card
AMZ103402,2023-02-19,Books,Fiction Novel,1.0,211.94,211.94,SOUTH,Priya Bose,Net Banking
AMZ100674,2024-08-19,Clothing,Men's T-Shirt,2.0,2062.88,4125.76,NORTH,Rohan Patel,Debit Card
AMZ104937,2024-02-22,Home & Kitchen,Air Fryer,10.0,3391.22,33912.2,central,Karthik Bhatt,Debit Card
AMZ100033,2023-12-29,Grocery & Gourmet,Green Tea Pack,6.0,306.49,1838.94,central,Suresh Nair,Credit Card
AMZ104966,2024-09-09,Books,Programming Guide,5.0,639.32,3196.6,west,Neha Bose,Debit Card
AMZ100417,2023-11-08,Books,Biography,9.0,807.64,7268.76,West,Deepak Patel,UPI
AMZ103158,2023-09-23,Electronics,Smart Watch,8.0,5097.87,40782.96,South ,Meera Agarwal,Net Banking
AMZ100470,2024-11-28,Books,Cookbook,10.0,355.72,3557.2,SOUTH,Pooja Joshi,Credit Card
AMZ104096,2023-05-25,Books,Children's Story Book,7.0,,,,Ritu Agarwal,Debit Card
AMZ105281,2024-10-07,Furniture,Study Table,8.0,10061.71,80493.68,South,Meera Verma,Debit Card
AMZ100880,2024-09-08,Electronics,Laptop Stand,1.0,4075.32,4075.32,North,Zoya Nair,Credit Card
AMZ102447,2023-10-19,Toys & Games,Board Game,7.0,1970.41,13792.87,NORTH,Priya Chatterjee,Net Banking
AMZ103004,2024-08-07,Books,Cookbook,1.0,468.64,468.64,NORTH,Farhan Pillai,Debit Card
AMZ105685,2023-07-02,Furniture,Office Chair,2.0,4634.73,9269.46,West,Karthik Rao,Debit Card
AMZ102636,2023-10-12,Grocery & Gourmet,Instant Coffee Jar,6.0,663.99,3983.94,Central,Rohan Bose,Net Banking
AMZ104168,2024-06-13,Beauty & Personal Care,Hair Dryer,10.0,1337.52,13375.2,SOUTH,Karthik Bhatt,Debit Card
AMZ104060,2023-01-08,Grocery & Gourmet,Honey 500g,9.0,658.38,5925.42,West,Sneha Menon,Amazon Pay
AMZ103636,2024-11-09,Furniture,Study Table,10.0,11041.07,110410.7,central,Pooja Kumar,Credit Card
AMZ105140,2024-04-09,Clothing,Denim Jacket,8.0,2141.99,17135.92,west,Suresh Bose,Credit Card
AMZ100575,2023-04-02,Books,Cookbook,9.0,675.95,6083.55,east,Rahul Bhatt,UPI
AMZ102526,2024-05-29,Office Products,Desk Organizer,1.0,449.45,449.45, West,Tanvi Bose,Net Banking
AMZ100663,2024-05-30,Toys & Games,Puzzle 1000pc,1.0,599.18,599.18,West,Deepak Patel,Net Banking
AMZ102569,2023-12-15,Beauty & Personal Care,Face Serum,8.0,1275.38,10203.04,EAST,Tanvi Nair,Cash on Delivery
AMZ103140,2024-01-19,Home & Kitchen,Air Fryer,10.0,2183.43,21834.3,,Sneha Iyer,UPI
AMZ103424,2023-03-23,Home & Kitchen,Blender,4.0,2005.82,8023.28,SOUTH,Ananya Joshi,Cash on Delivery
AMZ100092,2024-11-29,Toys & Games,Puzzle 1000pc,8.0,260.38,2083.04,South ,Neha Pillai,UPI
AMZ101571,2023-03-20,Grocery & Gourmet,Cooking Oil 1L,8.0,681.32,5450.56,east,Pooja Gupta,Cash on Delivery
AMZ100279,2024-06-13,Furniture,Bean Bag,9.0,10280.78,92527.02,,Sanjay Bhatt,Net Banking
AMZ100630,2024-05-23,Toys & Games,Soft Toy,1.0,1845.7,1845.7,south,Sanjay Kapoor,Debit Card
AMZ105507,2024-03-21,Beauty & Personal Care,Lipstick Set,-1.0,923.49,923.49,South ,Kavya Bose,Cash on Delivery
AMZ105275,2023-11-01,Electronics,Laptop Stand,10.0,3792.41,37924.1,West,Ananya Patel,Amazon Pay
AMZ100294,2023-09-07,Toys & Games,Soft Toy,7.0,755.48,5288.36,South,Tanvi Bose,Credit Card
AMZ101656,2024-12-10,Furniture,Office Chair,1.0,4619.08,4619.08,west,Kavya Bhatt,Amazon Pay
AMZ104749,2023-08-14,Books,Cookbook,10.0,215.79,2157.9,Central,Yash Bose,Debit Card
AMZ103270,2023-04-08,Electronics,Smart Watch,4.0,5848.9,23395.6,Central,Priya Reddy,Debit Card
AMZ100398,2024-01-08,Sports & Fitness,Cricket Bat,8.0,2082.33,16658.64,CENTRAL ,Sneha Reddy,Cash on Delivery
AMZ101008,2023-01-12,Clothing,Formal Shirt,9.0,,,east,Imran Singh,UPI
AMZ103853,2023-10-05,Grocery & Gourmet,Green Tea Pack,5.0,502.8,2514.0,west,Priya Das,Amazon Pay
AMZ102983,2023-07-16,Sports & Fitness,Cricket Bat,8.0,2657.83,21262.64,SOUTH,Ritu Verma,Cash on Delivery
AMZ102773,2024-09-12,Office Products,Stapler,8.0,307.11,2456.88,North,Lakshmi Menon,Credit Card
AMZ105236,2023-03-15,Toys & Games,Board Game,10.0,1555.73,15557.3,South ,Shreya Kapoor,Net Banking
AMZ105417,2024-04-30,Furniture,Bean Bag,2.0,2955.09,5910.18,CENTRAL ,Divya Bose,UPI
AMZ103262,2024-06-08,Grocery & Gourmet,Cooking Oil 1L,5.0,287.75,1438.75, West,Meera Nair,Amazon Pay
AMZ105506,2023-04-27,Furniture,Study Table,,6203.42,,East,Vikram Das,Cash on Delivery
AMZ105084,2024-10-19,Electronics,Power Bank,7.0,5175.77,36230.39,East,Nikhil Agarwal,Amazon Pay
AMZ102152,2023-12-28,Beauty & Personal Care,Lipstick Set,9.0,763.47,6871.23,north,Meera Kapoor,Amazon Pay
AMZ101711,2024-11-06,Office Products,Gel Pens Set,3.0,920.96,2762.88,west,Lakshmi Patel,Amazon Pay
AMZ100610,2024-10-12,Beauty & Personal Care,Sunscreen SPF50,6.0,1292.69,7756.14,West,Aditya Das,Debit Card
AMZ101228,2023-06-20,Toys & Games,Building Blocks Set,6.0,935.28,5611.68,CENTRAL ,Sneha Verma,Credit Card
AMZ103988,2023-12-20,Clothing,Men's T-Shirt,3.0,1142.07,3426.21,,Kavya Chatterjee,Net Banking
AMZ101200,2023-09-07,Home & Kitchen,Vacuum Cleaner,8.0,1335.93,10687.44,South,Vikram Agarwal,Cash on Delivery
AMZ104654,2024-04-24,Electronics,Power Bank,7.0,5298.09,37086.63,SOUTH,Sneha Bhatt,Debit Card
AMZ101279,2024-11-19,Home & Kitchen,Electric Kettle,6.0,2629.54,15777.24,East,Manoj Bhatt,
AMZ105501,2023-12-02,Electronics,Power Bank,8.0,2287.67,18301.36,West,Manoj Malhotra,Debit Card
AMZ100271,2024-11-24,Grocery & Gourmet,Cooking Oil 1L,6.0,687.33,4123.98, West,Vikram Kapoor,Debit Card
AMZ102532,2024-05-17,Furniture,Study Table,5.0,7860.14,39300.7,east,Nikhil Verma,Cash on Delivery
AMZ101250,2023-07-05,Beauty & Personal Care,Perfume 100ml,8.0,895.3,7162.4,east,Suresh Agarwal,Amazon Pay
AMZ101128,2024-04-23,Clothing,Yoga Pants,5.0,709.27,3546.35,South,Neha Chatterjee,Net Banking
AMZ102287,2024-07-07,Beauty & Personal Care,Sunscreen SPF50,9.0,1223.71,11013.39,NORTH,Rahul Kumar,Cash on Delivery
AMZ103934,2023-07-27,Toys & Games,Remote Control Car,9.0,1734.82,15613.38,south,Pooja Gupta,Net Banking
AMZ102837,2023-09-20,Electronics,Bluetooth Speaker,7.0,898.24,6287.68,NORTH,Anusha Kumar,UPI
AMZ105184,2024-11-20,Beauty & Personal Care,Face Wash,7.0,1946.72,13627.04,EAST,Meera Bhatt,Cash on Delivery
AMZ100695,2023-08-06,Furniture,Bookshelf,10.0,2079.08,20790.8,central,Pooja Iyer,Debit Card
AMZ103996,2024-02-17,Toys & Games,Remote Control Car,1.0,605.88,605.88,EAST,Shreya Malhotra,
AMZ105245,2023-06-29,Beauty & Personal Care,Face Wash,10.0,251.53,2515.3,south,Zoya Verma,Cash on Delivery
AMZ104072,2024-06-01,Office Products,Printer Paper A4,5.0,387.07,1935.35,West,Karthik Bhatt,Credit Card
AMZ105730,2024-04-24,Furniture,Study Table,5.0,7015.65,35078.25,East,Shreya Bhatt,Cash on Delivery
AMZ102409,2024-05-04,Home & Kitchen,LED Desk Lamp,9.0,2386.92,21482.28,,Neha Nair,Debit Card
AMZ102935,2024-01-04,Electronics,Mechanical Keyboard,3.0,1759.04,5277.12,CENTRAL ,Tanvi Singh,Net Banking
AMZ104837,2024-03-08,Toys & Games,Puzzle 1000pc,5.0,414.99,2074.95,West,Pooja Malhotra,
AMZ100825,2024-11-12,Electronics,Mechanical Keyboard,6.0,3094.02,18564.12,south,Anusha Menon,UPI
AMZ104339,2024-07-28,Electronics,Action Camera,3.0,5581.99,16745.97, West,Rahul Bhatt,Credit Card
AMZ101140,2024-09-05,Office Products,Desk Organizer,3.0,800.59,2401.77,SOUTH,,UPI
AMZ100624,2023-04-06,Home & Kitchen,Air Fryer,4.0,486.37,1945.48, West,Manoj Joshi,Net Banking
AMZ100813,2024-04-01,Grocery & Gourmet,Instant Coffee Jar,6.0,299.03,1794.18,West,Neha Bose,Amazon Pay
AMZ104794,2024-02-21,Office Products,Notebook Pack,9.0,605.47,5449.23,CENTRAL ,Rohan Verma,Cash on Delivery
AMZ101034,2023-10-11,Books,Cookbook,10.0,799.93,7999.3,Central,Aditya Agarwal,Amazon Pay
AMZ103393,2024-08-01,Beauty & Personal Care,Hair Dryer,4.0,453.5,1814.0,EAST,Vivek Sharma,Amazon Pay
AMZ104758,2023-01-05,Beauty & Personal Care,Hair Dryer,6.0,1937.41,11624.46,south,Farhan Sharma,Amazon Pay
AMZ103189,2024-01-20,Books,Self-Help Book,3.0,377.88,1133.64,EAST,Rohan Bhatt,
AMZ105403,2023-04-28,Books,Children's Story Book,9.0,807.1,7263.9,East,Arjun Pillai,Net Banking
AMZ105711,2023-07-09,Furniture,Bookshelf,2.0,6782.78,13565.56,east,Lakshmi Kumar,Cash on Delivery
AMZ102918,2024-02-05,Books,Programming Guide,8.0,619.66,4957.28,NORTH,Deepak Kapoor,Cash on Delivery
AMZ105073,2023-03-01,Furniture,Study Table,6.0,7465.59,44793.54,South,Manoj Kapoor,Cash on Delivery
AMZ102276,2023-02-24,Grocery & Gourmet,Green Tea Pack,9.0,606.94,5462.46,EAST,Lakshmi Kumar,Credit Card
AMZ100592,2023-11-24,Clothing,Running Shoes,6.0,1774.92,10649.52,Central,Rahul Verma,Debit Card
AMZ102398,2023-12-20,Home & Kitchen,Electric Kettle,1.0,1053.32,1053.32,West,Rahul Sharma,UPI
AMZ103945,2023-01-12,Home & Kitchen,Air Fryer,5.0,3794.59,18972.95,Central,Isha Sharma,UPI
AMZ100958,2024-10-31,Books,Programming Guide,1.0,456.65,456.65,west,Karthik Kapoor,Credit Card
AMZ102903,2023-11-11,Beauty & Personal Care,Lipstick Set,10.0,1065.47,10654.7,east,Anusha Verma,
AMZ101648,2023-06-26,Office Products,Printer Paper A4,3.0,720.36,2161.08,South,Deepak Patel,Debit Card
AMZ103511,2024-09-10,Beauty & Personal Care,Face Wash,1.0,1274.92,1274.92,SOUTH,Pooja Patel,Cash on Delivery
AMZ102245,2024-07-01,Toys & Games,Soft Toy,5.0,1489.56,7447.8,North,Sanjay Rao,Amazon Pay
AMZ104298,2024-03-26,Clothing,Denim Jacket,8.0,530.14,4241.12,NORTH,Deepak Patel,Debit Card
AMZ102770,2023-12-07,Electronics,Mechanical Keyboard,2.0,2765.78,5531.56,North,Karthik Kapoor,UPI
AMZ105047,2024-09-19,Books,Children's Story Book,2.0,714.42,1428.84,EAST,Neha Gupta,Debit Card
AMZ102862,2024-06-11,Books,Children's Story Book,3.0,185.84,557.52, West,Ritu Pillai,Credit Card
AMZ103250,2023-07-08,Toys & Games,Board Game,4.0,1933.73,7734.92, North,Yash Chatterjee,Cash on Delivery
AMZ104942,2023-09-29,Furniture,Bookshelf,2.0,11342.53,22685.06,north,Farhan Reddy,Credit Card
AMZ103408,2024-05-21,Sports & Fitness,Dumbbell Set,4.0,2905.7,11622.8, West,Vivek Bhatt,Debit Card
AMZ103042,2023-04-11,Electronics,Wireless Mouse,5.0,2619.54,13097.7,East,Tanvi Bose,Cash on Delivery
AMZ104285,2024-04-27,Clothing,Yoga Pants,2.0,1861.71,3723.42, West,Yash Pillai,UPI
AMZ102650,2023-01-03,Beauty & Personal Care,Face Serum,7.0,1077.75,7544.25,west,Farhan Nair,UPI
AMZ102456,2023-10-15,Office Products,Gel Pens Set,1.0,691.24,691.24,SOUTH,Sneha Reddy,Debit Card
AMZ101152,2024-01-22,Sports & Fitness,Badminton Racket,8.0,3207.99,25663.92,south,Suresh Menon,Amazon Pay
AMZ103964,2024-01-04,Home & Kitchen,Vacuum Cleaner,10.0,4212.61,42126.1,North,Tanvi Kumar,Cash on Delivery
AMZ102946,2024-12-29,Toys & Games,Remote Control Car,6.0,1282.15,7692.9,West,Imran Agarwal,Net Banking
AMZ103369,2023-12-27,Office Products,Gel Pens Set,8.0,689.11,5512.88,CENTRAL ,Karthik Patel,Debit Card
AMZ102340,2023-06-04,Books,Programming Guide,7.0,521.4,3649.8,Central,Aditya Pillai,Credit Card
AMZ103039,2024-10-31,Home & Kitchen,Bed Sheet Set,4.0,3217.59,12870.36,north,Farhan Patel,UPI
AMZ105354,2024-08-19,Sports & Fitness,Cricket Bat,6.0,244.27,1465.62, West,Ananya Pillai,Credit Card
AMZ101166,2023-10-17,Office Products,Whiteboard Marker Set,6.0,100.73,604.38,South ,Meera Joshi,Cash on Delivery
AMZ105043,2023-01-31,Books,Biography,3.0,727.39,2182.17,South,Pooja Agarwal,Credit Card
AMZ104264,2023-11-19,Office Products,Printer Paper A4,2.0,493.26,986.52, North,Farhan Chatterjee,Amazon Pay
AMZ101491,2023-06-16,Clothing,Casual Sneakers,5.0,1328.55,6642.75,CENTRAL ,Sneha Bhatt,Cash on Delivery
AMZ102327,2023-01-06,Sports & Fitness,Badminton Racket,5.0,310.43,1552.15,north,Nikhil Rao,Amazon Pay
AMZ100714,2023-09-02,Furniture,Office Chair,2.0,10961.34,21922.68,West,Shreya Chatterjee,Cash on Delivery
AMZ105336,2023-01-29,Books,Children's Story Book,6.0,744.74,4468.44,NORTH,Meera Nair,Cash on Delivery
AMZ104127,2023-09-21,Furniture,Study Table,5.0,4968.35,24841.75, North,Sanjay Sharma,Debit Card
AMZ102412,2024-08-21,Toys & Games,Building Blocks Set,5.0,1732.31,8661.55,West,Manoj Gupta,Net Banking
AMZ103722,2023-05-04,Office Products,Stapler,2.0,958.1,1916.2,west,Priya Verma,Debit Card
AMZ103875,2024-08-08,Electronics,Smart Watch,3.0,5495.77,16487.31,SOUTH,Ritu Iyer,Amazon Pay
AMZ105776,2023-05-06,Home & Kitchen,Non-Stick Pan Set,5.0,2260.57,11302.85,East,Pooja Kumar,Net Banking
AMZ102144,2024-12-10,Sports & Fitness,Skipping Rope,4.0,3244.41,12977.64,South,Nikhil Das,Debit Card
AMZ102554,2024-10-13,Toys & Games,Puzzle 1000pc,4.0,1034.54,4138.16,north,Farhan Patel,Cash on Delivery
AMZ102191,2023-05-03,Clothing,Running Shoes,3.0,2214.87,6644.61,south,Nikhil Reddy,Debit Card
AMZ103553,2024-12-07,Clothing,Formal Shirt,1.0,2454.95,2454.95,CENTRAL ,,UPI
AMZ101269,2024-08-03,Toys & Games,Puzzle 1000pc,9.0,357.17,3214.53,South ,Zoya Singh,Debit Card
AMZ100894,2024-01-08,Electronics,Power Bank,5.0,3573.29,17866.45,east,Farhan Bose,Credit Card
AMZ101873,2024-04-29,Office Products,Gel Pens Set,9.0,769.85,6928.65,EAST,Zoya Verma,Cash on Delivery
AMZ103236,2024-12-06,Electronics,Action Camera,2.0,3014.76,6029.52,CENTRAL ,Nikhil Malhotra,Cash on Delivery
AMZ104092,2023-03-11,Home & Kitchen,Storage Containers,3.0,3639.66,10918.98,south,Arjun Bhatt,Cash on Delivery
AMZ101082,2024-11-03,Furniture,Bedside Table,9.0,12709.86,114388.74,west,Meera Das,UPI
AMZ102772,2023-11-30,Furniture,Bedside Table,2.0,3752.24,7504.48,south,Lakshmi Sharma,Amazon Pay
AMZ103805,2024-07-12,Home & Kitchen,Blender,10.0,711.06,7110.6,SOUTH,Karthik Kumar,Debit Card
AMZ103088,2023-05-26,Grocery & Gourmet,Almonds 500g,4.0,174.06,696.24,south,Deepak Kapoor,Amazon Pay
AMZ105165,2023-04-03,Beauty & Personal Care,Hair Dryer,2.0,1815.76,3631.52,central,Rahul Reddy,Net Banking
AMZ100235,2023-06-10,Office Products,Gel Pens Set,1.0,493.5,493.5,south,Yash Rao,Credit Card
AMZ103600,2023-08-16,Beauty & Personal Care,Perfume 100ml,3.0,1595.32,4785.96,south,Vivek Bhatt,UPI
AMZ100720,2024-04-17,Clothing,Formal Shirt,1.0,791.97,791.97, West,Kavya Chatterjee,UPI
AMZ101059,2024-06-27,Grocery & Gourmet,Almonds 500g,10.0,744.63,7446.3,north,Meera Bose,Credit Card
AMZ104779,2024-02-17,Office Products,Printer Paper A4,1.0,63.83,63.83,west,Karthik Bose,Amazon Pay
AMZ102065,2024-12-13,Furniture,Bookshelf,-10.0,10042.03,100420.3,central,Rahul Bhatt,Debit Card
AMZ103631,2024-12-09,Furniture,Bean Bag,10.0,5396.21,53962.1,EAST,Sneha Malhotra,Debit Card
AMZ101405,2024-10-11,Toys & Games,Puzzle 1000pc,1.0,1389.8,1389.8,central,Imran Verma,Amazon Pay
AMZ100043,2023-12-06,Sports & Fitness,Yoga Mat,9.0,1712.61,15413.49,EAST,Shreya Sharma,Net Banking
AMZ101322,2024-09-14,Toys & Games,Board Game,9.0,1091.43,9822.87,South ,Yash Das,UPI
AMZ103103,2023-04-26,Home & Kitchen,Non-Stick Pan Set,1.0,,, North,Manoj Bose,Debit Card
AMZ103563,2023-09-02,Furniture,Office Chair,3.0,1558.55,4675.65,east,Yash Malhotra,Amazon Pay
AMZ101045,2024-05-12,Office Products,Notebook Pack,3.0,370.29,1110.87, North,Zoya Sharma,Amazon Pay
AMZ100690,2023-06-05,Beauty & Personal Care,Hair Dryer,3.0,1796.85,5390.55,NORTH,Suresh Pillai,Debit Card
AMZ104268,2024-01-30,Grocery & Gourmet,Instant Coffee Jar,10.0,806.19,8061.9, West,Arjun Kapoor,Credit Card
AMZ104719,2023-07-19,Sports & Fitness,Resistance Bands,5.0,2408.83,12044.15,North,Deepak Verma,Net Banking
AMZ102844,2024-03-26,Office Products,Stapler,2.0,59.6,119.2,south,Deepak Sharma,Net Banking
AMZ102465,2023-09-30,Sports & Fitness,Yoga Mat,9.0,,,west,Rahul Agarwal,Net Banking
AMZ101243,2024-02-10,Clothing,Formal Shirt,1.0,2066.65,2066.65,North,Zoya Bhatt,Net Banking
AMZ100044,2023-03-28,Furniture,Bookshelf,2.0,2353.2,4706.4,central,Yash Singh,
AMZ100761,2024-12-13,Electronics,Power Bank,7.0,4267.36,29871.52, West,Kavya Verma,Amazon Pay
AMZ100074,2023-10-15,Toys & Games,Board Game,2.0,848.28,1696.56,Central,Suresh Menon,Credit Card
AMZ103423,2023-07-26,Grocery & Gourmet,Honey 500g,1.0,617.07,617.07,central,Ananya Bose,Credit Card
AMZ101791,2023-08-26,Beauty & Personal Care,Trimmer,9.0,1351.55,12163.95,central,Sneha Kumar,Debit Card
AMZ101221,2023-10-12,Sports & Fitness,Yoga Mat,5.0,2467.46,12337.3,north,Lakshmi Nair,Amazon Pay
AMZ100704,2023-04-27,Sports & Fitness,Yoga Mat,9.0,2316.62,20849.58,east,Sneha Kumar,Amazon Pay
AMZ104334,2023-11-30,Office Products,Desk Organizer,10.0,879.68,8796.8,SOUTH,Divya Joshi,Credit Card
AMZ105544,2023-01-06,Electronics,Wireless Mouse,3.0,3389.0,10167.0,East,Imran Sharma,UPI
AMZ101847,2024-12-07,Sports & Fitness,Resistance Bands,2.0,3395.06,6790.12,EAST,,Cash on Delivery
AMZ105719,2023-05-07,Clothing,Formal Shirt,5.0,1779.14,8895.7,CENTRAL ,Sanjay Singh,Cash on Delivery
AMZ100740,2024-10-20,Office Products,Gel Pens Set,7.0,726.07,5082.49,east,Nikhil Rao,Debit Card
AMZ104412,2023-05-16,Sports & Fitness,Yoga Mat,4.0,677.51,2710.04,SOUTH,Rahul Pillai,Cash on Delivery
AMZ102518,2024-06-10,Grocery & Gourmet,Cooking Oil 1L,9.0,841.92,7577.28,South ,Arjun Pillai,Credit Card
AMZ103194,2024-11-04,Grocery & Gourmet,Basmati Rice 5kg,2.0,852.72,1705.44,South ,Manoj Menon,Cash on Delivery
AMZ104568,2023-09-05,Office Products,Desk Organizer,7.0,957.46,6702.22, West,,Amazon Pay
AMZ103960,2024-10-21,Office Products,Printer Paper A4,10.0,130.22,1302.2,EAST,Sneha Sharma,Net Banking
AMZ103540,2024-06-10,Toys & Games,Puzzle 1000pc,,1113.21,,Central,Rohan Kapoor,Cash on Delivery
AMZ105310,2023-04-15,Furniture,Bedside Table,6.0,5814.58,34887.48,South ,Manoj Iyer,UPI
AMZ100819,2023-03-08,Clothing,Casual Sneakers,3.0,1609.85,4829.55,East,Lakshmi Joshi,Cash on Delivery
AMZ101644,2023-04-18,Home & Kitchen,Non-Stick Pan Set,1.0,1812.94,1812.94,West,Kavya Gupta,Cash on Delivery
AMZ100260,2024-05-31,Electronics,Laptop Stand,9.0,1530.23,13772.07,North,Neha Pillai,Debit Card
AMZ101205,2024-02-26,Sports & Fitness,Yoga Mat,2.0,586.86,1173.72,Central,Vikram Bose,Net Banking
AMZ100223,2024-06-02,Toys & Games,Soft Toy,5.0,1792.17,8960.85,CENTRAL ,Ritu Kumar,Net Banking
AMZ101827,2023-04-08,Home & Kitchen,Vacuum Cleaner,7.0,3852.61,26968.27,East,Deepak Kapoor,Amazon Pay
AMZ102091,2023-03-28,Books,Fiction Novel,6.0,253.57,1521.42,CENTRAL ,Manoj Singh,Credit Card
AMZ103752,2024-06-18,Electronics,Action Camera,3.0,3504.41,10513.23,SOUTH,Sneha Verma,UPI
AMZ104693,2023-01-24,Home & Kitchen,Storage Containers,5.0,2554.98,12774.9,North,Neha Nair,Amazon Pay
AMZ104236,2024-06-14,Home & Kitchen,Blender,10.0,2637.18,26371.8, West,Rohan Sharma,Amazon Pay
AMZ104530,2024-10-18,Grocery & Gourmet,Green Tea Pack,2.0,775.06,1550.12,EAST,Ananya Chatterjee,Amazon Pay
AMZ104935,2023-05-04,Furniture,Bedside Table,4.0,6040.29,24161.16,east,Farhan Malhotra,Amazon Pay
AMZ104445,2023-06-07,Books,Fiction Novel,7.0,588.28,4117.96, North,Divya Nair,UPI
AMZ103645,2023-04-20,Beauty & Personal Care,Sunscreen SPF50,8.0,763.56,6108.48,West,Vivek Singh,Debit Card
AMZ103580,2023-12-03,Books,Children's Story Book,6.0,648.34,3890.04,Central,Shreya Kumar,Net Banking
AMZ102492,2024-09-10,Beauty & Personal Care,Face Serum,8.0,,,Central,Neha Singh,Cash on Delivery
AMZ101751,2024-08-27,Clothing,Casual Sneakers,4.0,467.15,1868.6,CENTRAL ,Zoya Bhatt,Debit Card
AMZ102539,2024-11-28,Clothing,Denim Jacket,1.0,1346.83,1346.83,South,Imran Kumar,Cash on Delivery
AMZ105546,2024-09-22,Office Products,Stapler,7.0,796.07,5572.49,South,Deepak Verma,Amazon Pay
AMZ101669,2023-04-16,Toys & Games,Remote Control Car,8.0,739.68,5917.44,Central,Rahul Nair,Net Banking
AMZ104972,2023-11-23,Clothing,Running Shoes,8.0,1533.44,12267.52,,Meera Rao,Amazon Pay
AMZ105679,2023-04-19,Beauty & Personal Care,Trimmer,4.0,1633.29,6533.16,CENTRAL ,Nikhil Verma,Cash on Delivery
AMZ105301,2023-10-26,Grocery & Gourmet,Basmati Rice 5kg,6.0,852.42,5114.52,SOUTH,Divya Pillai,Credit Card
AMZ104635,2024-02-12,Home & Kitchen,Storage Containers,1.0,1896.56,1896.56, West,Divya Joshi,Credit Card
AMZ100024,2023-08-17,Grocery & Gourmet,Almonds 500g,5.0,513.72,2568.6,NORTH,Yash Gupta,UPI
AMZ102613,2024-05-06,Home & Kitchen,Storage Containers,3.0,369.19,1107.57,north,Ritu Kumar,UPI
AMZ100638,2024-05-27,Books,Self-Help Book,5.0,321.32,1606.6, North,Karthik Rao,Cash on Delivery
AMZ104266,2024-03-29,Furniture,Office Chair,5.0,7957.39,39786.95,North,Tanvi Patel,UPI
AMZ105430,2023-08-04,Sports & Fitness,Skipping Rope,3.0,602.26,1806.78,north,Zoya Agarwal,Cash on Delivery
AMZ103596,2024-12-06,Home & Kitchen,Non-Stick Pan Set,9.0,1502.43,13521.87,EAST,Zoya Singh,UPI
AMZ101072,2024-08-10,Books,Self-Help Book,9.0,648.29,5834.61,north,Pooja Joshi,UPI
AMZ103948,2024-04-17,Beauty & Personal Care,Face Wash,7.0,1898.78,13291.46,east,Farhan Bose,Debit Card
AMZ102604,2023-08-30,Furniture,Office Chair,9.0,6900.14,62101.26,EAST,Vivek Menon,Cash on Delivery
AMZ100310,2023-10-21,Grocery & Gourmet,Almonds 500g,10.0,378.23,3782.3,West,Anusha Iyer,Amazon Pay
AMZ102319,2023-03-22,Grocery & Gourmet,Honey 500g,10.0,440.27,4402.7, North,Yash Das,UPI
AMZ104407,2024-01-16,Electronics,Power Bank,5.0,3032.22,15161.1,east,Tanvi Das,Cash on Delivery
AMZ100914,2024-03-15,Clothing,Casual Sneakers,3.0,1197.23,3591.69,East,Imran Agarwal,UPI
AMZ103071,2024-09-11,Home & Kitchen,Non-Stick Pan Set,4.0,1371.2,5484.8, West,Sanjay Bhatt,Net Banking
AMZ103709,2023-09-26,Furniture,Bean Bag,10.0,6919.74,69197.4,SOUTH,Sneha Bose,Amazon Pay
AMZ101581,2023-09-14,Office Products,Stapler,8.0,311.49,2491.92,North,Aditya Menon,Cash on Delivery
AMZ105761,2023-06-27,Office Products,Stapler,3.0,818.15,2454.45,north,Tanvi Bose,Cash on Delivery
AMZ105337,2024-08-13,Grocery & Gourmet,Honey 500g,3.0,256.53,769.59,SOUTH,Imran Malhotra,Credit Card
AMZ100276,2024-03-30,Furniture,Bean Bag,1.0,10443.94,10443.94,east,Imran Bose,Net Banking
AMZ105480,2023-08-14,Toys & Games,Puzzle 1000pc,4.0,1119.46,4477.84, West,Farhan Malhotra,UPI
AMZ101629,2023-07-26,Grocery & Gourmet,Green Tea Pack,6.0,853.78,5122.68,Central,Karthik Pillai,UPI
AMZ101346,2024-07-16,Books,Children's Story Book,2.0,396.52,793.04,EAST,Suresh Bose,Cash on Delivery
AMZ103032,2024-09-30,Books,Cookbook,1.0,559.62,559.62,CENTRAL ,Suresh Verma,UPI
AMZ100039,2023-03-16,Grocery & Gourmet,Green Tea Pack,3.0,432.31,1296.93, West,Divya Chatterjee,UPI
AMZ102304,2024-01-10,Electronics,Smart Watch,3.0,5671.63,17014.89,east,Anusha Bhatt,Amazon Pay
AMZ102566,2024-08-16,Furniture,Bookshelf,9.0,4089.93,36809.37,north,Isha Menon,Cash on Delivery
AMZ105641,2024-01-28,Grocery & Gourmet,Instant Coffee Jar,8.0,756.9,6055.2,EAST,Ananya Das,Amazon Pay
AMZ103019,2024-05-23,Home & Kitchen,Electric Kettle,4.0,3046.41,12185.64,south,Pooja Sharma,UPI
AMZ104622,2024-08-15,Furniture,Study Table,9.0,12534.37,112809.33, West,Rohan Iyer,
AMZ102754,2024-05-18,Books,Programming Guide,5.0,779.77,3898.85,East,Rohan Joshi,UPI
AMZ100347,2023-03-17,Office Products,Notebook Pack,8.0,156.9,1255.2,central,Anusha Bose,Credit Card
AMZ103572,2024-03-24,Beauty & Personal Care,Trimmer,6.0,1236.06,7416.36,SOUTH,Ananya Bhatt,Debit Card
AMZ102236,2023-09-08,Office Products,Desk Organizer,3.0,219.21,657.63, West,Pooja Nair,UPI
AMZ103550,2024-09-09,Home & Kitchen,Blender,8.0,1244.44,9955.52,central,Neha Das,Amazon Pay
AMZ105726,2023-05-29,Furniture,Study Table,3.0,11607.45,34822.35,south,Isha Chatterjee,Net Banking
AMZ100115,2024-10-29,Sports & Fitness,Resistance Bands,1.0,872.12,872.12,south,Meera Patel,Cash on Delivery
AMZ102940,2024-12-02,Home & Kitchen,Bed Sheet Set,8.0,1338.8,10710.4,North,Priya Singh,Amazon Pay
AMZ100922,2024-04-01,Furniture,Bedside Table,6.0,5468.54,32811.24,South ,Vivek Singh,Debit Card
AMZ100577,2023-11-15,Sports & Fitness,Yoga Mat,9.0,3069.7,27627.3,,Deepak Bose,Cash on Delivery
AMZ105039,2024-11-14,Toys & Games,Soft Toy,5.0,814.88,4074.4,central,Neha Menon,Amazon Pay
AMZ102939,2024-07-28,Toys & Games,Remote Control Car,4.0,654.84,2619.36,NORTH,Anusha Kumar,Credit Card
AMZ101298,2024-04-17,Sports & Fitness,Dumbbell Set,7.0,1333.16,9332.12, West,Suresh Verma,Debit Card
AMZ100643,2023-08-18,Home & Kitchen,Air Fryer,5.0,1879.81,9399.05,central,Arjun Singh,Net Banking
AMZ103467,2024-04-21,Clothing,Running Shoes,8.0,887.34,7098.72,central,Deepak Agarwal,Amazon Pay
AMZ105082,2023-03-22,Sports & Fitness,Yoga Mat,4.0,3431.56,13726.24,West,Suresh Pillai,Credit Card
AMZ102379,2024-07-08,Home & Kitchen,Bed Sheet Set,5.0,4261.91,21309.55,West,Sanjay Agarwal,Net Banking
AMZ102845,2023-09-29,Furniture,Bookshelf,2.0,3372.19,6744.38, West,Meera Das,Net Banking
AMZ104845,2024-09-30,Office Products,Desk Organizer,4.0,607.02,2428.08,East,Manoj Singh,Net Banking
AMZ104262,2024-10-21,Electronics,Wireless Mouse,8.0,2162.9,17303.2, North,Kavya Sharma,UPI
AMZ105556,2023-03-12,Clothing,Formal Shirt,4.0,558.99,2235.96,north,Shreya Rao,UPI
AMZ101275,2023-02-18,Office Products,Whiteboard Marker Set,5.0,77.46,387.3,west,Vikram Sharma,Net Banking
AMZ102588,2024-06-18,Toys & Games,Soft Toy,7.0,1286.01,9002.07,Central,Nikhil Reddy,Net Banking
AMZ102910,2024-02-13,Toys & Games,Building Blocks Set,6.0,1630.14,9780.84,North,Vivek Kumar,Debit Card
AMZ100696,2023-09-04,Books,Cookbook,1.0,820.84,820.84,EAST,Vikram Kumar,Net Banking
AMZ101535,2023-09-06,Books,Programming Guide,2.0,451.79,903.58,EAST,Suresh Rao,Amazon Pay
AMZ102279,2024-01-30,Books,Programming Guide,4.0,208.14,832.56,Central,Suresh Malhotra,Net Banking
AMZ105785,2023-10-23,Office Products,Desk Organizer,8.0,384.86,3078.88,East,Nikhil Joshi,Amazon Pay
AMZ102691,2023-07-25,Beauty & Personal Care,Hair Dryer,6.0,1941.79,11650.74,West,Deepak Bhatt,Debit Card
AMZ100642,2023-05-20,Office Products,Stapler,2.0,741.68,1483.36, West,Neha Bhatt,Debit Card
AMZ101180,2024-09-25,Home & Kitchen,Blender,7.0,3677.48,25742.36,East,Isha Chatterjee,Net Banking
AMZ102977,2023-04-16,Books,Fiction Novel,2.0,508.88,1017.76,South,Neha Patel,Credit Card
AMZ101726,2024-07-03,Furniture,Bedside Table,7.0,12148.42,85038.94,east,Sneha Verma,UPI
AMZ104904,2023-03-08,Books,Self-Help Book,7.0,461.55,3230.85, West,Deepak Pillai,UPI
AMZ102326,2023-02-24,Sports & Fitness,Cricket Bat,8.0,1359.08,10872.64,west,Karthik Iyer,Cash on Delivery
AMZ102004,2024-09-20,Sports & Fitness,Dumbbell Set,2.0,328.28,656.56,north,Yash Bose,Amazon Pay
AMZ102147,2023-12-30,Home & Kitchen,Bed Sheet Set,10.0,868.02,8680.2,east,Manoj Menon,Net Banking
AMZ100492,2024-07-25,Sports & Fitness,Dumbbell Set,1.0,2956.03,2956.03,west,Lakshmi Malhotra,UPI
AMZ102536,2023-07-29,Grocery & Gourmet,Instant Coffee Jar,5.0,683.1,3415.5,Central,Zoya Kapoor,Debit Card
AMZ105115,2023-03-05,Furniture,Study Table,6.0,9313.45,55880.7,North,Pooja Gupta,Net Banking
AMZ101911,2024-06-21,Sports & Fitness,Dumbbell Set,8.0,951.62,7612.96,central,Yash Kumar,Debit Card
AMZ100423,2023-08-15,Furniture,Bean Bag,1.0,12067.78,12067.78,SOUTH,Sanjay Gupta,Net Banking
AMZ103892,2024-02-04,Electronics,Bluetooth Speaker,5.0,3213.81,16069.05,,Sanjay Reddy,Amazon Pay
AMZ100259,2024-03-08,Grocery & Gourmet,Basmati Rice 5kg,9.0,216.3,1946.7,EAST,Deepak Verma,Debit Card
AMZ104058,2023-06-16,Electronics,Laptop Stand,2.0,1650.94,3301.88,EAST,Manoj Joshi,Credit Card
AMZ101556,2024-01-21,Toys & Games,Soft Toy,3.0,473.24,1419.72,EAST,Priya Chatterjee,Amazon Pay
AMZ105343,2024-07-20,Books,Programming Guide,2.0,202.97,405.94,west,Neha Das,Cash on Delivery
AMZ103652,2024-12-08,Electronics,Action Camera,10.0,2054.52,20545.2, North,Suresh Chatterjee,Net Banking
AMZ104300,2024-04-13,Home & Kitchen,LED Desk Lamp,6.0,1935.97,11615.82, North,Karthik Kapoor,Credit Card
AMZ103407,2023-03-03,Beauty & Personal Care,Face Serum,10.0,475.98,4759.8,Central,Meera Menon,Debit Card
AMZ103701,2023-01-03,Clothing,Running Shoes,5.0,1144.41,5722.05,North,Tanvi Das,Amazon Pay
AMZ103197,2023-10-07,Office Products,Printer Paper A4,4.0,984.68,3938.72,west,Rohan Kumar,UPI
AMZ104869,2023-04-30,Sports & Fitness,Badminton Racket,3.0,1076.36,3229.08,central,Pooja Verma,Amazon Pay
AMZ101830,2024-07-21,Toys & Games,Puzzle 1000pc,5.0,1235.34,6176.7,east,Meera Kapoor,Net Banking
AMZ102070,2024-07-31,Home & Kitchen,Non-Stick Pan Set,6.0,4596.06,27576.36,east,Vivek Menon,Cash on Delivery
AMZ102698,2023-12-03,Grocery & Gourmet,Basmati Rice 5kg,9.0,760.96,6848.64,East,Kavya Sharma,UPI
AMZ100200,2023-12-08,Books,Biography,5.0,333.31,1666.55,,Zoya Bose,Net Banking
AMZ100753,2024-09-03,Sports & Fitness,Yoga Mat,2.0,1991.34,3982.68,Central,Deepak Pillai,UPI
AMZ105461,2023-04-25,Sports & Fitness,Dumbbell Set,2.0,1110.96,2221.92,north,Ritu Joshi,Net Banking
AMZ102361,2023-08-18,Electronics,Bluetooth Speaker,6.0,2658.84,15953.04,North,Suresh Reddy,Amazon Pay
AMZ102760,2024-05-06,Electronics,Portable SSD,1.0,981.34,981.34, North,Sanjay Menon,Cash on Delivery
AMZ101381,2024-05-22,Books,Fiction Novel,7.0,117.78,824.46,East,Sneha Patel,Cash on Delivery
AMZ103427,2023-09-30,Clothing,Yoga Pants,6.0,1150.07,6900.42,East,Farhan Singh,Amazon Pay
AMZ102920,2023-12-21,Grocery & Gourmet,Cooking Oil 1L,8.0,566.98,4535.84, North,Meera Bhatt,
AMZ105667,2023-10-11,Beauty & Personal Care,Hair Dryer,3.0,834.4,2503.2, West,Rahul Rao,UPI
AMZ101066,2023-08-19,Beauty & Personal Care,Face Wash,10.0,1483.78,14837.8,west,Ananya Menon,Debit Card
AMZ102515,2024-05-14,Office Products,Gel Pens Set,9.0,149.58,1346.22,South,Lakshmi Malhotra,Debit Card
AMZ103957,2024-12-13,Office Products,Stapler,5.0,682.85,3414.25,Central,Sneha Chatterjee,Amazon Pay
AMZ103675,2023-07-14,Home & Kitchen,Bed Sheet Set,10.0,2406.61,24066.1,SOUTH,Manoj Iyer,Credit Card
AMZ100482,2024-01-04,Books,Biography,4.0,346.4,1385.6,South,Karthik Agarwal,Credit Card
AMZ102576,2023-09-12,Grocery & Gourmet,Instant Coffee Jar,2.0,269.7,539.4,SOUTH,Rahul Malhotra,UPI
AMZ100476,2024-02-08,Toys & Games,Building Blocks Set,3.0,1359.59,4078.77,EAST,Nikhil Iyer,Net Banking
AMZ102360,2023-07-10,Electronics,Power Bank,2.0,4652.22,9304.44,South ,Suresh Verma,Cash on Delivery
AMZ100124,2024-02-19,Toys & Games,Building Blocks Set,3.0,1351.58,4054.74,CENTRAL ,Imran Singh,Cash on Delivery
AMZ102521,2023-02-04,Home & Kitchen,Vacuum Cleaner,4.0,1111.44,4445.76, West,Vivek Rao,UPI
AMZ101240,2024-12-07,Office Products,Printer Paper A4,10.0,200.02,2000.2,south,Vivek Patel,Debit Card
AMZ104166,2023-06-19,Clothing,Formal Shirt,3.0,918.7,2756.1,South ,Zoya Sharma,Debit Card
AMZ105250,2023-11-22,Grocery & Gourmet,Cooking Oil 1L,6.0,895.07,5370.42,west,Pooja Reddy,Debit Card
AMZ104307,2024-11-23,Beauty & Personal Care,Lipstick Set,6.0,1389.29,8335.74,south,Meera Menon,UPI
AMZ103141,2023-05-26,Sports & Fitness,Dumbbell Set,4.0,735.46,2941.84,,Isha Sharma,Credit Card
AMZ105345,2024-09-15,Electronics,Laptop Stand,5.0,4918.97,24594.85,South,Priya Patel,Amazon Pay
AMZ103774,2023-04-15,Furniture,Bean Bag,3.0,9432.18,28296.54,Central,Meera Reddy,Net Banking
AMZ100158,2024-10-09,Beauty & Personal Care,Face Serum,1.0,1905.12,1905.12,NORTH,Yash Reddy,Amazon Pay
AMZ102994,2024-07-12,Sports & Fitness,Dumbbell Set,7.0,2354.34,16480.38,East,Suresh Menon,Cash on Delivery
AMZ103524,2024-05-14,Electronics,Power Bank,3.0,3413.75,10241.25,central,Zoya Joshi,Credit Card
AMZ100859,2023-08-29,Electronics,Smart Watch,5.0,5284.98,26424.9,north,Deepak Kumar,Credit Card
AMZ102529,2024-10-08,Beauty & Personal Care,Face Serum,1.0,1891.87,1891.87,East,Priya Joshi,UPI
AMZ102892,2023-01-28,Electronics,Laptop Stand,4.0,5854.88,23419.52,South,Nikhil Bhatt,Credit Card
AMZ103676,2023-11-30,Office Products,Whiteboard Marker Set,3.0,759.39,2278.17,south,Suresh Reddy,Amazon Pay
AMZ102175,2024-02-15,Toys & Games,Building Blocks Set,6.0,916.73,5500.38,south,Nikhil Chatterjee,Debit Card
AMZ105155,2023-09-12,Beauty & Personal Care,Lipstick Set,7.0,1227.79,8594.53,South ,Kavya Joshi,Amazon Pay
AMZ103382,2023-02-17,Furniture,Study Table,6.0,3524.91,21149.46, West,Aditya Bose,Debit Card
AMZ100255,2023-05-05,Books,Fiction Novel,8.0,567.72,4541.76,West,Isha Menon,Credit Card
AMZ103045,2024-07-16,Clothing,Casual Sneakers,9.0,1965.46,17689.14,West,,Cash on Delivery
AMZ102874,2023-01-26,Office Products,Whiteboard Marker Set,8.0,341.44,2731.52,south,Neha Pillai,Cash on Delivery
AMZ105462,2023-06-29,Furniture,Study Table,6.0,12039.12,72234.72,EAST,Kavya Malhotra,
AMZ100716,2023-03-31,Furniture,Study Table,3.0,9413.81,28241.43,north,Deepak Menon,UPI
AMZ103480,2023-10-27,Office Products,Whiteboard Marker Set,1.0,399.06,399.06,SOUTH,Aditya Verma,UPI
AMZ102701,2024-01-08,Toys & Games,Remote Control Car,7.0,1419.25,9934.75,CENTRAL ,Vikram Chatterjee,UPI
AMZ105784,2024-10-15,Clothing,Women's Kurti,9.0,737.15,6634.35,South ,Karthik Gupta,Credit Card
AMZ105778,2024-07-30,Toys & Games,Soft Toy,7.0,1731.78,12122.46,West,Karthik Gupta,UPI
AMZ104027,2024-06-21,Beauty & Personal Care,Face Wash,,1200.77,,West,Vikram Das,Amazon Pay
AMZ102397,2023-04-12,Grocery & Gourmet,Instant Coffee Jar,7.0,602.66,4218.62,South ,Meera Sharma,Net Banking
AMZ102615,2023-12-19,Beauty & Personal Care,Hair Dryer,1.0,1365.06,1365.06,West,Pooja Agarwal,Amazon Pay
AMZ102658,2023-08-21,Office Products,Whiteboard Marker Set,8.0,103.92,831.36,South ,Isha Pillai,Cash on Delivery
AMZ102153,2024-04-15,Toys & Games,Board Game,3.0,1863.51,5590.53,EAST,Vivek Das,UPI
AMZ103608,2023-09-03,Books,Programming Guide,8.0,869.82,6958.56,north,Sneha Verma,UPI
AMZ104375,2024-02-26,Grocery & Gourmet,Honey 500g,3.0,871.62,2614.86,,Sanjay Verma,Credit Card
AMZ103167,2023-08-10,Books,Biography,9.0,111.64,1004.76,EAST,Anusha Malhotra,Debit Card
AMZ101653,2024-01-29,Electronics,Power Bank,1.0,1605.65,1605.65,west,Manoj Rao,Amazon Pay
AMZ102891,2024-08-07,Sports & Fitness,Skipping Rope,3.0,734.94,2204.82,Central,Imran Gupta,Debit Card
AMZ105339,2023-10-11,Office Products,Stapler,6.0,647.22,3883.32,South ,Sanjay Reddy,UPI
AMZ103592,2024-11-17,Electronics,Portable SSD,3.0,5380.07,16140.21,west,Pooja Rao,Credit Card
AMZ102132,2023-02-25,Furniture,Study Table,1.0,11217.53,11217.53, West,Zoya Kapoor,UPI
AMZ100149,2024-11-02,Grocery & Gourmet,Basmati Rice 5kg,7.0,695.15,4866.05,west,Pooja Reddy,Amazon Pay
AMZ100877,2023-09-11,Home & Kitchen,LED Desk Lamp,10.0,1176.52,11765.2,EAST,Suresh Kumar,UPI
AMZ100660,2023-11-13,Clothing,Denim Jacket,3.0,541.87,1625.61,South,Farhan Iyer,Debit Card
AMZ102010,2024-12-19,Office Products,Desk Organizer,6.0,53.72,322.32,CENTRAL ,Karthik Singh,Credit Card
AMZ103171,2024-03-19,Office Products,Desk Organizer,5.0,361.36,1806.8,EAST,Lakshmi Iyer,Debit Card
AMZ103458,2023-01-11,Clothing,Formal Shirt,6.0,722.0,4332.0,east,Shreya Reddy,UPI
AMZ105336,2023-01-29,Books,Children's Story Book,6.0,744.74,4468.44,NORTH,Meera Nair,Cash on Delivery
AMZ100062,2024-04-12,Grocery & Gourmet,Basmati Rice 5kg,9.0,643.53,5791.77,North,Manoj Menon,Credit Card
AMZ100452,2024-02-20,Furniture,Study Table,7.0,10522.76,73659.32,West,Deepak Kumar,Net Banking
AMZ102765,2023-09-15,Sports & Fitness,Cricket Bat,7.0,205.21,1436.47,North,Sanjay Das,Net Banking
AMZ103824,2023-04-29,Books,Biography,9.0,329.35,2964.15, North,Manoj Joshi,Net Banking
AMZ101099,2023-02-27,Toys & Games,Board Game,6.0,515.43,3092.58,Central,Karthik Nair,Credit Card
AMZ104875,2023-04-20,Toys & Games,Puzzle 1000pc,5.0,1933.89,9669.45,east,Sanjay Sharma,Net Banking
AMZ101910,2023-05-09,Electronics,Laptop Stand,4.0,3146.01,12584.04,,Isha Gupta,UPI
AMZ101771,2023-01-07,Toys & Games,Building Blocks Set,1.0,326.93,326.93,Central,Shreya Singh,Credit Card
AMZ100040,2024-10-20,Beauty & Personal Care,Trimmer,4.0,1387.52,5550.08,NORTH,Farhan Iyer,Debit Card
AMZ102534,2023-12-09,Clothing,Casual Sneakers,5.0,1133.32,5666.6, West,Priya Bose,UPI
AMZ100080,2023-05-23,Office Products,Stapler,8.0,909.95,7279.6,south,Isha Chatterjee,Net Banking
AMZ101674,2023-07-23,Clothing,Yoga Pants,4.0,960.02,3840.08,West,Rahul Menon,Amazon Pay
AMZ100139,2023-11-17,Furniture,Study Table,9.0,4042.83,36385.47,EAST,Lakshmi Agarwal,Amazon Pay
AMZ101563,2023-05-03,Toys & Games,Building Blocks Set,10.0,472.41,4724.1,Central,Karthik Joshi,Debit Card
AMZ105102,2024-01-25,Sports & Fitness,Badminton Racket,6.0,3047.25,18283.5,East,Sanjay Agarwal,Debit Card
AMZ103816,2023-08-10,Home & Kitchen,LED Desk Lamp,2.0,1674.88,3349.76, North,Vikram Malhotra,UPI
AMZ102500,2024-08-11,Books,Biography,9.0,432.52,3892.68,NORTH,Lakshmi Malhotra,Credit Card
AMZ100984,2023-09-14,Home & Kitchen,Electric Kettle,3.0,3368.46,10105.38,South ,Priya Iyer,UPI
AMZ101309,2024-01-14,Beauty & Personal Care,Sunscreen SPF50,2.0,1748.02,3496.04, North,Karthik Das,Net Banking
AMZ101815,2024-01-06,Grocery & Gourmet,Green Tea Pack,5.0,719.68,3598.4,EAST,Zoya Chatterjee,Credit Card
AMZ101163,2024-11-16,Books,Biography,6.0,513.3,3079.8,East,Isha Menon,Cash on Delivery
AMZ100595,2024-05-03,Home & Kitchen,Electric Kettle,1.0,1231.67,1231.67,west,Pooja Joshi,UPI
AMZ103622,2023-02-04,Clothing,Running Shoes,2.0,301.33,602.66,CENTRAL ,Divya Bose,Amazon Pay
AMZ104173,2023-09-11,Books,Fiction Novel,8.0,634.37,5074.96,East,Shreya Nair,Debit Card
AMZ102298,2024-10-11,Books,Biography,4.0,230.47,921.88,CENTRAL ,Manoj Bose,Net Banking
AMZ103526,2023-05-01,Home & Kitchen,LED Desk Lamp,3.0,1501.1,4503.3,NORTH,Nikhil Agarwal,UPI
AMZ103539,2023-04-30,Sports & Fitness,Resistance Bands,10.0,206.61,2066.1,west,Karthik Bose,Debit Card
AMZ100994,2023-01-20,Office Products,Printer Paper A4,6.0,385.0,2310.0, North,Kavya Reddy,Cash on Delivery
AMZ104446,2023-02-22,Toys & Games,Board Game,8.0,527.49,4219.92, West,Vivek Bhatt,Credit Card
AMZ100388,2023-03-16,Office Products,Notebook Pack,4.0,859.52,3438.08,east,Tanvi Singh,Amazon Pay
AMZ102493,2024-07-26,Books,Children's Story Book,6.0,283.64,1701.84,east,Isha Agarwal,Credit Card
AMZ100379,2023-06-10,Sports & Fitness,Skipping Rope,5.0,3101.09,15505.45,east,Manoj Rao,Cash on Delivery
AMZ103867,2024-07-31,Grocery & Gourmet,Basmati Rice 5kg,9.0,152.81,1375.29,south,Arjun Gupta,Cash on Delivery
AMZ102566,2024-08-16,Furniture,Bookshelf,9.0,4089.93,36809.37,north,Isha Menon,Cash on Delivery
AMZ105590,2023-09-28,Electronics,Bluetooth Speaker,,5033.42,, North,Ananya Chatterjee,UPI
AMZ104071,2024-03-30,Sports & Fitness,Dumbbell Set,4.0,639.74,2558.96,north,Shreya Singh,Debit Card
AMZ100216,2023-10-27,Toys & Games,Board Game,8.0,1899.86,15198.88,west,Farhan Agarwal,UPI
AMZ105064,2024-06-16,Office Products,Stapler,1.0,918.24,918.24,north,Sneha Chatterjee,Net Banking
AMZ103325,2024-07-03,Clothing,Casual Sneakers,1.0,747.54,747.54,,Divya Kapoor,Debit Card
AMZ103647,2023-04-29,Books,Biography,3.0,260.34,781.02,CENTRAL ,Tanvi Joshi,Net Banking
AMZ105448,2023-08-16,Grocery & Gourmet,Almonds 500g,7.0,818.09,5726.63,central,Karthik Reddy,Credit Card
AMZ105696,2024-04-26,Office Products,Whiteboard Marker Set,1.0,401.4,401.4,South ,Sneha Gupta,Amazon Pay
AMZ101554,2023-09-25,Furniture,Office Chair,9.0,10547.09,94923.81,EAST,Suresh Das,Credit Card
AMZ101041,2023-08-08,Toys & Games,Soft Toy,1.0,936.36,936.36,South ,Farhan Bose,Credit Card
AMZ100411,2024-11-17,Office Products,Gel Pens Set,8.0,426.73,3413.84,north,Sneha Kapoor,Credit Card
AMZ102573,2023-01-24,Toys & Games,Building Blocks Set,2.0,936.99,1873.98,south,Ritu Pillai,Debit Card
AMZ105415,2023-05-24,Sports & Fitness,Resistance Bands,4.0,262.82,1051.28,CENTRAL ,Isha Bhatt,Net Banking
AMZ105721,2024-12-31,Grocery & Gourmet,Cooking Oil 1L,2.0,298.68,597.36,West,Kavya Rao,Debit Card
AMZ101217,2024-07-25,Furniture,Study Table,6.0,11008.89,66053.34,east,Suresh Iyer,UPI
AMZ102686,2023-03-01,Home & Kitchen,Bed Sheet Set,5.0,3813.28,19066.4,west,Deepak Patel,UPI
AMZ101785,2024-10-13,Books,Self-Help Book,2.0,794.53,1589.06,NORTH,Sanjay Agarwal,Credit Card
AMZ101214,2023-08-03,Electronics,USB-C Cable,9.0,1272.11,11448.99,SOUTH,Yash Gupta,UPI
AMZ102325,2024-08-01,Sports & Fitness,Dumbbell Set,8.0,416.65,3333.2,South ,Kavya Nair,Cash on Delivery
AMZ104508,2023-05-07,Books,Cookbook,1.0,516.01,516.01,central,Priya Singh,UPI
AMZ105130,2023-06-01,Furniture,Study Table,2.0,10178.48,20356.96,west,Manoj Sharma,Net Banking
AMZ104618,2023-02-11,Electronics,USB-C Cable,10.0,3153.86,31538.6,central,Tanvi Malhotra,Net Banking
AMZ104941,2024-06-06,Beauty & Personal Care,Sunscreen SPF50,1.0,660.22,660.22,South ,Rohan Sharma,Net Banking
AMZ100581,2024-06-16,Home & Kitchen,Bed Sheet Set,1.0,1708.89,1708.89,Central,Priya Kumar,Net Banking
AMZ104468,2024-03-18,Books,Self-Help Book,9.0,301.71,2715.39,east,Priya Pillai,Debit Card
AMZ103747,2023-10-26,Books,Cookbook,9.0,290.07,2610.63,central,Rahul Das,Amazon Pay
AMZ101069,2023-10-03,Beauty & Personal Care,Sunscreen SPF50,8.0,1804.42,14435.36,SOUTH,Karthik Sharma,Amazon Pay
AMZ103912,2024-11-13,Beauty & Personal Care,Sunscreen SPF50,4.0,1179.13,4716.52,East,Lakshmi Nair,Amazon Pay
AMZ102217,2024-01-11,Beauty & Personal Care,Hair Dryer,3.0,497.74,1493.22,east,Imran Singh,Cash on Delivery
AMZ101318,2023-02-27,Grocery & Gourmet,Instant Coffee Jar,2.0,268.37,536.74,central,Meera Menon,Debit Card
AMZ103489,2024-02-24,Sports & Fitness,Resistance Bands,,3393.13,,East,Nikhil Iyer,Net Banking
AMZ104312,2023-11-10,Beauty & Personal Care,Lipstick Set,5.0,1392.22,6961.1, North,Sneha Pillai,Net Banking
AMZ105144,2023-11-17,Furniture,Bedside Table,2.0,,, North,Ritu Gupta,Credit Card
AMZ100534,2023-08-25,Office Products,Stapler,2.0,433.46,866.92,west,Manoj Bose,Debit Card
AMZ104036,2024-06-16,Office Products,Notebook Pack,3.0,603.67,1811.01,South,Farhan Kapoor,UPI
AMZ101178,2024-12-12,Office Products,Desk Organizer,4.0,405.81,1623.24,CENTRAL ,Deepak Joshi,Credit Card
AMZ104206,2023-01-10,Beauty & Personal Care,Sunscreen SPF50,5.0,1138.94,5694.7,NORTH,Nikhil Bose,Net Banking
AMZ103419,2023-12-30,Books,Fiction Novel,1.0,620.76,620.76, North,Pooja Sharma,Credit Card
AMZ100468,2024-06-17,Sports & Fitness,Dumbbell Set,9.0,2863.55,25771.95,south,Rahul Gupta,UPI
AMZ102329,2023-01-29,Grocery & Gourmet,Almonds 500g,1.0,735.58,735.58,East,Shreya Verma,UPI
AMZ100750,2024-01-08,Home & Kitchen,Electric Kettle,7.0,1716.25,12013.75,north,Shreya Sharma,Net Banking
AMZ100552,2024-06-27,Toys & Games,Puzzle 1000pc,10.0,408.87,4088.7,CENTRAL ,Rohan Bose,Amazon Pay
AMZ105027,2024-06-11,Home & Kitchen,Bed Sheet Set,9.0,1673.39,15060.51,south,Kavya Patel,Debit Card
AMZ100559,2024-03-23,Office Products,Stapler,6.0,597.11,3582.66,west,Karthik Verma,Amazon Pay
AMZ105024,2023-07-07,Sports & Fitness,Yoga Mat,5.0,3383.7,16918.5,,Yash Sharma,Amazon Pay
AMZ103690,2023-02-15,Clothing,Denim Jacket,,511.46,,East,Meera Agarwal,UPI
AMZ102429,2024-12-12,Sports & Fitness,Yoga Mat,1.0,3247.03,3247.03,West,Arjun Agarwal,Debit Card
AMZ102682,2024-05-29,Toys & Games,Board Game,8.0,1216.81,9734.48,Central,Tanvi Bose,Debit Card
AMZ103168,2023-10-22,Office Products,Whiteboard Marker Set,3.0,807.54,2422.62,NORTH,Kavya Pillai,Credit Card
AMZ101708,2023-01-19,Books,Self-Help Book,4.0,892.89,3571.56,south,Arjun Agarwal,Amazon Pay
AMZ100042,2023-04-05,Clothing,Winter Hoodie,7.0,1045.06,7315.42,CENTRAL ,Kavya Verma,UPI
AMZ101085,2023-10-17,Sports & Fitness,Skipping Rope,9.0,2877.67,25899.03,SOUTH,Deepak Chatterjee,UPI
AMZ102888,2023-01-02,Furniture,Study Table,2.0,11121.42,22242.84,EAST,Meera Malhotra,Net Banking
AMZ102988,2024-07-06,Electronics,Bluetooth Speaker,2.0,3705.0,7410.0,north,Ritu Reddy,Net Banking
AMZ102398,2023-12-20,Home & Kitchen,Electric Kettle,1.0,1053.32,1053.32,West,Rahul Sharma,UPI
AMZ100517,2023-03-23,Beauty & Personal Care,Lipstick Set,6.0,152.2,913.2,EAST,Isha Singh,UPI
AMZ102149,2024-10-27,Sports & Fitness,Dumbbell Set,4.0,1234.47,4937.88,east,Sanjay Nair,Debit Card
AMZ104989,2023-12-26,Clothing,Winter Hoodie,7.0,399.68,2797.76,East,Aditya Agarwal,Amazon Pay
AMZ103966,2023-01-29,Clothing,Women's Kurti,4.0,1071.21,4284.84,EAST,Divya Das,UPI
AMZ103564,2024-10-31,Home & Kitchen,Electric Kettle,4.0,2548.98,10195.92,West,Shreya Gupta,Credit Card
AMZ102026,2024-01-21,Beauty & Personal Care,Hair Dryer,3.0,1488.03,4464.09,SOUTH,Suresh Chatterjee,Debit Card
AMZ105606,2024-03-17,Sports & Fitness,Badminton Racket,3.0,2237.79,6713.37, North,Karthik Bose,Net Banking
AMZ104123,2024-02-24,Home & Kitchen,Blender,4.0,4651.78,18607.12,West,Neha Nair,Net Banking
AMZ105413,2023-04-22,Clothing,Running Shoes,5.0,1981.15,9905.75,East,Sanjay Kapoor,Cash on Delivery
AMZ103179,2024-11-14,Electronics,Power Bank,10.0,3892.78,38927.8,East,Anusha Kumar,Credit Card
AMZ102670,2024-11-12,Clothing,Men's T-Shirt,10.0,508.24,5082.4,east,Shreya Bhatt,Debit Card
AMZ104885,2023-11-03,Sports & Fitness,Dumbbell Set,3.0,3295.45,9886.35,south,Ananya Patel,Credit Card
AMZ101211,2024-06-10,Electronics,Smart Watch,3.0,5992.56,17977.68,west,Farhan Gupta,Credit Card
AMZ100091,2023-09-21,Electronics,Wireless Earbuds,8.0,5365.67,42925.36,,Lakshmi Pillai,
AMZ103507,2024-05-04,Beauty & Personal Care,Face Serum,1.0,1516.48,1516.48,Central,Suresh Gupta,Net Banking
AMZ100512,2024-06-16,Sports & Fitness,Dumbbell Set,2.0,446.48,892.96, North,Vikram Bhatt,Debit Card
AMZ103628,2023-04-28,Office Products,Desk Organizer,9.0,320.35,2883.15,Central,Vikram Agarwal,Cash on Delivery
AMZ101455,2024-05-18,Sports & Fitness,Resistance Bands,1.0,1562.94,1562.94,West,Divya Pillai,Debit Card
AMZ102660,2024-08-19,Furniture,Bedside Table,5.0,2626.73,13133.65, North,Meera Patel,Amazon Pay
AMZ105666,2023-07-31,Toys & Games,Board Game,6.0,718.79,4312.74,east,Rahul Pillai,Credit Card
AMZ100834,2023-09-22,Books,Biography,8.0,498.07,3984.56,South,Yash Nair,Debit Card
AMZ100569,2023-03-09,Books,Programming Guide,4.0,348.1,1392.4,north,Priya Bose,Credit Card
AMZ105474,2023-06-06,Books,Cookbook,9.0,750.01,6750.09,north,Pooja Kumar,UPI
AMZ105529,2024-03-16,Grocery & Gourmet,Honey 500g,2.0,433.07,866.14,South,Ritu Gupta,Net Banking
AMZ103455,2023-09-06,Office Products,Notebook Pack,6.0,431.49,2588.94,South,Meera Rao,UPI
AMZ104192,2024-03-03,Clothing,Running Shoes,1.0,1416.26,1416.26,EAST,Rohan Gupta,Net Banking
AMZ102295,2024-05-28,Home & Kitchen,Vacuum Cleaner,9.0,1413.39,12720.51, North,Isha Bose,UPI
AMZ100026,2024-12-10,Sports & Fitness,Badminton Racket,1.0,2806.38,2806.38,NORTH,Manoj Menon,Debit Card
AMZ105225,2024-04-03,Beauty & Personal Care,Lipstick Set,2.0,1011.87,2023.74,EAST,,Cash on Delivery
AMZ102713,2023-03-24,Home & Kitchen,Vacuum Cleaner,5.0,727.0,3635.0,Central,Nikhil Chatterjee,UPI
AMZ103351,2024-07-09,Clothing,Formal Shirt,10.0,1325.76,13257.6,east,Tanvi Agarwal,Credit Card
AMZ104648,2024-07-09,Clothing,Women's Kurti,10.0,1806.91,18069.1, North,Imran Verma,Amazon Pay
AMZ102205,2024-03-10,Books,Biography,4.0,274.22,1096.88,SOUTH,Isha Rao,Cash on Delivery
AMZ101121,2023-09-04,Home & Kitchen,Electric Kettle,9.0,2892.02,26028.18,CENTRAL ,Anusha Joshi,Credit Card
AMZ102653,2023-04-05,Beauty & Personal Care,Lipstick Set,6.0,1183.91,7103.46,,Anusha Iyer,UPI
AMZ104050,2023-09-27,Beauty & Personal Care,Face Serum,6.0,1831.31,10987.86, North,Anusha Malhotra,UPI
AMZ101768,2024-02-03,Beauty & Personal Care,Trimmer,2.0,1229.1,2458.2, North,Tanvi Sharma,Credit Card
AMZ104126,2023-10-11,Books,Children's Story Book,6.0,844.75,5068.5,East,Manoj Agarwal,Credit Card
AMZ105703,2023-10-08,Home & Kitchen,Vacuum Cleaner,7.0,3829.89,26809.23,North,Pooja Agarwal,UPI
AMZ102998,2024-08-05,Books,Self-Help Book,3.0,358.42,1075.26, West,Lakshmi Chatterjee,Debit Card
AMZ101806,2023-09-30,Office Products,Whiteboard Marker Set,10.0,979.17,9791.7,CENTRAL ,Aditya Verma,UPI
AMZ101078,2024-11-25,Books,Cookbook,2.0,758.17,1516.34,north,Rohan Malhotra,Amazon Pay
AMZ104394,2024-11-14,Clothing,Formal Shirt,4.0,2359.07,9436.28,,Sneha Malhotra,UPI
AMZ103833,2023-03-22,Sports & Fitness,Dumbbell Set,8.0,2373.03,18984.24,east,Manoj Joshi,Net Banking
AMZ105649,2024-02-03,Home & Kitchen,Vacuum Cleaner,,2505.29,,East,Divya Sharma,Amazon Pay
AMZ103151,2024-06-25,Home & Kitchen,LED Desk Lamp,10.0,2546.41,25464.1,east,Deepak Bhatt,Amazon Pay
AMZ100206,2024-03-07,Sports & Fitness,Dumbbell Set,9.0,2542.44,22881.96,East,Imran Das,Debit Card
AMZ101332,2023-02-28,Toys & Games,Board Game,5.0,1735.47,8677.35, North,Pooja Reddy,Credit Card
AMZ102041,2024-01-15,Books,Self-Help Book,2.0,539.28,1078.56, West,Deepak Joshi,Cash on Delivery
AMZ103321,2023-01-08,Books,Children's Story Book,6.0,196.85,1181.1,west,Ananya Agarwal,Cash on Delivery
AMZ101090,2023-02-17,Home & Kitchen,Bed Sheet Set,2.0,4786.03,9572.06,North,Rohan Nair,Amazon Pay
AMZ104073,2023-11-12,Furniture,Office Chair,8.0,2968.23,23745.84,west,Yash Reddy,Amazon Pay
AMZ100173,2023-11-01,Home & Kitchen,Blender,3.0,4923.01,14769.03,west,Farhan Das,Amazon Pay
AMZ102775,2024-02-22,Toys & Games,Board Game,7.0,1065.2,7456.4,north,Vikram Bose,Debit Card
AMZ101828,2023-04-09,Grocery & Gourmet,Honey 500g,4.0,777.53,3110.12, North,Arjun Bose,Credit Card
AMZ102689,2024-10-12,Furniture,Study Table,6.0,7713.87,46283.22,South ,Ananya Kapoor,Amazon Pay
AMZ102846,2023-03-03,Toys & Games,Remote Control Car,5.0,1683.26,8416.3,north,Lakshmi Gupta,Cash on Delivery
AMZ103601,2024-11-26,Home & Kitchen,Storage Containers,7.0,4910.08,34370.56,east,Rahul Rao,UPI
AMZ104486,2024-06-08,Sports & Fitness,Dumbbell Set,10.0,1966.46,19664.6,north,Tanvi Joshi,Amazon Pay
AMZ104805,2023-09-27,Office Products,Printer Paper A4,4.0,626.96,2507.84,west,Vikram Malhotra,Amazon Pay
AMZ100107,2023-08-02,Sports & Fitness,Dumbbell Set,,3458.82,,West,Meera Bhatt,Credit Card
AMZ105459,2023-01-05,Home & Kitchen,Storage Containers,2.0,3713.77,7427.54,East,Aditya Kumar,Cash on Delivery
AMZ103910,2024-08-28,Toys & Games,Board Game,5.0,252.26,1261.3,,Farhan Bhatt,Debit Card
AMZ102873,2024-12-07,Home & Kitchen,Non-Stick Pan Set,9.0,3130.02,28170.18,South,Zoya Menon,Cash on Delivery
AMZ101880,2023-11-28,Books,Programming Guide,6.0,555.75,3334.5,NORTH,Sneha Pillai,Credit Card
AMZ105012,2023-05-21,Home & Kitchen,Vacuum Cleaner,4.0,3220.99,12883.96,EAST,Rahul Verma,Amazon Pay
AMZ103684,2023-01-16,Grocery & Gourmet,Basmati Rice 5kg,10.0,489.47,4894.7,South,Lakshmi Chatterjee,UPI
AMZ100406,2024-01-16,Grocery & Gourmet,Honey 500g,2.0,260.35,520.7,West,Suresh Das,Cash on Delivery
AMZ105279,2023-02-03,Toys & Games,Board Game,8.0,692.27,5538.16,,,Debit Card
AMZ101764,2024-04-28,Home & Kitchen,Bed Sheet Set,3.0,2484.29,7452.87, North,Vivek Verma,Net Banking
AMZ101246,2024-11-17,Books,Children's Story Book,9.0,775.34,6978.06,Central,Vikram Menon,Cash on Delivery
AMZ103520,2023-06-26,Grocery & Gourmet,Green Tea Pack,6.0,430.9,2585.4,south,Sanjay Iyer,Amazon Pay
AMZ101270,2024-03-20,Furniture,Office Chair,2.0,10980.3,21960.6,south,Lakshmi Patel,UPI
AMZ100500,2024-04-12,Sports & Fitness,Skipping Rope,2.0,2150.03,4300.06, North,Sneha Rao,Net Banking
AMZ104822,2023-02-24,Clothing,Formal Shirt,5.0,1809.39,9046.95,West,Sneha Patel,UPI
AMZ101829,2024-07-12,Grocery & Gourmet,Green Tea Pack,6.0,820.72,4924.32,east,Anusha Sharma,Debit Card
AMZ105667,2023-10-11,Beauty & Personal Care,Hair Dryer,3.0,834.4,2503.2, West,Rahul Rao,UPI
AMZ102230,2024-01-13,Furniture,Bedside Table,8.0,6333.79,50670.32,central,Farhan Malhotra,Net Banking
AMZ105118,2023-06-26,Books,Biography,8.0,257.14,2057.12,NORTH,Meera Reddy,Cash on Delivery
AMZ100591,2024-03-23,Electronics,Smart Watch,5.0,1891.69,9458.45,SOUTH,Lakshmi Kumar,Net Banking
AMZ104833,2024-06-09,Sports & Fitness,Skipping Rope,4.0,998.76,3995.04,east,Tanvi Rao,UPI
AMZ101324,2024-12-08,Clothing,Casual Sneakers,7.0,2265.4,15857.8,North,,UPI
AMZ105742,2024-10-05,Sports & Fitness,Dumbbell Set,9.0,1383.68,12453.12,West,Manoj Patel,Debit Card
AMZ103166,2023-06-04,Furniture,Bookshelf,10.0,1139.36,11393.6,Central,Anusha Agarwal,Credit Card
AMZ104587,2023-08-03,Beauty & Personal Care,Face Wash,6.0,292.65,1755.9,east,Neha Kumar,Debit Card
AMZ100526,2023-12-10,Beauty & Personal Care,Face Serum,4.0,346.16,1384.64,west,Kavya Verma,Amazon Pay
AMZ103873,2024-11-21,Beauty & Personal Care,Face Serum,3.0,1411.9,4235.7, North,Farhan Verma,Debit Card
AMZ103000,2023-03-04,Grocery & Gourmet,Cooking Oil 1L,3.0,799.27,2397.81,East,Nikhil Kumar,Debit Card
AMZ101386,2024-04-08,Beauty & Personal Care,Hair Dryer,5.0,577.15,2885.75,SOUTH,Vivek Joshi,Amazon Pay
AMZ101412,2024-11-16,Office Products,Whiteboard Marker Set,2.0,,,North,Rohan Reddy,Net Banking
AMZ104154,2024-09-05,Books,Programming Guide,10.0,370.03,3700.3,east,Isha Kumar,Credit Card
AMZ105737,2023-04-04,Sports & Fitness,Dumbbell Set,10.0,1297.88,12978.8,South,Sneha Malhotra,Net Banking
AMZ105648,2023-10-07,Clothing,Running Shoes,10.0,387.57,3875.7,,Arjun Malhotra,Amazon Pay
AMZ105812,2023-03-11,Toys & Games,Puzzle 1000pc,5.0,842.59,4212.95,South,Anusha Rao,Credit Card
AMZ101904,2024-08-31,Home & Kitchen,Bed Sheet Set,8.0,1194.69,9557.52,West,Isha Sharma,Amazon Pay
AMZ100143,2023-06-02,Beauty & Personal Care,Hair Dryer,8.0,442.45,3539.6,central,Anusha Singh,Amazon Pay
AMZ100363,2023-10-17,Books,Self-Help Book,4.0,137.16,548.64,North,Pooja Rao,Cash on Delivery
AMZ104149,2023-09-28,Grocery & Gourmet,Cooking Oil 1L,8.0,659.16,5273.28,west,Pooja Joshi,UPI
AMZ100364,2023-12-16,Beauty & Personal Care,Sunscreen SPF50,3.0,1260.89,3782.67,north,Priya Reddy,Cash on Delivery
AMZ105434,2023-10-28,Grocery & Gourmet,Basmati Rice 5kg,5.0,279.98,1399.9,CENTRAL ,Ritu Gupta,UPI
AMZ101498,2023-06-23,Beauty & Personal Care,Trimmer,4.0,1034.8,4139.2,SOUTH,Suresh Pillai,Debit Card
AMZ100003,2024-08-22,Electronics,Action Camera,4.0,3967.44,15869.76, North,Ananya Patel,Cash on Delivery
AMZ103271,2023-07-08,Grocery & Gourmet,Basmati Rice 5kg,5.0,753.58,3767.9,central,Aditya Malhotra,Cash on Delivery
AMZ102743,2023-09-27,Home & Kitchen,LED Desk Lamp,6.0,4617.96,27707.76,EAST,Aditya Kapoor,Net Banking
AMZ100743,2023-07-03,Home & Kitchen,Electric Kettle,5.0,417.24,2086.2, North,Nikhil Verma,Amazon Pay
AMZ102080,2024-05-08,Sports & Fitness,Skipping Rope,2.0,3373.93,6747.86,south,Ananya Menon,UPI
AMZ100965,2024-06-12,Toys & Games,Board Game,7.0,1851.71,12961.97,East,Karthik Rao,UPI
AMZ101714,2023-07-13,Beauty & Personal Care,Perfume 100ml,1.0,677.2,677.2, West,Imran Bose,UPI
AMZ104807,2023-10-03,Books,Self-Help Book,6.0,385.1,2310.6,east,Sanjay Verma,UPI
AMZ104821,2024-11-19,Office Products,Gel Pens Set,6.0,302.03,1812.18,Central,Isha Joshi,Credit Card
AMZ104714,2023-12-18,Sports & Fitness,Badminton Racket,9.0,2637.46,23737.14,east,Yash Chatterjee,Credit Card
AMZ102674,2023-06-21,Sports & Fitness,Badminton Racket,6.0,2290.76,13744.56,South,Yash Patel,UPI
AMZ103733,2024-04-09,Clothing,Men's T-Shirt,1.0,961.79,961.79,central,Rahul Agarwal,Cash on Delivery
AMZ102703,2024-07-04,Grocery & Gourmet,Honey 500g,1.0,460.3,460.3,NORTH,Zoya Rao,
AMZ103991,2023-03-11,Grocery & Gourmet,Honey 500g,6.0,321.46,1928.76,East,Imran Rao,Debit Card
AMZ101953,2023-07-27,Electronics,USB-C Cable,2.0,5153.05,10306.1,West,Ananya Das,UPI
AMZ102672,2023-08-22,Sports & Fitness,Skipping Rope,8.0,2879.71,23037.68,East,Meera Pillai,Cash on Delivery
AMZ100330,2023-05-27,Sports & Fitness,Yoga Mat,10.0,,,NORTH,Farhan Kapoor,Net Banking
AMZ103295,2023-11-03,Grocery & Gourmet,Basmati Rice 5kg,4.0,831.36,3325.44,West,Deepak Gupta,Amazon Pay
AMZ104281,2024-12-06,Clothing,Yoga Pants,2.0,1903.43,3806.86,East,Shreya Patel,Amazon Pay
AMZ101317,2023-09-08,Books,Fiction Novel,7.0,242.18,1695.26,South,Isha Das,UPI
AMZ105440,2024-11-24,Beauty & Personal Care,Hair Dryer,1.0,594.47,594.47,East,Deepak Pillai,Net Banking
AMZ105152,2023-05-07,Grocery & Gourmet,Honey 500g,7.0,869.29,6085.03,NORTH,Karthik Bose,Net Banking
AMZ104692,2024-08-18,Beauty & Personal Care,Trimmer,1.0,1671.06,1671.06,East,Tanvi Rao,Cash on Delivery
AMZ104675,2024-03-11,Electronics,Power Bank,3.0,5498.86,16496.58,South,Rahul Patel,Net Banking
AMZ101398,2024-04-20,Office Products,Whiteboard Marker Set,4.0,180.65,722.6,CENTRAL ,Vikram Joshi,Credit Card
AMZ103977,2023-07-11,Sports & Fitness,Badminton Racket,3.0,2023.34,6070.02,East,Imran Gupta,Net Banking
AMZ100770,2023-05-30,Electronics,Bluetooth Speaker,1.0,3956.68,3956.68,central,Ananya Bose,Cash on Delivery
AMZ103589,2024-05-15,Sports & Fitness,Skipping Rope,7.0,2916.82,20417.74,south,Manoj Joshi,Net Banking
AMZ103118,2023-08-02,Sports & Fitness,Resistance Bands,6.0,2824.48,16946.88,south,Lakshmi Chatterjee,Debit Card
AMZ104823,2024-05-04,Grocery & Gourmet,Instant Coffee Jar,8.0,727.28,5818.24,East,Manoj Rao,Net Banking
AMZ100100,2024-04-30,Office Products,Gel Pens Set,9.0,922.53,8302.77,East,Kavya Kumar,UPI
AMZ101394,2023-09-06,Electronics,Action Camera,7.0,2483.38,17383.66,Central,Pooja Kumar,Debit Card
AMZ104710,2023-07-17,Beauty & Personal Care,Hair Dryer,10.0,1231.07,12310.7,North,Ananya Gupta,Debit Card
AMZ101996,2024-01-24,Books,Self-Help Book,9.0,243.9,2195.1,NORTH,Arjun Singh,UPI
AMZ105468,2023-03-02,Beauty & Personal Care,Face Serum,8.0,355.71,2845.68,East,Pooja Menon,Credit Card
AMZ100969,2023-01-07,Beauty & Personal Care,Lipstick Set,10.0,428.06,4280.6,West,Manoj Menon,Net Banking
AMZ105492,2023-06-21,Electronics,Wireless Mouse,6.0,2479.36,14876.16,east,Kavya Joshi,Cash on Delivery
AMZ105691,2023-01-15,Books,Programming Guide,8.0,189.42,1515.36,north,Divya Agarwal,Credit Card
AMZ100393,2023-04-29,Books,Programming Guide,7.0,891.81,6242.67,Central,Zoya Rao,Amazon Pay
AMZ101132,2023-12-14,Clothing,Yoga Pants,8.0,1035.03,8280.24,South,Isha Pillai,Cash on Delivery
AMZ103639,2023-04-10,Toys & Games,Building Blocks Set,2.0,578.26,1156.52,SOUTH,Neha Kapoor,UPI
AMZ104471,2024-07-23,Furniture,Bedside Table,4.0,3651.29,14605.16, North,,Net Banking
AMZ103769,2024-08-24,Books,Biography,6.0,884.95,5309.7,East,Rohan Menon,Net Banking
AMZ104965,2023-07-12,Sports & Fitness,Skipping Rope,1.0,2182.01,2182.01,west,Ananya Bhatt,Debit Card
AMZ102879,2023-12-08,Office Products,Desk Organizer,7.0,50.4,352.8,NORTH,Neha Kumar,Cash on Delivery
AMZ105779,2023-02-10,Clothing,Running Shoes,5.0,,,EAST,Neha Reddy,Net Banking
AMZ103192,2024-05-07,Home & Kitchen,Bed Sheet Set,7.0,1383.54,9684.78,Central,Lakshmi Das,Debit Card
AMZ101975,2024-08-18,Toys & Games,Building Blocks Set,2.0,1400.62,2801.24,East,Pooja Iyer,Cash on Delivery
AMZ103757,2023-12-01,Home & Kitchen,LED Desk Lamp,8.0,4544.77,36358.16,South,Neha Bose,Debit Card
AMZ105160,2024-05-19,Furniture,Bean Bag,5.0,2434.83,12174.15,East,Imran Kumar,Debit Card
AMZ105739,2024-07-07,Sports & Fitness,Resistance Bands,1.0,1126.41,1126.41,NORTH,Arjun Kapoor,Cash on Delivery
AMZ104080,2023-06-16,Furniture,Office Chair,9.0,3612.53,32512.77,east,Arjun Menon,Debit Card
AMZ101367,2024-10-06,Sports & Fitness,Badminton Racket,5.0,1750.18,8750.9,East,Imran Nair,Credit Card
AMZ100131,2024-05-31,Electronics,Smart Watch,6.0,4776.0,28656.0, North,Ritu Reddy,Credit Card
AMZ105295,2024-05-17,Sports & Fitness,Skipping Rope,4.0,2560.7,10242.8,NORTH,Ritu Nair,Credit Card
AMZ105437,2023-05-19,Sports & Fitness,Badminton Racket,10.0,2911.51,29115.1,South,Farhan Iyer,Cash on Delivery
AMZ103935,2023-03-13,Grocery & Gourmet,Cooking Oil 1L,3.0,674.18,2022.54,north,Ritu Singh,
AMZ103363,2024-01-01,Grocery & Gourmet,Green Tea Pack,3.0,134.65,403.95,East,Isha Reddy,Cash on Delivery
AMZ102725,2023-02-27,Furniture,Bedside Table,2.0,6313.59,12627.18,South ,Rohan Verma,Debit Card
AMZ100408,2024-12-29,Books,Children's Story Book,7.0,778.76,5451.32,SOUTH,Sneha Bhatt,Debit Card
AMZ105490,2024-09-27,Sports & Fitness,Badminton Racket,7.0,1581.33,11069.31,CENTRAL ,Kavya Nair,Debit Card
AMZ100214,2023-03-03,Books,Programming Guide,3.0,865.16,2595.48,central,Zoya Bose,Cash on Delivery
AMZ100167,2024-01-24,Sports & Fitness,Dumbbell Set,5.0,1611.6,8058.0,EAST,Sanjay Kapoor,Debit Card
AMZ100019,2023-02-23,Electronics,Power Bank,4.0,2922.45,11689.8,North,Vikram Kumar,Cash on Delivery
AMZ102906,2024-01-16,Office Products,Notebook Pack,5.0,222.61,1113.05,South,Neha Pillai,
AMZ100755,2023-11-30,Office Products,Desk Organizer,10.0,464.24,4642.4,SOUTH,Aditya Chatterjee,Cash on Delivery
AMZ101300,2023-09-18,Office Products,Stapler,9.0,146.97,1322.73,CENTRAL ,Ananya Singh,Debit Card
AMZ100608,2024-03-01,Office Products,Notebook Pack,2.0,874.13,1748.26,West,Tanvi Malhotra,Amazon Pay
AMZ101272,2023-07-31,Sports & Fitness,Yoga Mat,7.0,2174.29,15220.03,west,Aditya Patel,UPI
AMZ100700,2023-04-06,Office Products,Notebook Pack,8.0,876.63,7013.04,East,Shreya Sharma,Credit Card
AMZ103968,2024-03-26,Clothing,Women's Kurti,3.0,2431.19,7293.57,east,Manoj Kapoor,Debit Card
AMZ101024,2023-11-04,Sports & Fitness,Dumbbell Set,1.0,1343.94,1343.94,east,Zoya Verma,Debit Card
AMZ103330,2023-06-10,Home & Kitchen,Non-Stick Pan Set,1.0,1378.3,1378.3,central,Meera Kapoor,Credit Card
AMZ103906,2023-08-21,Toys & Games,Soft Toy,6.0,1105.87,6635.22,North,Sanjay Menon,Debit Card
AMZ101580,2023-11-28,Grocery & Gourmet,Instant Coffee Jar,8.0,808.2,6465.6,north,Farhan Sharma,Debit Card
AMZ100366,2023-02-28,Sports & Fitness,Badminton Racket,8.0,1536.55,12292.4, North,Deepak Kumar,Debit Card
AMZ105580,2023-08-14,Home & Kitchen,LED Desk Lamp,3.0,3153.37,9460.11,south,Tanvi Pillai,Amazon Pay
AMZ104927,2024-05-13,Grocery & Gourmet,Honey 500g,1.0,465.71,465.71, West,Pooja Iyer,Amazon Pay
AMZ101212,2024-09-06,Furniture,Study Table,3.0,8798.51,26395.53,North,Isha Bose,Debit Card
AMZ100477,2023-05-27,Sports & Fitness,Skipping Rope,8.0,2857.92,22863.36, West,Karthik Gupta,Amazon Pay
AMZ102790,2023-01-02,Furniture,Bedside Table,3.0,10664.72,31994.16,Central,Lakshmi Das,Net Banking
AMZ102495,2023-04-04,Furniture,Bookshelf,5.0,1368.11,6840.55, West,Manoj Sharma,Net Banking
AMZ100036,2023-09-12,Grocery & Gourmet,Instant Coffee Jar,8.0,726.42,5811.36,Central,Vikram Malhotra,Credit Card
AMZ105562,2023-11-20,Office Products,Desk Organizer,8.0,461.1,3688.8,central,Zoya Iyer,Amazon Pay
AMZ104019,2024-04-16,Beauty & Personal Care,Perfume 100ml,8.0,229.04,1832.32,south,Manoj Patel,Net Banking
AMZ104018,2024-04-15,Grocery & Gourmet,Basmati Rice 5kg,6.0,748.38,4490.28,central,Ananya Chatterjee,Debit Card
AMZ102726,2023-12-11,Clothing,Casual Sneakers,2.0,1729.57,3459.14, West,Pooja Pillai,Credit Card
AMZ100652,2023-03-14,Books,Children's Story Book,10.0,150.5,1505.0,south,Anusha Rao,Cash on Delivery
AMZ105745,2023-10-10,Electronics,Power Bank,3.0,1288.0,3864.0,west,Kavya Rao,Net Banking
AMZ102561,2024-03-10,Books,Biography,5.0,161.7,808.5, North,Neha Pillai,Amazon Pay
AMZ103387,2023-08-22,Office Products,Whiteboard Marker Set,4.0,103.44,413.76,West,Imran Das,Credit Card
AMZ103414,2024-03-18,Toys & Games,Remote Control Car,4.0,464.02,1856.08,South,Ritu Nair,Net Banking
AMZ104763,2023-05-24,Sports & Fitness,Yoga Mat,4.0,3135.29,12541.16, West,Zoya Malhotra,Credit Card
AMZ102756,2024-04-11,Clothing,Winter Hoodie,8.0,1349.19,10793.52,Central,Ritu Sharma,Cash on Delivery
AMZ101378,2023-11-03,Sports & Fitness,Resistance Bands,3.0,2826.96,8480.88, West,Sanjay Bhatt,Credit Card
AMZ101684,2024-10-15,Books,Self-Help Book,7.0,717.05,5019.35,central,Rahul Kumar,UPI
AMZ101344,2023-03-14,Sports & Fitness,Badminton Racket,6.0,2443.77,14662.62,EAST,Deepak Rao,Net Banking
AMZ101042,2023-08-13,Home & Kitchen,Blender,7.0,4027.16,28190.12,North,Ananya Agarwal,Net Banking
AMZ102863,2024-04-19,Sports & Fitness,Cricket Bat,6.0,2382.17,14293.02,SOUTH,Deepak Kumar,Debit Card
AMZ105031,2023-06-04,Home & Kitchen,LED Desk Lamp,8.0,4262.03,34096.24,central,Ananya Reddy,Amazon Pay
AMZ104182,2023-03-08,Clothing,Casual Sneakers,10.0,1024.53,10245.3,north,Sneha Malhotra,UPI
AMZ105494,2023-05-27,Furniture,Bedside Table,3.0,7591.25,22773.75,,Neha Rao,Cash on Delivery
AMZ102059,2023-07-07,Clothing,Men's T-Shirt,4.0,1320.0,5280.0,SOUTH,Rohan Kumar,Credit Card
AMZ101305,2024-01-23,Grocery & Gourmet,Green Tea Pack,8.0,270.68,2165.44,Central,Nikhil Rao,Cash on Delivery
AMZ100226,2023-01-22,Home & Kitchen,Air Fryer,10.0,441.69,4416.9,East,Meera Kapoor,Cash on Delivery
AMZ104712,2024-11-24,Electronics,Wireless Earbuds,7.0,5948.3,41638.1,west,Lakshmi Kumar,Debit Card
AMZ103627,2024-01-20,Beauty & Personal Care,Face Serum,4.0,1596.41,6385.64,west,Priya Malhotra,Debit Card
AMZ101323,2023-11-09,Home & Kitchen,Electric Kettle,10.0,3078.3,30783.0,central,Zoya Menon,Cash on Delivery
AMZ100979,2024-10-13,Home & Kitchen,Electric Kettle,2.0,1884.9,3769.8, West,Rohan Menon,
AMZ105633,2023-10-07,Home & Kitchen,Vacuum Cleaner,3.0,4476.76,13430.28,North,Isha Iyer,Net Banking
AMZ103759,2023-03-25,Home & Kitchen,Bed Sheet Set,2.0,2788.89,5577.78,East,Ananya Das,Amazon Pay
AMZ104891,2023-02-27,Furniture,Study Table,10.0,4594.73,45947.3,South,Farhan Agarwal,Cash on Delivery
AMZ101062,2023-04-25,Beauty & Personal Care,Hair Dryer,2.0,1083.89,2167.78,east,Sneha Verma,
AMZ101382,2024-08-21,Books,Fiction Novel,7.0,575.76,4030.32,,Rohan Nair,Amazon Pay
AMZ103708,2023-12-21,Books,Programming Guide,5.0,176.95,884.75,North,Neha Joshi,Net Banking
AMZ102829,2023-09-01,Beauty & Personal Care,Trimmer,4.0,1313.8,5255.2,CENTRAL ,Lakshmi Menon,
AMZ103994,2023-08-16,Office Products,Whiteboard Marker Set,6.0,404.41,2426.46,central,Pooja Kapoor,UPI
AMZ102805,2023-07-03,Electronics,Smart Watch,9.0,5408.25,48674.25,South,Kavya Joshi,Cash on Delivery
AMZ102162,2024-06-29,Grocery & Gourmet,Almonds 500g,3.0,430.28,1290.84,South,Karthik Malhotra,Cash on Delivery
AMZ102396,2023-12-13,Toys & Games,Soft Toy,10.0,1573.21,15732.1,east,Farhan Patel,Net Banking
AMZ102475,2024-07-02,Beauty & Personal Care,Face Serum,8.0,1463.69,11709.52,CENTRAL ,Pooja Bhatt,Net Banking
AMZ105397,2024-07-19,Home & Kitchen,Bed Sheet Set,1.0,1957.59,1957.59,CENTRAL ,Yash Gupta,Debit Card
AMZ101736,2023-04-26,Home & Kitchen,LED Desk Lamp,8.0,4175.74,33405.92,central,Divya Reddy,Amazon Pay
AMZ104994,2023-05-10,Books,Self-Help Book,6.0,400.44,2402.64,CENTRAL ,Imran Sharma,UPI
AMZ104076,2024-07-16,Sports & Fitness,Yoga Mat,9.0,2102.08,18918.72,EAST,Zoya Rao,Net Banking
AMZ101228,2023-06-20,Toys & Games,Building Blocks Set,6.0,935.28,5611.68,CENTRAL ,Sneha Verma,Credit Card
AMZ103484,2023-07-21,Beauty & Personal Care,Sunscreen SPF50,9.0,1082.53,9742.77,south,Rahul Gupta,UPI
AMZ102463,2024-02-14,Home & Kitchen,LED Desk Lamp,10.0,473.2,4732.0,Central,Vikram Singh,Cash on Delivery
AMZ102098,2024-06-23,Books,Programming Guide,7.0,799.14,5593.98,east,Sanjay Malhotra,Debit Card
AMZ104490,2023-05-01,Furniture,Bean Bag,2.0,5677.63,11355.26,Central,Sanjay Verma,Cash on Delivery
AMZ101657,2024-01-26,Sports & Fitness,Badminton Racket,1.0,2145.19,2145.19, West,Rahul Pillai,UPI
AMZ103509,2024-10-29,Electronics,Power Bank,9.0,1445.54,13009.86, North,Zoya Sharma,Debit Card
AMZ104663,2024-02-06,Sports & Fitness,Cricket Bat,8.0,2823.77,22590.16,South,Pooja Kumar,Credit Card
AMZ104179,2023-02-20,Sports & Fitness,Cricket Bat,10.0,1467.54,14675.4,West,Suresh Bhatt,Amazon Pay
AMZ104269,2024-04-06,Electronics,Power Bank,10.0,3473.02,34730.2,South,Farhan Joshi,
AMZ103938,2023-09-22,Furniture,Office Chair,6.0,10921.97,65531.82, North,Meera Rao,UPI
AMZ100791,2023-05-06,Clothing,Formal Shirt,1.0,1460.32,1460.32,East,Farhan Bose,Credit Card
AMZ103764,2024-09-22,Home & Kitchen,Non-Stick Pan Set,7.0,4440.15,31081.05, West,Rohan Nair,Credit Card
AMZ102309,2024-08-13,Books,Self-Help Book,5.0,819.63,4098.15,south,Nikhil Pillai,UPI
AMZ105051,2023-10-07,Grocery & Gourmet,Cooking Oil 1L,9.0,266.16,2395.44,North,Vikram Malhotra,UPI
AMZ101686,2023-11-23,Electronics,Wireless Mouse,3.0,780.02,2340.06,South,Pooja Nair,Debit Card
AMZ103529,2024-04-12,Grocery & Gourmet,Basmati Rice 5kg,2.0,379.49,758.98,South ,Tanvi Kapoor,Amazon Pay
AMZ105452,2024-09-22,Electronics,USB-C Cable,10.0,5329.83,53298.3,SOUTH,Zoya Rao,UPI
AMZ102442,2023-02-28,Toys & Games,Building Blocks Set,4.0,318.16,1272.64,CENTRAL ,Sneha Sharma,Debit Card
AMZ103225,2024-04-07,Sports & Fitness,Resistance Bands,1.0,1944.79,1944.79,east,Farhan Bose,Debit Card
AMZ100913,2024-08-11,Furniture,Bedside Table,4.0,2017.98,8071.92,Central,Anusha Malhotra,Cash on Delivery
AMZ100320,2023-04-26,Electronics,Wireless Earbuds,5.0,1583.12,7915.6,East,Shreya Das,Net Banking
AMZ101206,2023-04-15,Furniture,Bookshelf,9.0,11321.26,101891.34,SOUTH,Priya Chatterjee,Amazon Pay
AMZ102965,2024-04-06,Furniture,Bedside Table,10.0,9622.15,96221.5,south,Shreya Kapoor,Amazon Pay
AMZ102337,2023-11-27,Sports & Fitness,Resistance Bands,10.0,1332.31,13323.1,West,Sanjay Patel,UPI
AMZ103381,2023-02-13,Electronics,Bluetooth Speaker,2.0,1782.13,3564.26,EAST,Vikram Nair,Cash on Delivery
AMZ105136,2023-06-09,Office Products,Desk Organizer,4.0,259.35,1037.4,North,Tanvi Pillai,
AMZ104478,2023-07-24,Office Products,Desk Organizer,8.0,301.51,2412.08,NORTH,Tanvi Sharma,Credit Card
AMZ103328,2023-03-25,Electronics,Smart Watch,3.0,3843.71,11531.13,East,Sneha Joshi,Credit Card
AMZ102502,2023-06-14,Grocery & Gourmet,Instant Coffee Jar,7.0,813.1,5691.7,West,Kavya Menon,Net Banking
AMZ100187,2023-01-03,Sports & Fitness,Dumbbell Set,7.0,2467.59,17273.13,EAST,Suresh Gupta,
AMZ101254,2023-12-24,Beauty & Personal Care,Face Wash,1.0,732.06,732.06,east,Priya Bhatt,Amazon Pay
AMZ102799,2024-06-09,Sports & Fitness,Dumbbell Set,6.0,624.37,3746.22,west,Ananya Sharma,Amazon Pay
AMZ102678,2024-11-11,Books,Children's Story Book,7.0,,,West,Sanjay Malhotra,UPI
AMZ104397,2023-09-18,Books,Cookbook,4.0,107.26,429.04,SOUTH,Vikram Joshi,Net Banking
AMZ102339,2024-02-25,Books,Biography,4.0,602.76,2411.04,north,Deepak Joshi,Debit Card
AMZ100891,2023-09-13,Grocery & Gourmet,Instant Coffee Jar,7.0,829.82,5808.74,South,Sanjay Reddy,Debit Card
AMZ102088,2023-09-22,Home & Kitchen,Bed Sheet Set,5.0,2911.44,14557.2,EAST,Imran Singh,UPI
AMZ104650,2023-08-21,Electronics,Action Camera,3.0,4235.93,12707.79,central,Kavya Bose,UPI
AMZ100130,2024-05-31,Toys & Games,Building Blocks Set,3.0,844.44,2533.32,North,Karthik Reddy,Net Banking
AMZ103146,2024-04-23,Beauty & Personal Care,Lipstick Set,2.0,686.48,1372.96,CENTRAL ,Farhan Sharma,Net Banking
AMZ105425,2024-01-06,Electronics,Mechanical Keyboard,4.0,3556.55,14226.2,West,Pooja Malhotra,Debit Card
AMZ104314,2024-04-26,Clothing,Denim Jacket,10.0,611.25,6112.5, West,Neha Agarwal,Amazon Pay
AMZ105669,2023-04-29,Books,Cookbook,5.0,549.17,2745.85,West,Nikhil Reddy,UPI
AMZ103167,2023-08-10,Books,Biography,9.0,111.64,1004.76,EAST,Anusha Malhotra,Debit Card
AMZ105075,2023-07-10,Books,Programming Guide,2.0,585.89,1171.78,Central,Lakshmi Rao,Credit Card
AMZ101838,2023-10-17,Grocery & Gourmet,Instant Coffee Jar,1.0,502.7,502.7, West,Zoya Iyer,Amazon Pay
AMZ105411,2024-03-13,Sports & Fitness,Badminton Racket,5.0,851.05,4255.25,South ,Zoya Singh,Debit Card
AMZ101071,2023-01-22,Home & Kitchen,Air Fryer,3.0,1729.49,5188.47,West,Shreya Iyer,Net Banking
AMZ102165,2023-06-22,Office Products,Desk Organizer,6.0,231.6,1389.6,West,Vivek Iyer,UPI
AMZ100582,2023-04-20,Clothing,Winter Hoodie,1.0,369.15,369.15,North,Yash Nair,Cash on Delivery
AMZ100961,2024-02-27,Grocery & Gourmet,Basmati Rice 5kg,5.0,219.23,1096.15,east,Isha Kumar,UPI
AMZ102252,2024-12-01,Beauty & Personal Care,Lipstick Set,3.0,846.5,2539.5,Central,Arjun Chatterjee,Amazon Pay
AMZ101451,2023-10-18,Electronics,Laptop Stand,2.0,5410.62,10821.24,South,Suresh Patel,Debit Card
AMZ100304,2023-03-09,Home & Kitchen,Electric Kettle,6.0,4083.35,24500.1,CENTRAL ,Isha Das,Debit Card
AMZ104089,2024-03-10,Home & Kitchen,LED Desk Lamp,6.0,3429.07,20574.42,South,,UPI
AMZ102870,2024-02-02,Grocery & Gourmet,Cooking Oil 1L,9.0,871.91,7847.19,central,Shreya Reddy,Debit Card
AMZ104525,2024-07-02,Clothing,Formal Shirt,7.0,718.13,5026.91,EAST,Neha Rao,Debit Card
AMZ100619,2024-06-28,Office Products,Printer Paper A4,6.0,544.39,3266.34,east,Anusha Verma,Cash on Delivery
AMZ101775,2024-07-17,Toys & Games,Soft Toy,8.0,900.24,7201.92,South ,Shreya Das,Net Banking
AMZ103779,2023-03-15,Books,Fiction Novel,2.0,106.17,212.34,west,Sanjay Reddy,Credit Card
AMZ105297,2023-05-27,Toys & Games,Remote Control Car,6.0,1810.18,10861.08,SOUTH,Pooja Malhotra,Net Banking
AMZ103567,2024-09-29,Home & Kitchen,Vacuum Cleaner,5.0,488.41,2442.05,East,Shreya Nair,Debit Card
AMZ100576,2023-01-31,Electronics,Laptop Stand,4.0,1330.89,5323.56,Central,Yash Singh,Net Banking
AMZ100572,2023-02-28,Beauty & Personal Care,Perfume 100ml,9.0,932.43,8391.87,East,Sanjay Kumar,Amazon Pay
AMZ103135,2024-05-08,Office Products,Printer Paper A4,1.0,516.51,516.51,North,Tanvi Das,Amazon Pay
AMZ103969,2024-09-23,Grocery & Gourmet,Cooking Oil 1L,4.0,772.43,3089.72,west,Ritu Gupta,Credit Card
AMZ104630,2024-10-27,Sports & Fitness,Badminton Racket,3.0,433.33,1299.99,,Nikhil Nair,Net Banking
AMZ101770,2024-02-25,Toys & Games,Soft Toy,1.0,244.82,244.82,EAST,Meera Kapoor,Net Banking
AMZ103860,2023-09-28,Office Products,Printer Paper A4,2.0,413.5,827.0,Central,Ritu Joshi,Amazon Pay
AMZ104722,2023-04-28,Home & Kitchen,Storage Containers,9.0,3968.97,35720.73,EAST,Vivek Gupta,UPI
AMZ104755,2024-10-14,Home & Kitchen,Bed Sheet Set,9.0,4721.29,42491.61,EAST,Divya Pillai,UPI
AMZ100925,2024-06-22,Electronics,Wireless Mouse,10.0,700.27,7002.7,north,Suresh Rao,Credit Card
AMZ101192,2023-06-29,Furniture,Bedside Table,,11886.42,,West,Tanvi Pillai,Cash on Delivery
AMZ101660,2023-09-22,Sports & Fitness,Dumbbell Set,7.0,976.5,6835.5,South ,Pooja Chatterjee,Net Banking
AMZ102204,2024-10-25,Furniture,Bookshelf,5.0,4093.2,20466.0,west,Karthik Joshi,Net Banking
AMZ103443,2024-03-30,Furniture,Bedside Table,6.0,4020.89,24125.34,SOUTH,Nikhil Nair,Amazon Pay
AMZ102040,2023-02-15,Beauty & Personal Care,Face Wash,9.0,1119.98,10079.82,west,Isha Iyer,Cash on Delivery
AMZ100823,2024-08-26,Sports & Fitness,Badminton Racket,2.0,3454.53,6909.06, West,Anusha Agarwal,Credit Card
AMZ101313,2024-04-13,Grocery & Gourmet,Cooking Oil 1L,,263.03,,west,Sneha Kumar,Amazon Pay
AMZ101756,2023-03-24,Sports & Fitness,Badminton Racket,6.0,3426.71,20560.26,CENTRAL ,Nikhil Kumar,UPI
AMZ101093,2023-01-06,Grocery & Gourmet,Instant Coffee Jar,5.0,272.51,1362.55,east,Farhan Rao,Net Banking
AMZ100194,2024-04-23,Books,Cookbook,3.0,477.59,1432.77,,Sanjay Patel,Net Banking
AMZ103989,2023-08-03,Grocery & Gourmet,Cooking Oil 1L,8.0,535.32,4282.56,Central,Divya Reddy,UPI
AMZ103124,2024-11-04,Furniture,Bean Bag,2.0,9349.94,18699.88,West,Manoj Kumar,Debit Card
AMZ104664,2023-07-04,Furniture,Office Chair,2.0,5482.42,10964.84,east,Anusha Chatterjee,Credit Card
AMZ105460,2024-04-04,Office Products,Printer Paper A4,7.0,905.99,6341.93,central,Vivek Reddy,
AMZ104241,2024-08-16,Electronics,Mechanical Keyboard,2.0,2919.38,5838.76,South ,Vikram Singh,UPI
AMZ102277,2023-06-01,Books,Fiction Novel,8.0,469.41,3755.28, West,Pooja Reddy,Cash on Delivery
AMZ105432,2023-07-24,Furniture,Bookshelf,9.0,10187.9,91691.1, West,Meera Kumar,Cash on Delivery
AMZ103846,2023-07-26,Sports & Fitness,Cricket Bat,,2884.3,,East,Meera Reddy,Debit Card
AMZ103730,2024-12-16,Clothing,Formal Shirt,7.0,2300.3,16102.1,EAST,Vivek Kumar,Cash on Delivery
AMZ103694,2024-05-06,Furniture,Bedside Table,10.0,12217.46,122174.6,west,Neha Iyer,Credit Card
AMZ102378,2023-11-20,Furniture,Study Table,10.0,12435.06,124350.6, West,Anusha Kumar,Cash on Delivery
AMZ100334,2024-01-13,Home & Kitchen,Non-Stick Pan Set,10.0,3393.65,33936.5,east,Ananya Agarwal,Net Banking
AMZ101912,2023-11-10,Clothing,Winter Hoodie,3.0,1040.33,3120.99, West,Farhan Kumar,Amazon Pay
AMZ105021,2023-10-11,Beauty & Personal Care,Trimmer,10.0,1801.1,18011.0,East,Sanjay Patel,Net Banking
AMZ103615,2024-03-25,Beauty & Personal Care,Perfume 100ml,8.0,1264.49,10115.92,central,Meera Kumar,Debit Card
AMZ105782,2023-08-14,Beauty & Personal Care,Sunscreen SPF50,3.0,1601.97,4805.91, West,Rahul Das,UPI
AMZ105662,2023-02-07,Toys & Games,Building Blocks Set,10.0,338.33,3383.3, West,Suresh Bhatt,Net Banking
AMZ101900,2024-01-29,Office Products,Gel Pens Set,4.0,461.94,1847.76,NORTH,,Debit Card
AMZ104916,2024-02-05,Clothing,Formal Shirt,4.0,466.43,1865.72,East,Anusha Joshi,Credit Card
AMZ101987,2024-07-30,Beauty & Personal Care,Face Wash,2.0,1210.81,2421.62,south,Sneha Gupta,Credit Card
AMZ102652,2024-04-07,Clothing,Yoga Pants,4.0,1889.82,7559.28,West,Vikram Reddy,Debit Card
AMZ102719,2024-11-08,Clothing,Winter Hoodie,7.0,1331.96,9323.72,North,Vivek Chatterjee,Amazon Pay
AMZ105559,2024-01-25,Beauty & Personal Care,Lipstick Set,4.0,183.17,732.68,south,Arjun Rao,Cash on Delivery
AMZ104138,2023-04-20,Beauty & Personal Care,Trimmer,9.0,1063.38,9570.42,West,Ananya Pillai,Net Banking
AMZ100095,2023-01-25,Office Products,Printer Paper A4,10.0,188.06,1880.6,north,Divya Patel,Debit Card
AMZ101885,2024-05-18,Grocery & Gourmet,Instant Coffee Jar,6.0,498.07,2988.42,EAST,Anusha Pillai,UPI
AMZ103180,2024-08-04,Toys & Games,Remote Control Car,4.0,1187.27,4749.08,North,Ananya Kumar,Amazon Pay
AMZ105537,2024-06-08,Sports & Fitness,Cricket Bat,4.0,2422.16,9688.64,NORTH,Ananya Agarwal,Credit Card
AMZ105768,2023-05-01,Electronics,Laptop Stand,10.0,5005.26,50052.6,EAST,Kavya Gupta,Net Banking
AMZ103056,2024-11-18,Toys & Games,Soft Toy,8.0,1037.4,8299.2,East,Imran Kapoor,Net Banking
AMZ102449,2024-11-12,Electronics,Wireless Earbuds,9.0,652.37,5871.33,West,Ananya Gupta,UPI
AMZ100312,2024-03-29,Toys & Games,Board Game,4.0,705.1,2820.4,central,Priya Verma,Net Banking
AMZ102675,2024-09-08,Grocery & Gourmet,Instant Coffee Jar,3.0,239.54,718.62,east,Kavya Joshi,Cash on Delivery
AMZ102238,2024-02-13,Office Products,Notebook Pack,9.0,948.98,8540.82,north,Lakshmi Gupta,Amazon Pay
AMZ104537,2023-05-05,Clothing,Formal Shirt,10.0,1039.35,10393.5, North,Zoya Reddy,Amazon Pay
AMZ104194,2024-02-18,Toys & Games,Remote Control Car,10.0,1424.91,14249.1,South,Manoj Singh,Cash on Delivery
AMZ101918,2024-12-27,Sports & Fitness,Resistance Bands,,2375.01,,CENTRAL ,Rohan Bose,Cash on Delivery
AMZ101759,2023-06-05,Books,Children's Story Book,6.0,659.71,3958.26,north,Kavya Chatterjee,Credit Card
AMZ101679,2024-03-14,Electronics,Mechanical Keyboard,10.0,5657.31,56573.1,EAST,Aditya Patel,Credit Card
AMZ105671,2023-05-22,Home & Kitchen,Electric Kettle,6.0,2260.49,13562.94,south,,Cash on Delivery
AMZ100818,2024-04-23,Sports & Fitness,Yoga Mat,5.0,1424.43,7122.15,West,Rohan Menon,Debit Card
AMZ104764,2023-01-04,Office Products,Whiteboard Marker Set,4.0,432.49,1729.96,South ,Arjun Bhatt,Net Banking
AMZ104101,2023-03-30,Clothing,Casual Sneakers,6.0,2027.41,12164.46,South ,Vikram Nair,Credit Card
AMZ104148,2024-11-16,Grocery & Gourmet,Instant Coffee Jar,2.0,521.89,1043.78,east,Kavya Das,Credit Card
AMZ103012,2024-10-26,Books,Children's Story Book,3.0,442.77,1328.31,north,Yash Reddy,Cash on Delivery
AMZ100362,2023-01-24,Toys & Games,Building Blocks Set,6.0,1817.39,10904.34,West,Meera Menon,Cash on Delivery
AMZ102180,2024-01-11,Sports & Fitness,Resistance Bands,5.0,3496.19,17480.95,,Kavya Menon,Debit Card
AMZ101861,2023-07-13,Grocery & Gourmet,Instant Coffee Jar,9.0,736.86,6631.74,south,Suresh Das,UPI
AMZ103204,2023-10-15,Books,Cookbook,6.0,700.04,4200.24,EAST,,Debit Card
AMZ102844,2024-03-26,Office Products,Stapler,2.0,59.6,119.2,south,Deepak Sharma,Net Banking
AMZ100596,2023-12-27,Books,Programming Guide,8.0,353.82,2830.56,CENTRAL ,Karthik Das,Amazon Pay
AMZ104056,2023-05-11,Sports & Fitness,Resistance Bands,3.0,482.29,1446.87,Central,Suresh Joshi,Net Banking
AMZ104852,2024-11-29,Electronics,Bluetooth Speaker,2.0,3052.3,6104.6, West,Pooja Rao,Debit Card
AMZ103985,2023-06-06,Grocery & Gourmet,Cooking Oil 1L,5.0,316.7,1583.5,South ,Rahul Bhatt,UPI
AMZ104708,2024-04-17,Furniture,Bean Bag,7.0,8904.44,62331.08, North,Vivek Bose,UPI
AMZ100090,2024-10-27,Beauty & Personal Care,Trimmer,4.0,1160.95,4643.8,central,Anusha Pillai,Amazon Pay
AMZ100088,2023-07-16,Books,Biography,2.0,178.56,357.12,west,Aditya Kapoor,Cash on Delivery
AMZ105001,2024-01-18,Grocery & Gourmet,Honey 500g,9.0,303.27,2729.43,east,Deepak Patel,Net Banking
AMZ105290,2024-05-21,Toys & Games,Remote Control Car,1.0,536.12,536.12,West,Lakshmi Malhotra,Amazon Pay
AMZ100583,2024-02-01,Sports & Fitness,Dumbbell Set,10.0,2948.2,29482.0,central,Arjun Singh,Debit Card
AMZ102265,2024-03-06,Sports & Fitness,Resistance Bands,5.0,3449.77,17248.85,south,Divya Malhotra,Amazon Pay
AMZ104361,2023-08-09,Sports & Fitness,Badminton Racket,2.0,2769.27,5538.54, West,Rohan Iyer,Cash on Delivery
AMZ101363,2023-08-23,Books,Cookbook,1.0,162.07,162.07,,Divya Malhotra,Amazon Pay
AMZ101812,2023-06-12,Home & Kitchen,Blender,2.0,4777.86,9555.72,east,Isha Singh,Credit Card
AMZ103128,2023-12-14,Toys & Games,Remote Control Car,4.0,842.74,3370.96,south,Suresh Rao,Debit Card
AMZ101763,2024-06-01,Home & Kitchen,Air Fryer,2.0,689.34,1378.68,SOUTH,Suresh Nair,Cash on Delivery
AMZ104995,2024-08-15,Books,Cookbook,6.0,389.63,2337.78,south,Nikhil Chatterjee,UPI
AMZ100897,2023-08-27,Office Products,Notebook Pack,8.0,121.53,972.24,NORTH,Ananya Joshi,UPI
AMZ104428,2023-12-12,Furniture,Bean Bag,4.0,1664.38,6657.52,east,Suresh Gupta,Net Banking
AMZ100855,2023-02-24,Electronics,USB-C Cable,1.0,3215.49,3215.49,Central,Isha Pillai,Cash on Delivery
AMZ100210,2023-08-12,Office Products,Gel Pens Set,1.0,454.65,454.65,South,Anusha Iyer,Credit Card
AMZ104864,2024-01-11,Beauty & Personal Care,Perfume 100ml,8.0,949.62,7596.96,central,Manoj Kumar,Net Banking
AMZ101098,2024-01-06,Sports & Fitness,Badminton Racket,8.0,2860.16,22881.28,South ,Suresh Chatterjee,UPI
AMZ105259,2024-05-09,Grocery & Gourmet,Instant Coffee Jar,2.0,867.19,1734.38,east,Kavya Verma,Debit Card
AMZ104388,2023-01-26,Toys & Games,Remote Control Car,7.0,506.02,3542.14,south,Rahul Kumar,UPI
AMZ101616,2024-04-19,Books,Self-Help Book,8.0,233.28,1866.24,north,Imran Gupta,Net Banking
AMZ101126,2023-07-13,Sports & Fitness,Cricket Bat,10.0,1676.98,16769.8,NORTH,Imran Sharma,Credit Card
AMZ104498,2024-12-18,Grocery & Gourmet,Green Tea Pack,3.0,482.61,1447.83,South,Imran Bhatt,Credit Card
AMZ102434,2023-08-16,Grocery & Gourmet,Basmati Rice 5kg,5.0,535.03,2675.15,SOUTH,Farhan Menon,Amazon Pay
AMZ105585,2024-10-08,Office Products,Whiteboard Marker Set,10.0,602.17,6021.7,West,Yash Kapoor,Net Banking
AMZ105442,2024-03-21,Sports & Fitness,Dumbbell Set,9.0,1000.9,9008.1,east,Ritu Gupta,
AMZ100972,2023-10-20,Office Products,Notebook Pack,4.0,731.16,2924.64,South,Sanjay Verma,UPI
AMZ100946,2023-05-01,Beauty & Personal Care,Perfume 100ml,3.0,375.05,1125.15,West,Ritu Chatterjee,Cash on Delivery
AMZ103547,2023-11-10,Toys & Games,Remote Control Car,5.0,549.61,2748.05,West,Sanjay Kumar,Net Banking
AMZ103375,2024-04-30,Toys & Games,Puzzle 1000pc,4.0,804.15,3216.6,East,Sanjay Nair,Net Banking
AMZ104336,2024-02-20,Furniture,Bean Bag,3.0,8404.5,25213.5,south,Kavya Kumar,Debit Card
AMZ103016,2023-02-10,Office Products,Notebook Pack,5.0,481.63,2408.15,east,Zoya Chatterjee,Debit Card
AMZ103549,2023-05-24,Beauty & Personal Care,Sunscreen SPF50,9.0,1312.37,11811.33,South ,Lakshmi Sharma,Net Banking
AMZ101413,2024-03-12,Electronics,Action Camera,6.0,5791.74,34750.44,south,Suresh Bhatt,Cash on Delivery
AMZ100623,2024-07-18,Beauty & Personal Care,Face Serum,5.0,374.7,1873.5, West,Nikhil Iyer,Debit Card
AMZ101479,2024-08-11,Sports & Fitness,Dumbbell Set,2.0,1537.57,3075.14,Central,Vikram Iyer,Credit Card
AMZ102280,2023-06-10,Electronics,Action Camera,3.0,4198.88,12596.64,North,Tanvi Reddy,Net Banking
AMZ100543,2023-03-09,Books,Cookbook,4.0,342.55,1370.2,South ,Neha Agarwal,Debit Card
AMZ100002,2024-07-18,Grocery & Gourmet,Green Tea Pack,2.0,445.92,891.84,,Priya Singh,Credit Card
AMZ101018,2023-03-05,Sports & Fitness,Skipping Rope,5.0,1787.62,8938.1,South ,Sanjay Patel,Credit Card
AMZ102702,2023-09-13,Toys & Games,Soft Toy,7.0,1867.86,13075.02,north,Neha Joshi,Credit Card
AMZ103490,2023-01-11,Sports & Fitness,Cricket Bat,4.0,1024.28,4097.12,North,Shreya Sharma,Amazon Pay
AMZ101296,2024-04-19,Beauty & Personal Care,Sunscreen SPF50,6.0,975.86,5855.16,EAST,Shreya Sharma,Net Banking
AMZ102211,2023-09-15,Beauty & Personal Care,Perfume 100ml,2.0,1173.47,2346.94,West,Vivek Kapoor,Credit Card
AMZ104682,2024-05-02,Furniture,Bookshelf,10.0,6554.96,65549.6,south,Imran Iyer,Amazon Pay
AMZ105090,2024-06-03,Home & Kitchen,Storage Containers,10.0,3189.91,31899.1,west,Vikram Agarwal,Debit Card
AMZ105070,2023-10-22,Electronics,USB-C Cable,1.0,2509.39,2509.39,CENTRAL ,Divya Joshi,UPI
AMZ102729,2024-06-08,Clothing,Casual Sneakers,9.0,1151.26,10361.34,south,Priya Malhotra,Cash on Delivery
AMZ100571,2024-10-11,Furniture,Bean Bag,1.0,3311.67,3311.67,South ,Ananya Rao,Credit Card
AMZ101500,2023-11-25,Beauty & Personal Care,Perfume 100ml,,1623.99,,CENTRAL ,Sanjay Pillai,Cash on Delivery
AMZ105510,2024-12-08,Office Products,Notebook Pack,1.0,253.74,253.74,South,Rohan Singh,Net Banking
AMZ104228,2024-03-15,Grocery & Gourmet,Instant Coffee Jar,6.0,810.55,4863.3,west,Sneha Agarwal,Net Banking
AMZ103887,2024-04-12,Electronics,Wireless Earbuds,3.0,3201.49,9604.47,west,Imran Joshi,
AMZ104802,2024-02-05,Beauty & Personal Care,Perfume 100ml,7.0,1097.13,7679.91,east,Anusha Bose,Debit Card
AMZ104224,2024-05-29,Grocery & Gourmet,Honey 500g,7.0,142.11,994.77,South ,Karthik Menon,Net Banking
AMZ103281,2023-02-01,Electronics,USB-C Cable,4.0,1709.52,6838.08,West,Pooja Gupta,Credit Card
AMZ104535,2023-02-24,Grocery & Gourmet,Almonds 500g,4.0,439.58,1758.32,South ,Neha Pillai,Credit Card
AMZ105173,2024-06-19,Office Products,Printer Paper A4,2.0,692.17,1384.34,Central,Tanvi Sharma,Cash on Delivery
AMZ104355,2024-02-20,Beauty & Personal Care,Hair Dryer,9.0,341.03,3069.27,North,Suresh Pillai,Net Banking
AMZ101198,2024-05-23,Home & Kitchen,Vacuum Cleaner,8.0,3044.71,24357.68, North,Ritu Kapoor,Amazon Pay
AMZ100296,2024-03-08,Home & Kitchen,Vacuum Cleaner,7.0,1877.64,13143.48,central,Lakshmi Reddy,
AMZ100286,2023-11-08,Furniture,Study Table,1.0,10450.63,10450.63,west,Aditya Malhotra,Credit Card
AMZ100106,2024-07-19,Home & Kitchen,Blender,3.0,1461.35,4384.05, West,Priya Patel,Net Banking
AMZ101548,2023-04-13,Furniture,Study Table,1.0,5363.07,5363.07,South ,Karthik Iyer,Credit Card
AMZ104185,2023-08-07,Home & Kitchen,Bed Sheet Set,5.0,4712.25,23561.25, West,Ananya Patel,Credit Card
AMZ100744,2024-03-30,Grocery & Gourmet,Honey 500g,2.0,193.23,386.46,west,Pooja Das,Net Banking
AMZ105410,2023-04-26,Clothing,Running Shoes,7.0,,,central,Isha Kumar,UPI
AMZ100077,2023-06-24,Furniture,Office Chair,8.0,1586.72,12693.76,east,Yash Malhotra,Debit Card
AMZ104026,2024-11-02,Furniture,Bookshelf,6.0,3117.27,18703.62,north,Lakshmi Rao,Amazon Pay
AMZ105111,2023-08-21,Office Products,Notebook Pack,5.0,389.91,1949.55,south,Zoya Rao,Cash on Delivery
AMZ104196,2024-08-08,Books,Children's Story Book,4.0,834.29,3337.16,east,Priya Agarwal,Amazon Pay
AMZ105483,2023-07-31,Sports & Fitness,Resistance Bands,10.0,2496.29,24962.9,west,Aditya Agarwal,Credit Card
AMZ103130,2024-04-05,Grocery & Gourmet,Basmati Rice 5kg,10.0,262.06,2620.6, North,Zoya Nair,Amazon Pay
AMZ105211,2024-12-07,Clothing,Casual Sneakers,4.0,740.04,2960.16,west,Aditya Patel,Net Banking
AMZ101208,2024-08-29,Clothing,Women's Kurti,9.0,1622.04,14598.36,North,Vikram Rao,Cash on Delivery
AMZ105799,2024-01-07,Office Products,Notebook Pack,,861.82,,Central,Zoya Nair,UPI
AMZ103132,2024-04-16,Grocery & Gourmet,Almonds 500g,2.0,443.13,886.26,Central,Rahul Bhatt,Amazon Pay
AMZ105539,2023-06-22,Furniture,Study Table,7.0,4761.96,33333.72,South ,Vikram Chatterjee,Credit Card
AMZ102159,2024-06-08,Toys & Games,Soft Toy,4.0,1991.18,7964.72,East,Meera Iyer,Amazon Pay
AMZ103034,2023-09-13,Toys & Games,Board Game,10.0,1749.0,17490.0,north,Yash Kumar,Cash on Delivery
AMZ103554,2023-02-27,Beauty & Personal Care,Perfume 100ml,1.0,1455.02,1455.02,east,Imran Chatterjee,UPI
AMZ103317,2024-10-03,Clothing,Men's T-Shirt,2.0,913.97,1827.94,West,Tanvi Nair,Debit Card
AMZ100222,2023-03-06,Books,Biography,7.0,466.77,3267.39,north,Priya Malhotra,UPI
AMZ104594,2023-06-07,Toys & Games,Remote Control Car,4.0,1805.35,7221.4,Central,Aditya Bose,UPI
AMZ104066,2023-07-14,Clothing,Casual Sneakers,7.0,2276.04,15932.28,central,Neha Iyer,Amazon Pay
AMZ103105,2024-01-13,Grocery & Gourmet,Basmati Rice 5kg,1.0,724.87,724.87,east,Zoya Menon,Net Banking
AMZ100548,2024-06-18,Clothing,Formal Shirt,9.0,564.18,5077.62,south,Suresh Nair,Debit Card
AMZ100910,2024-08-31,Furniture,Study Table,9.0,9499.78,85498.02,SOUTH,Lakshmi Chatterjee,Credit Card
AMZ104889,2024-07-11,Beauty & Personal Care,Face Serum,1.0,886.1,886.1,central,Pooja Sharma,Cash on Delivery
AMZ102523,2024-03-25,Electronics,Power Bank,3.0,728.48,2185.44, West,Pooja Patel,Net Banking
AMZ104591,2023-09-05,Toys & Games,Puzzle 1000pc,10.0,486.22,4862.2,North,Deepak Malhotra,UPI
AMZ103707,2024-10-02,Sports & Fitness,Skipping Rope,5.0,1101.81,5509.05,South ,Farhan Sharma,Credit Card
AMZ101443,2023-10-09,Grocery & Gourmet,Cooking Oil 1L,7.0,459.34,3215.38, North,Tanvi Singh,Cash on Delivery
AMZ102753,2023-11-22,Home & Kitchen,Air Fryer,5.0,1286.35,6431.75,South,Sanjay Pillai,Credit Card
AMZ105496,2024-11-05,Electronics,Action Camera,5.0,4662.34,23311.7,CENTRAL ,Manoj Singh,Credit Card
AMZ100297,2023-02-05,Grocery & Gourmet,Green Tea Pack,4.0,472.61,1890.44,west,Karthik Singh,Net Banking
AMZ103613,2023-03-30,Electronics,Laptop Stand,5.0,4614.23,23071.15,CENTRAL ,Ritu Das,Credit Card
AMZ100822,2024-05-04,Office Products,Gel Pens Set,4.0,332.72,1330.88,CENTRAL ,Nikhil Verma,Cash on Delivery
AMZ104390,2024-04-05,Books,Programming Guide,10.0,636.47,6364.7,East,Imran Pillai,Cash on Delivery
AMZ103884,2023-11-12,Sports & Fitness,Resistance Bands,9.0,1931.85,17386.65,South ,Yash Bose,Debit Card
AMZ100109,2023-09-18,Grocery & Gourmet,Honey 500g,5.0,334.03,1670.15,NORTH,Ananya Menon,UPI
AMZ103806,2023-04-13,Furniture,Study Table,8.0,6167.04,49336.32,,Imran Joshi,Credit Card
AMZ104589,2024-12-21,Home & Kitchen,Non-Stick Pan Set,6.0,2511.75,15070.5,South ,Karthik Kumar,Debit Card
AMZ101729,2024-10-24,Sports & Fitness,Dumbbell Set,8.0,355.5,2844.0,EAST,Rohan Joshi,Amazon Pay
AMZ105332,2023-03-27,Sports & Fitness,Cricket Bat,6.0,2733.76,16402.56,,Zoya Pillai,UPI
AMZ101809,2023-11-03,Office Products,Gel Pens Set,4.0,157.8,631.2,SOUTH,Pooja Malhotra,Credit Card
AMZ105694,2023-04-26,Beauty & Personal Care,Face Serum,3.0,656.58,1969.74,South ,Suresh Reddy,Net Banking
AMZ102768,2024-06-02,Toys & Games,Board Game,7.0,491.46,3440.22, West,Divya Patel,Cash on Delivery
AMZ101970,2024-12-03,Grocery & Gourmet,Instant Coffee Jar,4.0,432.18,1728.72,central,Ananya Malhotra,Cash on Delivery
AMZ100116,2023-02-02,Electronics,Laptop Stand,6.0,1517.3,9103.8,west,Aditya Reddy,Debit Card
AMZ101280,2024-06-01,Office Products,Whiteboard Marker Set,1.0,216.36,216.36, North,Suresh Chatterjee,Debit Card
AMZ102343,2023-04-08,Office Products,Desk Organizer,2.0,730.51,1461.02,west,Karthik Pillai,Amazon Pay
AMZ103732,2024-03-05,Home & Kitchen,Electric Kettle,7.0,3214.1,22498.7,south,Ananya Malhotra,Debit Card
AMZ103839,2024-03-25,Electronics,Smart Watch,6.0,4832.85,28997.1,south,Ritu Agarwal,Cash on Delivery
AMZ101630,2024-07-01,Grocery & Gourmet,Instant Coffee Jar,4.0,836.71,3346.84,west,Vivek Reddy,Debit Card
AMZ100665,2023-06-08,Toys & Games,Puzzle 1000pc,9.0,1601.16,14410.44,north,Pooja Singh,Amazon Pay
AMZ103222,2023-02-24,Sports & Fitness,Yoga Mat,7.0,256.36,1794.52,South,Zoya Gupta,Debit Card
AMZ100218,2024-04-07,Furniture,Bean Bag,7.0,5647.28,39530.96,SOUTH,Divya Bhatt,Debit Card
AMZ100976,2023-08-29,Home & Kitchen,Electric Kettle,3.0,1348.73,4046.19,West,Tanvi Iyer,Debit Card
AMZ102511,2024-09-28,Home & Kitchen,Non-Stick Pan Set,4.0,624.77,2499.08,west,Pooja Chatterjee,Debit Card
AMZ100466,2024-10-16,Grocery & Gourmet,Basmati Rice 5kg,9.0,881.52,7933.68,west,Lakshmi Reddy,Amazon Pay
AMZ101789,2023-04-04,Books,Programming Guide,8.0,169.29,1354.32,south,Tanvi Bhatt,Net Banking
AMZ103073,2023-03-27,Home & Kitchen,LED Desk Lamp,7.0,818.73,5731.11, West,Meera Bhatt,Amazon Pay
AMZ102803,2023-05-20,Books,Programming Guide,8.0,202.74,1621.92,north,Pooja Bhatt,UPI
AMZ101985,2024-08-21,Furniture,Bedside Table,7.0,6974.6,48822.2,west,Manoj Rao,Cash on Delivery
AMZ103720,2024-12-18,Toys & Games,Puzzle 1000pc,3.0,890.42,2671.26,NORTH,Anusha Bhatt,UPI
AMZ101845,2023-05-20,Beauty & Personal Care,Face Wash,2.0,772.1,1544.2, West,Aditya Pillai,UPI
AMZ100723,2023-10-10,Beauty & Personal Care,Perfume 100ml,4.0,802.59,3210.36,SOUTH,Farhan Iyer,UPI
AMZ105408,2023-05-15,Toys & Games,Soft Toy,5.0,745.99,3729.95, North,Anusha Agarwal,Net Banking
AMZ101819,2023-05-19,Books,Children's Story Book,6.0,855.54,5133.24,EAST,Vikram Malhotra,Net Banking
AMZ104316,2024-09-06,Electronics,Portable SSD,9.0,3807.34,34266.06,south,Zoya Verma,Net Banking
AMZ104136,2024-04-14,Beauty & Personal Care,Hair Dryer,9.0,,,east,Sneha Pillai,Debit Card
AMZ101944,2023-04-02,Electronics,Bluetooth Speaker,2.0,968.86,1937.72,,Tanvi Bose,UPI
AMZ102750,2023-08-10,Books,Cookbook,1.0,114.94,114.94,CENTRAL ,Divya Chatterjee,UPI
AMZ102099,2024-05-05,Home & Kitchen,Vacuum Cleaner,10.0,1037.7,10377.0,East,Kavya Reddy,Cash on Delivery
AMZ104759,2024-05-23,Sports & Fitness,Resistance Bands,1.0,3040.71,3040.71,West,Neha Pillai,Cash on Delivery
AMZ103252,2024-08-14,Home & Kitchen,Storage Containers,2.0,2943.0,5886.0,West,Sanjay Chatterjee,UPI
AMZ105798,2024-12-31,Office Products,Notebook Pack,2.0,846.7,1693.4,North,Karthik Bhatt,Debit Card
AMZ103870,2023-11-30,Grocery & Gourmet,Honey 500g,5.0,841.72,4208.6,south,Arjun Kumar,Debit Card
AMZ101338,2023-08-09,Sports & Fitness,Dumbbell Set,5.0,2523.72,12618.6,NORTH,Ananya Joshi,UPI
AMZ103689,2024-09-20,Electronics,Mechanical Keyboard,2.0,4656.51,9313.02,central,Karthik Bhatt,Net Banking
AMZ105122,2023-07-16,Books,Children's Story Book,4.0,372.73,1490.92,NORTH,Aditya Joshi,Net Banking
AMZ104351,2024-07-25,Electronics,Portable SSD,1.0,4261.08,4261.08,EAST,Nikhil Nair,Net Banking
AMZ103954,2024-10-10,Home & Kitchen,Storage Containers,5.0,2573.89,12869.45,South,Ananya Menon,Credit Card
AMZ102155,2024-02-21,Electronics,Wireless Mouse,2.0,2100.41,4200.82,west,Nikhil Bose,Credit Card
AMZ104470,2023-08-11,Home & Kitchen,Blender,7.0,1157.59,8103.13, West,Isha Kapoor,Net Banking
AMZ100809,2023-01-21,Electronics,USB-C Cable,8.0,2557.21,20457.68,central,Zoya Rao,Net Banking
AMZ103577,2023-04-04,Books,Biography,-9.0,849.44,7644.96,South,Ananya Joshi,UPI
AMZ102313,2024-03-18,Books,Self-Help Book,7.0,768.09,5376.63,,Zoya Kumar,UPI
AMZ101898,2024-12-07,Books,Biography,8.0,296.82,2374.56, West,Yash Malhotra,Debit Card
AMZ101129,2024-07-16,Beauty & Personal Care,Face Serum,5.0,1595.16,7975.8,central,Yash Bose,UPI
AMZ102371,2024-02-11,Furniture,Bean Bag,5.0,3099.64,15498.2,west,Nikhil Singh,Credit Card
AMZ104732,2024-07-17,Office Products,Desk Organizer,2.0,237.69,475.38,SOUTH,Meera Gupta,Net Banking
AMZ102151,2024-11-15,Home & Kitchen,Air Fryer,10.0,4472.16,44721.6,West,Yash Kumar,Net Banking
AMZ101360,2023-02-15,Clothing,Casual Sneakers,9.0,1204.89,10844.01,north,Ananya Reddy,Cash on Delivery
AMZ100787,2024-12-22,Furniture,Office Chair,8.0,4646.43,37171.44,central,Tanvi Malhotra,Credit Card
AMZ101803,2023-03-19,Grocery & Gourmet,Instant Coffee Jar,8.0,420.43,3363.44,SOUTH,Karthik Bhatt,Credit Card
AMZ103903,2023-02-17,Office Products,Gel Pens Set,4.0,467.01,1868.04,CENTRAL ,Sneha Menon,Amazon Pay
AMZ102430,2023-10-06,Toys & Games,Puzzle 1000pc,9.0,1903.04,17127.36,north,Nikhil Kapoor,UPI
AMZ100073,2024-01-17,Sports & Fitness,Skipping Rope,4.0,2551.98,10207.92,North,Tanvi Das,UPI
AMZ103434,2024-04-01,Toys & Games,Puzzle 1000pc,8.0,378.62,3028.96,Central,Karthik Verma,Cash on Delivery
AMZ100428,2024-07-12,Toys & Games,Building Blocks Set,7.0,479.77,3358.39,EAST,Aditya Singh,Amazon Pay
AMZ101461,2024-03-26,Electronics,Laptop Stand,10.0,5517.12,55171.2,central,Deepak Kumar,Debit Card
AMZ101864,2024-01-12,Electronics,USB-C Cable,5.0,3864.05,19320.25,,Deepak Menon,Net Banking
AMZ103474,2023-05-06,Toys & Games,Remote Control Car,2.0,1824.41,3648.82,West,Priya Verma,Credit Card
AMZ102332,2024-07-24,Beauty & Personal Care,Sunscreen SPF50,7.0,1166.86,8168.02,South,Vikram Bose,UPI
AMZ102047,2023-09-07,Sports & Fitness,Dumbbell Set,7.0,2328.33,16298.31,central,Lakshmi Iyer,Debit Card
AMZ105698,2024-07-02,Beauty & Personal Care,Hair Dryer,8.0,1993.19,15945.52,CENTRAL ,Anusha Kumar,Net Banking
AMZ102044,2024-08-07,Beauty & Personal Care,Face Serum,7.0,508.08,3556.56,West,Rohan Kumar,Debit Card
AMZ105215,2023-04-07,Electronics,Wireless Mouse,6.0,677.63,4065.78, West,Imran Verma,Cash on Delivery
AMZ102505,2023-09-01,Electronics,Wireless Earbuds,3.0,2226.38,6679.14,east,Farhan Bose,Amazon Pay
AMZ105723,2023-09-06,Clothing,Denim Jacket,9.0,1788.29,16094.61,SOUTH,Rohan Chatterjee,Credit Card
AMZ101696,2024-09-09,Grocery & Gourmet,Honey 500g,10.0,374.83,3748.3,central,Vikram Bose,Amazon Pay
AMZ102633,2024-12-21,Office Products,Desk Organizer,4.0,347.57,1390.28,west,Sanjay Reddy,Amazon Pay
AMZ104134,2023-09-08,Office Products,Notebook Pack,1.0,779.0,779.0,South ,Vivek Bose,Amazon Pay
AMZ105607,2023-11-28,Electronics,Mechanical Keyboard,3.0,925.79,2777.37,Central,Arjun Nair,Credit Card
AMZ101183,2024-09-05,Electronics,Wireless Mouse,10.0,4700.9,47009.0,CENTRAL ,Lakshmi Kumar,UPI
AMZ101325,2023-01-26,Furniture,Bean Bag,9.0,5972.04,53748.36,central,Farhan Singh,Cash on Delivery
AMZ103736,2023-08-28,Books,Children's Story Book,3.0,107.39,322.17, West,Anusha Joshi,Amazon Pay
AMZ100456,2023-08-10,Home & Kitchen,Storage Containers,8.0,2213.99,17711.92,South,Sanjay Singh,Credit Card
AMZ105811,2024-07-05,Toys & Games,Soft Toy,8.0,344.23,2753.84,CENTRAL ,Divya Malhotra,Credit Card
AMZ101334,2023-10-04,Beauty & Personal Care,Trimmer,10.0,782.88,7828.8,West,Suresh Kumar,Net Banking
AMZ100213,2024-02-03,Electronics,Wireless Earbuds,1.0,580.01,580.01,NORTH,Lakshmi Bhatt,Credit Card
AMZ103548,2023-11-02,Electronics,Action Camera,4.0,2733.25,10933.0, North,Nikhil Nair,Credit Card
AMZ105048,2023-01-04,Furniture,Bookshelf,3.0,7663.89,22991.67,south,Farhan Kapoor,UPI
AMZ102377,2024-09-15,Furniture,Study Table,8.0,12755.95,102047.6,EAST,Isha Kapoor,Debit Card
AMZ103742,2023-09-01,Furniture,Study Table,10.0,11736.18,117361.8, West,Neha Bose,Debit Card
AMZ104425,2024-11-28,Grocery & Gourmet,Cooking Oil 1L,8.0,556.91,4455.28,Central,Rahul Patel,Amazon Pay
AMZ105216,2023-07-07,Office Products,Whiteboard Marker Set,5.0,444.83,2224.15,South ,Ritu Menon,Amazon Pay
AMZ104761,2024-01-07,Toys & Games,Puzzle 1000pc,3.0,1880.88,5642.64,west,Pooja Kapoor,UPI
AMZ101529,2023-04-10,Clothing,Yoga Pants,10.0,1519.0,15190.0,west,Isha Kumar,Credit Card
AMZ103561,2024-01-06,Office Products,Printer Paper A4,10.0,913.14,9131.4,south,Divya Patel,Credit Card
AMZ103630,2023-11-27,Electronics,Action Camera,10.0,2054.58,20545.8,South ,Pooja Kumar,Cash on Delivery
AMZ100028,2023-03-28,Beauty & Personal Care,Trimmer,10.0,1703.81,17038.1,CENTRAL ,Manoj Verma,Amazon Pay
AMZ105063,2023-08-06,Toys & Games,Remote Control Car,7.0,263.96,1847.72,West,Sanjay Iyer,Credit Card
AMZ105085,2023-07-31,Home & Kitchen,Vacuum Cleaner,6.0,4298.52,25791.12,North,Ritu Menon,Credit Card
AMZ102016,2023-05-29,Books,Biography,8.0,707.48,5659.84,EAST,Priya Sharma,Cash on Delivery
AMZ105639,2023-02-03,Electronics,Wireless Mouse,9.0,5803.21,52228.89, North,Shreya Sharma,Amazon Pay
AMZ100887,2024-04-16,Clothing,Formal Shirt,6.0,1063.35,6380.1,North,Lakshmi Nair,Net Banking
AMZ105636,2024-02-25,Grocery & Gourmet,Basmati Rice 5kg,4.0,566.78,2267.12,central,,Cash on Delivery
AMZ104673,2023-04-12,Office Products,Printer Paper A4,10.0,756.71,7567.1,west,Zoya Kapoor,Debit Card
AMZ101719,2024-07-01,Toys & Games,Soft Toy,5.0,849.63,4248.15,south,Sneha Bose,Cash on Delivery
AMZ102819,2023-01-14,Toys & Games,Puzzle 1000pc,5.0,1117.85,5589.25,west,Rohan Chatterjee,Amazon Pay
AMZ102408,2023-09-09,Home & Kitchen,Electric Kettle,,3564.76,,West,Sanjay Joshi,Amazon Pay
AMZ101161,2024-04-15,Electronics,USB-C Cable,10.0,4996.83,49968.3,west,Aditya Rao,Cash on Delivery
AMZ103370,2024-11-02,Toys & Games,Board Game,3.0,745.05,2235.15,east,Vivek Iyer,UPI
AMZ102125,2024-10-31,Grocery & Gourmet,Cooking Oil 1L,10.0,861.78,8617.8,Central,Shreya Pillai,Credit Card
AMZ104646,2023-08-02,Books,Children's Story Book,6.0,843.85,5063.1,East,Rahul Singh,Credit Card
AMZ105071,2024-04-03,Books,Fiction Novel,7.0,619.64,4337.48,north,Divya Malhotra,Debit Card
AMZ102968,2023-06-16,Office Products,Desk Organizer,7.0,636.55,4455.85,South,Pooja Menon,Net Banking
AMZ103145,2024-09-21,Clothing,Denim Jacket,8.0,996.36,7970.88,east,Sneha Bose,UPI
AMZ105178,2023-01-26,Clothing,Yoga Pants,5.0,2378.62,11893.1, North,Priya Malhotra,UPI
AMZ101267,2024-01-12,Beauty & Personal Care,Lipstick Set,6.0,461.44,2768.64, West,Ritu Verma,Cash on Delivery
AMZ105405,2024-04-23,Toys & Games,Board Game,2.0,1915.43,3830.86,north,Sanjay Menon,Cash on Delivery
AMZ105280,2024-11-12,Beauty & Personal Care,Face Serum,8.0,380.05,3040.4,SOUTH,Divya Malhotra,Credit Card
AMZ100713,2023-01-24,Furniture,Bedside Table,5.0,10675.84,53379.2,South,Priya Gupta,Cash on Delivery
AMZ104728,2023-01-25,Office Products,Stapler,8.0,166.56,1332.48,EAST,Imran Sharma,Net Banking
AMZ103503,2024-02-14,Clothing,Women's Kurti,9.0,2023.61,18212.49,south,Isha Das,UPI
AMZ104165,2023-01-27,Grocery & Gourmet,Almonds 500g,8.0,769.18,6153.44,south,Pooja Gupta,Cash on Delivery
AMZ104482,2023-11-06,Books,Fiction Novel,8.0,683.66,5469.28,East,Deepak Gupta,Debit Card
AMZ104213,2023-10-04,Home & Kitchen,Bed Sheet Set,7.0,4974.93,34824.51,CENTRAL ,Suresh Gupta,Amazon Pay
AMZ101969,2024-11-06,Electronics,USB-C Cable,2.0,2863.58,5727.16,central,Rahul Das,Debit Card
AMZ100616,2023-05-29,Toys & Games,Soft Toy,3.0,1196.6,3589.8,EAST,Deepak Sharma,Amazon Pay
AMZ101587,2023-12-25,Electronics,Laptop Stand,2.0,3961.57,7923.14,Central,Yash Singh,Amazon Pay
AMZ101188,2024-05-27,Clothing,Winter Hoodie,4.0,1979.88,7919.52,west,Vikram Kapoor,Amazon Pay
AMZ103388,2023-03-02,Toys & Games,Puzzle 1000pc,8.0,1063.28,8506.24,West,Manoj Joshi,UPI
AMZ103181,2023-02-11,Furniture,Office Chair,8.0,8870.81,70966.48,west,Priya Rao,Net Banking
AMZ105473,2023-10-01,Toys & Games,Soft Toy,2.0,1749.69,3499.38,central,Shreya Menon,Cash on Delivery
AMZ104109,2024-05-18,Books,Biography,8.0,571.43,4571.44,SOUTH,Rohan Nair,Net Banking
AMZ103059,2023-01-26,Office Products,Notebook Pack,10.0,761.08,7610.8,CENTRAL ,Lakshmi Agarwal,Debit Card
AMZ102723,2024-07-08,Clothing,Men's T-Shirt,1.0,1506.78,1506.78,West,Ananya Bose,Cash on Delivery
AMZ102365,2023-02-09,Home & Kitchen,Air Fryer,1.0,3294.65,3294.65,CENTRAL ,Meera Reddy,Amazon Pay
AMZ102627,2023-05-06,Books,Fiction Novel,4.0,493.03,1972.12,West,Sneha Joshi,Cash on Delivery
AMZ104563,2023-10-23,Sports & Fitness,Resistance Bands,7.0,1176.84,8237.88, West,Karthik Verma,Cash on Delivery
AMZ104260,2023-08-12,Furniture,Study Table,-7.0,12651.07,88557.49,West,Tanvi Malhotra,Amazon Pay
AMZ102504,2023-04-30,Beauty & Personal Care,Hair Dryer,7.0,1248.56,8739.92,Central,Zoya Singh,Net Banking
AMZ101707,2024-08-13,Books,Biography,8.0,424.81,3398.48,west,Rahul Bose,Debit Card
AMZ102508,2023-02-07,Electronics,Power Bank,8.0,3596.75,28774.0,central,Vivek Verma,Cash on Delivery
AMZ104288,2023-03-16,Toys & Games,Building Blocks Set,8.0,1768.94,14151.52, West,Arjun Menon,UPI
AMZ103902,2024-07-12,Electronics,Mechanical Keyboard,7.0,4201.88,29413.16,west,Meera Agarwal,Net Banking
AMZ103893,2024-03-05,Electronics,Wireless Earbuds,5.0,1122.77,5613.85,south,Manoj Bose,UPI
AMZ103020,2023-05-16,Beauty & Personal Care,Hair Dryer,3.0,1244.95,3734.85, West,Deepak Kumar,Cash on Delivery
AMZ100220,2024-05-11,Clothing,Formal Shirt,8.0,1062.08,8496.64,central,Priya Malhotra,Cash on Delivery
AMZ105642,2024-01-17,Grocery & Gourmet,Honey 500g,7.0,859.1,6013.7,central,Pooja Nair,Net Banking
AMZ100182,2023-05-06,Sports & Fitness,Skipping Rope,4.0,3466.92,13867.68, West,Arjun Joshi,Cash on Delivery
AMZ101570,2024-12-18,Beauty & Personal Care,Perfume 100ml,2.0,579.43,1158.86,CENTRAL ,Suresh Sharma,Net Banking
AMZ104519,2024-10-13,Grocery & Gourmet,Almonds 500g,4.0,363.3,1453.2,South,Pooja Reddy,Credit Card
AMZ101666,2023-02-11,Furniture,Bedside Table,10.0,5073.0,50730.0,SOUTH,Aditya Singh,Amazon Pay
AMZ105186,2024-10-09,Toys & Games,Soft Toy,1.0,636.38,636.38,Central,Aditya Gupta,Amazon Pay
AMZ104959,2024-07-19,Books,Biography,3.0,309.64,928.92,central,Manoj Bose,Net Banking
AMZ105006,2023-04-06,Grocery & Gourmet,Honey 500g,1.0,862.66,862.66,East,Tanvi Iyer,Amazon Pay
AMZ102779,2023-10-01,Beauty & Personal Care,Face Serum,4.0,1804.59,7218.36,east,Isha Nair,Cash on Delivery
AMZ104886,2023-03-01,Electronics,Power Bank,8.0,2229.03,17832.24, West,Pooja Gupta,Debit Card
AMZ104439,2023-02-09,Clothing,Formal Shirt,10.0,1753.55,17535.5,North,Ananya Iyer,Credit Card
AMZ105431,2024-05-10,Books,Cookbook,8.0,578.17,4625.36,South,Karthik Verma,Cash on Delivery
AMZ102510,2023-07-18,Books,Children's Story Book,6.0,845.22,5071.32,east,,UPI
AMZ101730,2023-03-26,Beauty & Personal Care,Hair Dryer,6.0,409.34,2456.04,East,Pooja Malhotra,Credit Card
AMZ104022,2023-10-14,Toys & Games,Building Blocks Set,5.0,1920.12,9600.6,central,Isha Verma,Net Banking
AMZ103350,2024-03-12,Electronics,Wireless Earbuds,4.0,4060.86,16243.44,west,Ritu Agarwal,UPI
AMZ103741,2024-06-11,Office Products,Desk Organizer,2.0,169.14,338.28,west,Shreya Sharma,Debit Card
AMZ101685,2023-03-20,Electronics,Smart Watch,8.0,2171.7,17373.6,east,Farhan Rao,Net Banking
AMZ102685,2024-06-16,Toys & Games,Board Game,1.0,1181.32,1181.32,west,Shreya Bhatt,Credit Card
AMZ102951,2023-12-02,Beauty & Personal Care,Trimmer,5.0,587.31,2936.55,South,Ananya Nair,Cash on Delivery
AMZ104199,2023-07-24,Toys & Games,Building Blocks Set,5.0,1136.72,5683.6,North,Meera Iyer,Amazon Pay
AMZ100885,2024-02-22,Furniture,Study Table,5.0,8312.91,41564.55,Central,Sneha Kumar,UPI
AMZ104662,2024-09-24,Toys & Games,Soft Toy,9.0,364.12,3277.08,South ,Divya Joshi,Credit Card
AMZ101557,2024-06-23,Clothing,Men's T-Shirt,2.0,1493.35,2986.7,West,Kavya Nair,UPI
AMZ103605,2023-04-06,Books,Cookbook,10.0,243.01,2430.1, North,Imran Malhotra,Net Banking
AMZ105077,2024-10-29,Electronics,Action Camera,9.0,5665.19,50986.71,South,Divya Reddy,Cash on Delivery
AMZ105616,2024-08-04,Clothing,Men's T-Shirt,6.0,1849.1,11094.6,West,Ananya Pillai,UPI
AMZ102626,2024-06-28,Toys & Games,Puzzle 1000pc,4.0,345.98,1383.92, West,Kavya Bhatt,UPI
AMZ103458,2023-01-11,Clothing,Formal Shirt,6.0,722.0,4332.0,east,Shreya Reddy,UPI
AMZ104347,2023-06-19,Grocery & Gourmet,Honey 500g,10.0,538.5,5385.0,NORTH,Deepak Bhatt,Amazon Pay
AMZ100803,2024-01-24,Toys & Games,Puzzle 1000pc,5.0,536.71,2683.55, West,Tanvi Bose,UPI
AMZ103504,2023-05-11,Books,Fiction Novel,10.0,426.86,4268.6,South,Anusha Kumar,Credit Card
AMZ103404,2023-07-06,Office Products,Gel Pens Set,8.0,187.26,1498.08,Central,Anusha Agarwal,Amazon Pay
AMZ104624,2024-05-08,Toys & Games,Puzzle 1000pc,7.0,1961.56,13730.92,south,Anusha Sharma,Amazon Pay
AMZ100699,2023-09-24,Furniture,Office Chair,8.0,7579.21,60633.68,CENTRAL ,Divya Gupta,Credit Card
AMZ103993,2024-10-11,Books,Cookbook,5.0,792.14,3960.7,central,Priya Bhatt,Cash on Delivery
AMZ104216,2023-08-27,Home & Kitchen,Electric Kettle,4.0,1878.08,7512.32,West,Zoya Verma,Debit Card
AMZ104247,2024-07-24,Office Products,Stapler,6.0,609.37,3656.22,west,Deepak Singh,Debit Card
AMZ104267,2024-03-02,Furniture,Bedside Table,1.0,2615.59,2615.59,north,Ananya Gupta,Net Banking
AMZ100747,2024-09-09,Beauty & Personal Care,Sunscreen SPF50,7.0,1560.22,10921.54, West,Meera Verma,Debit Card
AMZ100722,2024-04-28,Sports & Fitness,Skipping Rope,3.0,1930.34,5791.02, West,Sneha Pillai,Debit Card
AMZ105306,2023-04-11,Grocery & Gourmet,Almonds 500g,6.0,480.16,2880.96,,Farhan Chatterjee,Cash on Delivery
AMZ103760,2024-05-24,Clothing,Winter Hoodie,10.0,1299.6,12996.0,East,Vivek Pillai,Amazon Pay
AMZ102322,2024-02-02,Books,Children's Story Book,3.0,188.31,564.93,east,Ananya Kapoor,Cash on Delivery
AMZ101816,2024-05-23,Electronics,USB-C Cable,7.0,5587.68,39113.76,west,Suresh Verma,Amazon Pay
AMZ104679,2023-05-24,Electronics,Bluetooth Speaker,4.0,742.63,2970.52,East,Deepak Gupta,Amazon Pay
AMZ103380,2023-05-31,Furniture,Office Chair,6.0,4945.54,29673.24, North,Pooja Chatterjee,Debit Card
AMZ103035,2024-02-02,Sports & Fitness,Resistance Bands,7.0,586.99,4108.93, West,Isha Pillai,Credit Card
AMZ104564,2023-02-16,Clothing,Yoga Pants,7.0,1709.06,11963.42,east,Suresh Nair,Net Banking
AMZ100916,2023-08-31,Electronics,Wireless Earbuds,6.0,2258.91,13553.46,Central,Rahul Pillai,UPI
AMZ104218,2023-01-25,Office Products,Printer Paper A4,10.0,312.69,3126.9,West,Neha Joshi,UPI
AMZ103941,2024-06-29,Sports & Fitness,Skipping Rope,1.0,1672.24,1672.24,South,Pooja Iyer,Cash on Delivery
AMZ100836,2024-06-14,Sports & Fitness,Skipping Rope,1.0,833.68,833.68,east,Lakshmi Singh,Net Banking
AMZ104699,2023-11-21,Sports & Fitness,Skipping Rope,2.0,3274.32,6548.64,south,Pooja Bhatt,UPI
AMZ103022,2024-03-27,Beauty & Personal Care,Lipstick Set,9.0,1756.89,15812.01,west,Vivek Singh,Cash on Delivery
AMZ101487,2024-03-21,Toys & Games,Remote Control Car,6.0,1750.46,10502.76,north,Manoj Kumar,Credit Card
AMZ104580,2024-02-02,Electronics,Portable SSD,3.0,5395.31,16185.93,West,Kavya Agarwal,Net Banking
AMZ101459,2024-12-23,Books,Fiction Novel,5.0,725.29,3626.45,south,Vivek Iyer,Debit Card
AMZ101257,2024-05-06,Books,Cookbook,7.0,314.29,2200.03,South ,,Amazon Pay
AMZ100268,2024-08-22,Books,Fiction Novel,6.0,276.26,1657.56,South ,Ritu Malhotra,Net Banking
AMZ103791,2024-09-30,Home & Kitchen,Electric Kettle,1.0,3793.94,3793.94,EAST,Ritu Bose,Net Banking
AMZ104684,2023-02-02,Toys & Games,Board Game,1.0,611.63,611.63,EAST,Aditya Chatterjee,Debit Card
AMZ102997,2024-11-25,Office Products,Printer Paper A4,6.0,853.65,5121.9,West,Shreya Bhatt,Net Banking
AMZ101122,2024-06-23,Grocery & Gourmet,Almonds 500g,1.0,582.31,582.31,EAST,Meera Pillai,UPI
AMZ101144,2023-07-22,Beauty & Personal Care,Face Wash,4.0,709.8,2839.2,EAST,Pooja Bhatt,Cash on Delivery
AMZ102953,2024-01-05,Home & Kitchen,Bed Sheet Set,4.0,4309.77,17239.08,Central,Manoj Reddy,Cash on Delivery
AMZ100015,2024-11-05,Sports & Fitness,Badminton Racket,4.0,697.04,2788.16,West,Arjun Nair,Debit Card
AMZ103536,2024-03-03,Office Products,Notebook Pack,7.0,286.19,2003.33,CENTRAL ,Aditya Kapoor,Net Banking
AMZ102848,2024-11-19,Toys & Games,Building Blocks Set,7.0,938.52,6569.64,South ,Rohan Nair,Amazon Pay
AMZ103970,2024-03-07,Toys & Games,Soft Toy,7.0,525.11,3675.77, North,Ananya Sharma,Amazon Pay
AMZ105491,2024-06-01,Furniture,Study Table,7.0,2454.27,17179.89,West,,UPI
AMZ104492,2023-04-21,Beauty & Personal Care,Sunscreen SPF50,5.0,1458.51,7292.55,East,Tanvi Sharma,Net Banking
AMZ101259,2024-07-27,Electronics,Power Bank,7.0,3027.66,21193.62,North,Tanvi Malhotra,Cash on Delivery
AMZ100104,2023-05-16,Office Products,Whiteboard Marker Set,7.0,799.31,5595.17,west,Yash Pillai,Net Banking
AMZ100734,2024-12-14,Toys & Games,Building Blocks Set,1.0,405.0,405.0,South ,Nikhil Iyer,Net Banking
AMZ101673,2023-03-09,Beauty & Personal Care,Hair Dryer,-8.0,1812.48,14499.84,South,Kavya Bhatt,UPI
AMZ103385,2023-12-27,Books,Cookbook,1.0,583.14,583.14,SOUTH,Rahul Nair,Debit Card
AMZ100425,2024-03-29,Home & Kitchen,Blender,1.0,2248.05,2248.05, North,Deepak Menon,Amazon Pay
AMZ100991,2024-11-28,Furniture,Bean Bag,5.0,2921.35,14606.75,east,Karthik Singh,Credit Card
AMZ102717,2023-11-27,Books,Children's Story Book,,201.97,, West,Meera Pillai,Cash on Delivery
AMZ105212,2024-11-23,Books,Cookbook,3.0,508.12,1524.36,South ,Lakshmi Kumar,Net Banking
AMZ104409,2024-10-31,Beauty & Personal Care,Perfume 100ml,3.0,965.11,2895.33, North,Nikhil Gupta,Amazon Pay
AMZ104746,2024-01-16,Furniture,Bean Bag,6.0,1900.19,11401.14,West,Meera Menon,Net Banking
AMZ102307,2024-02-25,Office Products,Gel Pens Set,8.0,247.1,1976.8,Central,Vikram Nair,
AMZ105505,2023-02-06,Clothing,Running Shoes,6.0,2306.58,13839.48,SOUTH,Vikram Pillai,Cash on Delivery
AMZ104514,2023-09-11,Beauty & Personal Care,Perfume 100ml,9.0,1816.26,16346.34,CENTRAL ,Suresh Patel,Credit Card
AMZ105706,2024-03-13,Grocery & Gourmet,Instant Coffee Jar,10.0,517.58,5175.8, West,Karthik Pillai,UPI
AMZ105205,2023-04-24,Furniture,Office Chair,6.0,12674.98,76049.88,North,Vivek Bose,Credit Card
AMZ102425,2023-04-24,Toys & Games,Building Blocks Set,9.0,808.2,7273.8,north,Meera Nair,Amazon Pay
AMZ101672,2023-11-25,Home & Kitchen,Bed Sheet Set,3.0,377.85,1133.55,Central,Kavya Iyer,Credit Card
AMZ103063,2023-08-11,Sports & Fitness,Skipping Rope,5.0,3238.11,16190.55,NORTH,Yash Bhatt,Cash on Delivery
AMZ104816,2024-09-16,Beauty & Personal Care,Face Serum,7.0,1839.08,12873.56,NORTH,Kavya Chatterjee,Credit Card
AMZ101019,2023-03-12,Sports & Fitness,Badminton Racket,10.0,3333.99,33339.9,north,Karthik Joshi,UPI
AMZ101870,2023-03-19,Beauty & Personal Care,Face Wash,9.0,804.82,7243.38,central,Lakshmi Chatterjee,Amazon Pay
AMZ100810,2023-07-27,Toys & Games,Remote Control Car,2.0,1345.49,2690.98, North,Rohan Das,Net Banking
AMZ103111,2023-03-17,Office Products,Gel Pens Set,4.0,714.29,2857.16,South ,Ritu Menon,Amazon Pay
AMZ100848,2024-12-13,Electronics,Portable SSD,8.0,5744.45,45955.6,north,Zoya Patel,Net Banking
AMZ101148,2024-04-25,Electronics,Action Camera,4.0,1333.44,5333.76,East,Ananya Das,Net Banking
AMZ102460,2023-11-19,Sports & Fitness,Skipping Rope,1.0,1418.51,1418.51,south,Isha Iyer,Net Banking
AMZ103531,2024-03-21,Furniture,Study Table,5.0,10624.61,53123.05,east,Manoj Patel,UPI
AMZ104391,2024-06-08,Home & Kitchen,Bed Sheet Set,6.0,2271.61,13629.66,south,Pooja Bose,Amazon Pay
AMZ103233,2023-03-26,Beauty & Personal Care,Sunscreen SPF50,3.0,1500.75,4502.25,East,Ananya Kumar,Cash on Delivery
AMZ104266,2024-03-29,Furniture,Office Chair,5.0,7957.39,39786.95,North,Tanvi Patel,UPI
AMZ101600,2023-03-20,Beauty & Personal Care,Hair Dryer,3.0,176.62,529.86,south,Zoya Patel,Debit Card
AMZ103905,2023-10-26,Home & Kitchen,Storage Containers,8.0,3751.13,30009.04, North,Farhan Verma,Net Banking
AMZ102157,2024-05-18,Furniture,Office Chair,3.0,3668.36,11005.08,West,Yash Verma,Debit Card
AMZ103534,2024-05-28,Electronics,Mechanical Keyboard,8.0,2309.76,18478.08,Central,Meera Gupta,Cash on Delivery
AMZ102103,2024-05-14,Office Products,Whiteboard Marker Set,3.0,250.66,751.98,west,Neha Verma,Amazon Pay
AMZ105791,2024-02-01,Toys & Games,Puzzle 1000pc,3.0,443.02,1329.06,South ,Pooja Reddy,Cash on Delivery
AMZ101565,2024-10-18,Grocery & Gourmet,Cooking Oil 1L,6.0,458.79,2752.74,north,Sneha Bhatt,Debit Card
AMZ104585,2024-09-24,Office Products,Stapler,3.0,650.48,1951.44,EAST,Aditya Kumar,Net Banking
AMZ100263,2023-12-22,Home & Kitchen,Non-Stick Pan Set,4.0,4768.07,19072.28, West,Aditya Iyer,UPI
AMZ104856,2023-08-12,Furniture,Bean Bag,7.0,3591.7,25141.9,East,Sneha Iyer,Amazon Pay
AMZ101336,2023-10-14,Sports & Fitness,Yoga Mat,2.0,2175.03,4350.06,CENTRAL ,Pooja Das,Credit Card
AMZ101857,2023-12-23,Sports & Fitness,Dumbbell Set,1.0,1166.32,1166.32,CENTRAL ,Ananya Das,Amazon Pay
AMZ104599,2024-11-26,Clothing,Men's T-Shirt,3.0,1454.57,4363.71,North,Pooja Malhotra,Debit Card
AMZ102850,2024-06-03,Toys & Games,Building Blocks Set,5.0,516.91,2584.55,central,Meera Gupta,UPI
AMZ101731,2024-05-17,Toys & Games,Board Game,6.0,1906.97,11441.82,south,Aditya Bose,Cash on Delivery
AMZ104634,2023-05-02,Grocery & Gourmet,Cooking Oil 1L,10.0,779.06,7790.6,CENTRAL ,Arjun Reddy,Cash on Delivery
AMZ103924,2024-05-21,Sports & Fitness,Dumbbell Set,-9.0,869.95,7829.55, West,Vivek Bose,Debit Card
AMZ101662,2024-04-25,Electronics,Wireless Earbuds,7.0,4066.13,28462.91, North,Imran Patel,Net Banking
AMZ102057,2023-07-13,Clothing,Running Shoes,6.0,606.44,3638.64,EAST,Karthik Kumar,Credit Card
AMZ104107,2024-08-21,Books,Programming Guide,3.0,233.67,701.01, North,Karthik Singh,Debit Card
AMZ104117,2024-11-10,Grocery & Gourmet,Cooking Oil 1L,9.0,754.09,6786.81,East,Yash Bhatt,UPI
AMZ102141,2024-11-14,Toys & Games,Remote Control Car,6.0,1496.97,8981.82,Central,Manoj Joshi,Amazon Pay
AMZ105680,2023-10-05,Toys & Games,Puzzle 1000pc,4.0,1604.15,6416.6,north,Shreya Verma,Cash on Delivery
AMZ105151,2024-05-05,Sports & Fitness,Skipping Rope,1.0,1886.88,1886.88,central,Pooja Kapoor,Credit Card
AMZ103255,2024-12-27,Furniture,Bedside Table,9.0,1226.32,11036.88,south,Nikhil Patel,Credit Card
AMZ104527,2023-08-14,Toys & Games,Soft Toy,10.0,1183.82,11838.2,south,Pooja Kapoor,Net Banking
AMZ104496,2024-10-20,Grocery & Gourmet,Cooking Oil 1L,3.0,387.55,1162.65,south,Lakshmi Kumar,Cash on Delivery
AMZ105456,2024-06-02,Office Products,Notebook Pack,5.0,596.52,2982.6,West,Lakshmi Malhotra,Cash on Delivery
AMZ101468,2023-08-17,Electronics,Smart Watch,2.0,5938.4,11876.8,EAST,Rohan Patel,Debit Card
AMZ102006,2023-04-12,Sports & Fitness,Badminton Racket,2.0,1211.94,2423.88,CENTRAL ,Priya Verma,Net Banking
AMZ102971,2024-04-28,Home & Kitchen,LED Desk Lamp,8.0,3167.41,25339.28,south,Nikhil Bhatt,Debit Card
AMZ103335,2023-11-11,Beauty & Personal Care,Sunscreen SPF50,6.0,1741.55,10449.3,SOUTH,,Net Banking
AMZ100224,2024-08-14,Beauty & Personal Care,Sunscreen SPF50,4.0,319.55,1278.2,SOUTH,Farhan Das,UPI
AMZ102439,2023-12-01,Books,Self-Help Book,1.0,713.68,713.68, West,Deepak Malhotra,Net Banking
AMZ102179,2023-02-11,Office Products,Printer Paper A4,6.0,207.2,1243.2,CENTRAL ,Tanvi Malhotra,Debit Card
AMZ103327,2023-12-03,Books,Biography,8.0,482.25,3858.0,SOUTH,Vivek Agarwal,Cash on Delivery
AMZ103046,2024-07-19,Clothing,Casual Sneakers,3.0,554.67,1664.01,North,Sanjay Nair,Amazon Pay
AMZ101544,2024-11-21,Office Products,Notebook Pack,10.0,723.9,7239.0,SOUTH,Divya Agarwal,Cash on Delivery
AMZ100376,2024-11-06,Sports & Fitness,Skipping Rope,4.0,1267.64,5070.56, West,Tanvi Sharma,Credit Card
AMZ105727,2023-02-12,Home & Kitchen,LED Desk Lamp,6.0,3148.82,18892.92,South ,Deepak Singh,Net Banking
AMZ101248,2024-02-19,Furniture,Study Table,6.0,12293.93,73763.58,North,Kavya Nair,Credit Card
AMZ100829,2023-09-19,Books,Programming Guide,5.0,710.9,3554.5, West,Deepak Malhotra,UPI
AMZ100646,2024-06-17,Toys & Games,Remote Control Car,8.0,1680.25,13442.0, West,Kavya Menon,Debit Card
AMZ100462,2024-01-08,Books,Programming Guide,9.0,745.94,6713.46, West,Rahul Bose,Net Banking
AMZ105444,2023-11-15,Grocery & Gourmet,Instant Coffee Jar,2.0,137.23,274.46,east,Imran Menon,Credit Card
AMZ104829,2023-03-24,Home & Kitchen,Electric Kettle,8.0,2954.21,23633.68,North,Tanvi Pillai,Net Banking
AMZ101420,2024-03-13,Furniture,Office Chair,4.0,9252.89,37011.56,south,Suresh Singh,Debit Card
AMZ102072,2024-02-25,Toys & Games,Building Blocks Set,1.0,1045.27,1045.27,west,Kavya Iyer,Cash on Delivery
AMZ103974,2023-02-06,Sports & Fitness,Resistance Bands,1.0,2160.07,2160.07,Central,Aditya Pillai,Credit Card
AMZ105385,2023-10-30,Books,Self-Help Book,2.0,462.03,924.06,West,Anusha Patel,Cash on Delivery
AMZ100029,2024-02-10,Home & Kitchen,LED Desk Lamp,8.0,4477.35,35818.8,South ,Suresh Kumar,Credit Card
AMZ103878,2023-06-18,Toys & Games,Building Blocks Set,6.0,354.78,2128.68,Central,Vikram Nair,Credit Card
AMZ104713,2023-08-06,Beauty & Personal Care,Sunscreen SPF50,3.0,205.56,616.68,west,Kavya Das,Net Banking
AMZ101159,2023-10-04,Sports & Fitness,Skipping Rope,1.0,1417.91,1417.91,east,Ritu Bose,Net Banking
AMZ103125,2024-06-17,Beauty & Personal Care,Lipstick Set,9.0,211.95,1907.55,West,Kavya Pillai,Amazon Pay
AMZ105429,2024-02-04,Sports & Fitness,Skipping Rope,1.0,1806.69,1806.69,EAST,Vikram Gupta,Amazon Pay
AMZ102122,2023-10-24,Electronics,USB-C Cable,9.0,4441.73,39975.57,west,Karthik Das,Amazon Pay
AMZ101706,2023-09-27,Sports & Fitness,Yoga Mat,4.0,2116.34,8465.36,EAST,Kavya Chatterjee,Cash on Delivery
AMZ101788,2023-12-20,Beauty & Personal Care,Face Serum,8.0,799.51,6396.08,East,Neha Kapoor,Debit Card
AMZ103943,2023-05-10,Electronics,Bluetooth Speaker,7.0,2662.24,18635.68, North,Suresh Iyer,Debit Card
AMZ101588,2023-09-23,Grocery & Gourmet,Green Tea Pack,5.0,490.68,2453.4,,Pooja Bose,Amazon Pay
AMZ104961,2024-11-17,Home & Kitchen,Storage Containers,3.0,3472.12,10416.36, West,Shreya Nair,Credit Card
AMZ102491,2024-06-20,Sports & Fitness,Cricket Bat,5.0,1527.78,7638.9,north,Suresh Nair,Amazon Pay
AMZ101603,2024-03-31,Sports & Fitness,Cricket Bat,6.0,1964.88,11789.28,central,Priya Malhotra,Net Banking
AMZ102563,2024-02-11,Home & Kitchen,Vacuum Cleaner,2.0,3496.52,6993.04,South ,Arjun Chatterjee,Amazon Pay
AMZ104085,2023-05-05,Clothing,Winter Hoodie,6.0,694.37,4166.22,Central,Arjun Menon,Credit Card
AMZ101927,2024-02-11,Grocery & Gourmet,Almonds 500g,10.0,382.51,3825.1,NORTH,Vivek Gupta,Cash on Delivery
AMZ104820,2023-07-24,Office Products,Gel Pens Set,9.0,825.35,7428.15,central,Vikram Agarwal,Debit Card
AMZ100987,2023-11-18,Sports & Fitness,Cricket Bat,1.0,2551.78,2551.78, West,Anusha Kapoor,UPI
AMZ103148,2023-04-23,Furniture,Bean Bag,4.0,8917.66,35670.64,east,Nikhil Bose,Debit Card
AMZ101022,2024-12-30,Grocery & Gourmet,Green Tea Pack,,436.23,,east,Isha Chatterjee,Net Banking
AMZ102943,2024-10-14,Books,Self-Help Book,10.0,273.66,2736.6,west,Aditya Pillai,UPI
AMZ103249,2023-01-25,Electronics,USB-C Cable,5.0,716.18,3580.9,SOUTH,Arjun Kumar,Credit Card
AMZ103037,2023-04-02,Furniture,Study Table,2.0,11463.67,22927.34,EAST,Sneha Rao,UPI
AMZ103207,2023-06-10,Home & Kitchen,Storage Containers,6.0,4859.4,29156.4,EAST,Lakshmi Pillai,Debit Card
AMZ101492,2023-10-06,Electronics,Portable SSD,8.0,,, North,Neha Pillai,UPI
AMZ101795,2023-04-10,Clothing,Winter Hoodie,10.0,753.81,7538.1,NORTH,Vikram Kapoor,Credit Card
AMZ103990,2024-06-17,Office Products,Printer Paper A4,2.0,291.67,583.34, North,Zoya Verma,Debit Card
AMZ104380,2023-04-22,Sports & Fitness,Skipping Rope,9.0,806.22,7255.98,South,Kavya Kapoor,UPI
AMZ102806,2023-08-08,Beauty & Personal Care,Face Wash,1.0,1878.1,1878.1,central,Meera Menon,Cash on Delivery
AMZ102757,2023-04-06,Furniture,Office Chair,5.0,5131.83,25659.15,NORTH,Ritu Agarwal,Cash on Delivery
AMZ101933,2024-01-24,Electronics,USB-C Cable,8.0,3201.11,25608.88,SOUTH,Vivek Agarwal,Credit Card
AMZ105592,2023-12-01,Beauty & Personal Care,Hair Dryer,4.0,1767.35,7069.4,SOUTH,Lakshmi Singh,Credit Card
AMZ101423,2024-01-12,Clothing,Running Shoes,3.0,1567.01,4701.03,central,Ananya Gupta,Credit Card
AMZ101971,2024-09-27,Sports & Fitness,Resistance Bands,3.0,3072.8,9218.4, West,Shreya Malhotra,Debit Card
AMZ102156,2023-11-03,Electronics,Laptop Stand,4.0,4974.44,19897.76,EAST,Isha Iyer,Amazon Pay
AMZ103429,2023-08-07,Sports & Fitness,Yoga Mat,4.0,977.06,3908.24,central,Karthik Bhatt,Cash on Delivery
AMZ100372,2024-07-25,Books,Children's Story Book,9.0,851.75,7665.75,central,Sneha Menon,Credit Card
AMZ100046,2023-03-16,Clothing,Casual Sneakers,2.0,912.94,1825.88,east,Farhan Gupta,Net Banking
AMZ104444,2023-05-28,Office Products,Notebook Pack,5.0,777.53,3887.65,,Zoya Sharma,Debit Card
AMZ105308,2024-11-22,Furniture,Office Chair,3.0,1809.25,5427.75,central,Lakshmi Verma,Net Banking
AMZ103269,2024-05-10,Books,Children's Story Book,9.0,355.2,3196.8,central,Kavya Nair,Net Banking
AMZ105418,2024-04-04,Sports & Fitness,Cricket Bat,2.0,1832.7,3665.4,,Nikhil Joshi,Cash on Delivery
AMZ104379,2023-05-13,Sports & Fitness,Dumbbell Set,5.0,2307.87,11539.35,central,Karthik Kumar,Cash on Delivery
AMZ100718,2024-12-17,Books,Fiction Novel,8.0,588.87,4710.96,CENTRAL ,Imran Nair,Net Banking
AMZ104427,2024-07-09,Office Products,Gel Pens Set,6.0,217.09,1302.54,West,Imran Malhotra,Amazon Pay
AMZ101197,2024-12-31,Sports & Fitness,Yoga Mat,3.0,2478.04,7434.12,East,,Net Banking
AMZ101091,2024-10-07,Toys & Games,Remote Control Car,8.0,615.62,4924.96,EAST,Manoj Rao,Net Banking
AMZ103829,2024-05-18,Home & Kitchen,Air Fryer,6.0,3497.18,20983.08,East,Karthik Verma,Cash on Delivery
AMZ105532,2023-11-03,Clothing,Casual Sneakers,8.0,1392.05,11136.4,South ,Karthik Agarwal,UPI
AMZ101562,2024-04-03,Beauty & Personal Care,Lipstick Set,8.0,1113.42,8907.36,east,Vikram Reddy,Net Banking
AMZ104811,2024-08-23,Home & Kitchen,Electric Kettle,4.0,2131.92,8527.68, North,Anusha Iyer,Cash on Delivery
AMZ103995,2024-05-01,Toys & Games,Puzzle 1000pc,1.0,272.02,272.02,Central,Rahul Das,Net Banking
AMZ100502,2024-12-17,Office Products,Stapler,2.0,912.58,1825.16,south,Vivek Joshi,Credit Card
AMZ102859,2024-12-19,Grocery & Gourmet,Basmati Rice 5kg,6.0,144.71,868.26,north,Neha Chatterjee,Cash on Delivery
AMZ101485,2023-04-06,Books,Fiction Novel,8.0,341.92,2735.36,south,Divya Joshi,Net Banking
AMZ104655,2023-06-12,Grocery & Gourmet,Instant Coffee Jar,4.0,609.02,2436.08,South ,Kavya Kumar,UPI
AMZ102053,2023-08-19,Home & Kitchen,Non-Stick Pan Set,3.0,2852.74,8558.22,South ,Divya Nair,
AMZ103986,2024-07-06,Home & Kitchen,Vacuum Cleaner,8.0,606.41,4851.28,west,Karthik Bhatt,Credit Card
AMZ103219,2023-08-12,Beauty & Personal Care,Sunscreen SPF50,9.0,279.18,2512.62,CENTRAL ,Divya Bose,UPI
AMZ105709,2023-06-27,Furniture,Bookshelf,9.0,10177.33,91595.97,east,Aditya Reddy,Net Banking
AMZ102196,2024-05-07,Toys & Games,Remote Control Car,3.0,279.84,839.52,north,Sanjay Rao,Credit Card
AMZ100528,2024-10-29,Clothing,Men's T-Shirt,8.0,512.63,4101.04,South,Rahul Joshi,UPI
AMZ102129,2023-02-24,Books,Cookbook,3.0,127.34,382.02,SOUTH,Pooja Bose,Credit Card
AMZ101028,2024-11-29,Beauty & Personal Care,Perfume 100ml,4.0,1692.68,6770.72,SOUTH,Pooja Nair,Amazon Pay
AMZ105684,2023-04-08,Furniture,Study Table,10.0,10362.83,103628.3,east,Manoj Agarwal,Net Banking
AMZ101182,2023-07-01,Sports & Fitness,Skipping Rope,7.0,3434.83,24043.81,West,Lakshmi Singh,Amazon Pay
AMZ102735,2023-04-27,Home & Kitchen,Blender,6.0,1315.83,7894.98,north,Isha Das,Credit Card
AMZ103744,2024-09-07,Sports & Fitness,Skipping Rope,9.0,456.26,4106.34,central,Yash Pillai,Cash on Delivery
AMZ104242,2023-10-02,Electronics,USB-C Cable,4.0,1300.44,5201.76, North,Arjun Iyer,
AMZ105628,2023-08-24,Books,Fiction Novel,5.0,754.38,3771.9,Central,Suresh Agarwal,Cash on Delivery
AMZ105044,2023-12-18,Sports & Fitness,Resistance Bands,6.0,2536.96,15221.76,central,Pooja Chatterjee,Amazon Pay
AMZ100603,2024-04-18,Electronics,Wireless Earbuds,9.0,627.83,5650.47,south,Ritu Rao,
AMZ100706,2024-01-19,Sports & Fitness,Skipping Rope,4.0,767.62,3070.48,EAST,Shreya Chatterjee,Debit Card
AMZ105104,2023-06-25,Furniture,Study Table,10.0,8245.3,82453.0, West,Suresh Nair,Debit Card
AMZ104991,2024-01-14,Beauty & Personal Care,Face Serum,8.0,1921.03,15368.24,west,Farhan Pillai,Debit Card
AMZ101524,2024-09-07,Furniture,Bookshelf,6.0,4434.52,26607.12,South,Priya Chatterjee,Credit Card
AMZ100150,2024-12-12,Clothing,Running Shoes,5.0,810.05,4050.25,NORTH,Rahul Iyer,UPI
AMZ104683,2023-10-10,Home & Kitchen,Bed Sheet Set,3.0,3483.76,10451.28,EAST,Rahul Agarwal,Cash on Delivery
AMZ102011,2024-07-19,Toys & Games,Building Blocks Set,9.0,680.93,6128.37,south,Rahul Gupta,Cash on Delivery
AMZ101724,2024-04-15,Toys & Games,Puzzle 1000pc,5.0,522.0,2610.0,NORTH,Deepak Sharma,Credit Card
AMZ105768,2023-05-01,Electronics,Laptop Stand,10.0,5005.26,50052.6,EAST,Kavya Gupta,Net Banking
AMZ102078,2024-11-12,Home & Kitchen,Electric Kettle,3.0,2689.94,8069.82,south,Deepak Bose,Cash on Delivery
AMZ103064,2023-05-06,Electronics,Laptop Stand,4.0,827.22,3308.88,east,Meera Kapoor,Cash on Delivery
AMZ105409,2023-01-14,Sports & Fitness,Cricket Bat,9.0,1128.01,10152.09,South,Isha Kumar,Amazon Pay
AMZ105344,2023-03-18,Grocery & Gourmet,Honey 500g,6.0,837.26,5023.56,Central,Farhan Chatterjee,Credit Card
AMZ101825,2024-06-06,Toys & Games,Building Blocks Set,9.0,654.09,5886.81,EAST,Arjun Kapoor,Credit Card
AMZ104659,2024-09-12,Furniture,Office Chair,10.0,8140.06,81400.6,North,Isha Iyer,Credit Card
AMZ104900,2023-01-12,Home & Kitchen,LED Desk Lamp,1.0,3288.14,3288.14,East,Nikhil Kapoor,Net Banking
AMZ102761,2024-04-24,Home & Kitchen,Blender,3.0,3948.77,11846.31,east,Tanvi Kapoor,Credit Card
AMZ102827,2024-06-28,Grocery & Gourmet,Almonds 500g,3.0,649.28,1947.84,NORTH,Vivek Malhotra,Cash on Delivery
AMZ105349,2024-12-11,Books,Self-Help Book,5.0,811.68,4058.4,west,Nikhil Kumar,UPI
AMZ100593,2023-08-08,Grocery & Gourmet,Honey 500g,9.0,882.35,7941.15,NORTH,Neha Bose,Net Banking
AMZ105574,2023-02-01,Sports & Fitness,Cricket Bat,8.0,1843.72,14749.76, West,Rahul Verma,Credit Card
AMZ103920,2023-05-05,Sports & Fitness,Yoga Mat,4.0,1853.72,7414.88,Central,Zoya Malhotra,UPI
AMZ100183,2023-03-18,Furniture,Bookshelf,5.0,4291.29,21456.45, North,Divya Patel,Credit Card
AMZ102250,2024-06-02,Beauty & Personal Care,Trimmer,8.0,1673.63,13389.04,central,Vikram Malhotra,Net Banking
AMZ101664,2023-08-07,Beauty & Personal Care,Lipstick Set,5.0,447.52,2237.6,NORTH,Aditya Bose,Debit Card
AMZ102048,2024-06-25,Furniture,Bookshelf,1.0,12992.77,12992.77,North,Imran Reddy,UPI
AMZ101120,2024-09-09,Beauty & Personal Care,Trimmer,2.0,1220.45,2440.9,north,Shreya Verma,Credit Card
AMZ101470,2023-12-22,Toys & Games,Remote Control Car,9.0,1167.34,10506.06,South,Farhan Agarwal,Amazon Pay
AMZ105076,2024-12-10,Grocery & Gourmet,Instant Coffee Jar,10.0,854.88,8548.8,west,Neha Reddy,Amazon Pay
AMZ102857,2023-03-29,Beauty & Personal Care,Face Serum,10.0,496.67,4966.7,East,Ananya Nair,UPI
AMZ100921,2023-10-22,Office Products,Printer Paper A4,10.0,870.66,8706.6,South,Manoj Gupta,Net Banking
AMZ105647,2023-01-06,Electronics,Portable SSD,3.0,4677.05,14031.15,West,Vikram Kumar,Debit Card
AMZ103682,2024-01-01,Toys & Games,Board Game,2.0,1106.28,2212.56,EAST,Arjun Nair,Cash on Delivery
AMZ100980,2024-09-05,Electronics,Laptop Stand,2.0,3943.19,7886.38,east,Farhan Bose,Debit Card
AMZ104904,2023-03-08,Books,Self-Help Book,7.0,461.55,3230.85, West,Deepak Pillai,UPI
AMZ100584,2023-09-23,Sports & Fitness,Resistance Bands,4.0,1710.67,6842.68, North,Sanjay Iyer,
AMZ102865,2024-08-25,Furniture,Office Chair,5.0,1261.55,6307.75,north,Vivek Bose,UPI
AMZ100790,2023-06-07,Furniture,Office Chair,4.0,6271.14,25084.56, North,Tanvi Joshi,UPI
AMZ102084,2023-11-21,Sports & Fitness,Skipping Rope,3.0,2640.33,7920.99,NORTH,Suresh Reddy,Cash on Delivery
AMZ104862,2024-03-21,Beauty & Personal Care,Perfume 100ml,9.0,1028.37,9255.33,north,Sanjay Iyer,Amazon Pay
AMZ104657,2023-11-07,Sports & Fitness,Badminton Racket,7.0,829.1,5803.7,SOUTH,Farhan Rao,Cash on Delivery
AMZ104257,2023-08-22,Electronics,Portable SSD,7.0,1902.87,13320.09,CENTRAL ,Arjun Bhatt,UPI
AMZ103288,2024-01-14,Books,Children's Story Book,1.0,369.21,369.21,central,Rohan Iyer,Net Banking
AMZ101783,2024-10-10,Furniture,Bookshelf,4.0,9370.86,37483.44,west,Kavya Iyer,Debit Card
AMZ104985,2023-12-22,Clothing,Formal Shirt,4.0,1717.2,6868.8,south,Sneha Bose,UPI
AMZ102302,2023-05-12,Toys & Games,Puzzle 1000pc,5.0,440.82,2204.1,EAST,Manoj Nair,Credit Card
AMZ100013,2023-06-20,Books,Self-Help Book,7.0,411.76,2882.32,South ,Imran Bose,Credit Card
AMZ102751,2023-09-24,Home & Kitchen,Blender,1.0,4964.45,4964.45,west,Nikhil Chatterjee,UPI
AMZ101477,2023-06-06,Grocery & Gourmet,Basmati Rice 5kg,10.0,666.81,6668.1,East,Arjun Chatterjee,Credit Card
AMZ103715,2024-04-26,Electronics,Bluetooth Speaker,5.0,2163.3,10816.5,South ,Imran Rao,UPI
AMZ104493,2023-03-05,Beauty & Personal Care,Hair Dryer,4.0,1798.15,7192.6,east,Suresh Bhatt,Net Banking
AMZ104954,2023-11-28,Grocery & Gourmet,Honey 500g,7.0,490.65,3434.55,South,Shreya Gupta,Credit Card
AMZ101268,2023-06-18,Clothing,Winter Hoodie,8.0,892.31,7138.48,CENTRAL ,Yash Verma,Cash on Delivery
AMZ102582,2024-05-05,Sports & Fitness,Yoga Mat,1.0,1468.25,1468.25,west,Rohan Joshi,Cash on Delivery
AMZ100421,2024-04-10,Books,Self-Help Book,5.0,259.44,1297.2,west,Kavya Agarwal,Cash on Delivery
AMZ102021,2024-12-21,Home & Kitchen,Blender,8.0,2607.26,20858.08,Central,Tanvi Menon,Credit Card
AMZ102838,2023-06-16,Sports & Fitness,Yoga Mat,8.0,2184.86,17478.88,North,Vikram Kapoor,UPI
AMZ100491,2023-01-17,Books,Self-Help Book,5.0,697.12,3485.6,Central,Anusha Bhatt,Amazon Pay
AMZ100888,2024-12-29,Sports & Fitness,Resistance Bands,9.0,533.22,4798.98,EAST,Neha Patel,UPI
AMZ100170,2024-12-14,Office Products,Printer Paper A4,10.0,268.47,2684.7,East,Neha Chatterjee,Amazon Pay
AMZ103620,2024-03-28,Sports & Fitness,Resistance Bands,4.0,3404.04,13616.16,NORTH,Kavya Agarwal,Credit Card
AMZ101414,2023-02-27,Home & Kitchen,Vacuum Cleaner,3.0,1117.14,3351.42,Central,Rohan Kapoor,Credit Card
AMZ100522,2024-02-05,Books,Biography,3.0,623.89,1871.67,central,Vivek Reddy,Amazon Pay
AMZ101625,2024-07-02,Sports & Fitness,Cricket Bat,1.0,3108.82,3108.82,east,Meera Das,Amazon Pay
AMZ102133,2023-07-06,Books,Children's Story Book,4.0,544.8,2179.2,north,Ananya Reddy,Credit Card
AMZ102027,2024-11-15,Electronics,Wireless Earbuds,8.0,3117.06,24936.48,CENTRAL ,Rahul Malhotra,Credit Card
AMZ104542,2024-02-10,Clothing,Casual Sneakers,1.0,735.43,735.43,Central,Zoya Singh,Debit Card
AMZ102597,2023-04-05,Office Products,Notebook Pack,4.0,150.04,600.16,west,Vikram Bhatt,Cash on Delivery
AMZ103365,2024-06-16,Books,Cookbook,3.0,127.36,382.08,EAST,Shreya Sharma,Cash on Delivery
AMZ100305,2023-12-31,Books,Fiction Novel,5.0,199.91,999.55,South ,Shreya Joshi,UPI
AMZ105370,2024-06-23,Beauty & Personal Care,Lipstick Set,8.0,1777.04,14216.32,West,Deepak Reddy,Credit Card
AMZ104676,2023-10-28,Office Products,Desk Organizer,9.0,409.07,3681.63,South ,Yash Joshi,Cash on Delivery
AMZ102964,2024-08-07,Books,Self-Help Book,2.0,870.41,1740.82,Central,Ananya Bhatt,Debit Card
AMZ104012,2023-11-10,Clothing,Women's Kurti,10.0,1847.19,18471.9,South ,Isha Patel,Net Banking
AMZ103516,2023-05-07,Beauty & Personal Care,Hair Dryer,7.0,1279.75,8958.25,north,Vivek Kapoor,Amazon Pay
AMZ103914,2023-05-28,Books,Programming Guide,1.0,433.04,433.04,CENTRAL ,Suresh Bhatt,Credit Card
AMZ104973,2024-03-25,Clothing,Running Shoes,2.0,516.7,1033.4,north,Isha Patel,Cash on Delivery
AMZ103432,2024-11-14,Electronics,Mechanical Keyboard,10.0,2537.2,25372.0,East,Arjun Kumar,Credit Card
AMZ103139,2024-07-14,Office Products,Desk Organizer,3.0,412.43,1237.29,central,Ritu Malhotra,Cash on Delivery
AMZ105240,2024-07-29,Beauty & Personal Care,Face Serum,8.0,1542.0,12336.0,Central,Deepak Singh,Net Banking
AMZ103671,2023-02-05,Furniture,Bedside Table,10.0,7308.19,73081.9,,Sneha Bose,Net Banking
AMZ100670,2024-02-15,Sports & Fitness,Resistance Bands,5.0,2381.72,11908.6,South ,Neha Singh,Credit Card
AMZ103496,2023-08-21,Electronics,Wireless Earbuds,2.0,2431.35,4862.7,Central,Neha Kapoor,Credit Card
AMZ105233,2024-09-13,Grocery & Gourmet,Basmati Rice 5kg,5.0,269.03,1345.15,SOUTH,Suresh Malhotra,UPI
AMZ103143,2023-09-14,Furniture,Study Table,5.0,11756.24,58781.2,east,Ananya Agarwal,Credit Card
AMZ105062,2023-03-29,Beauty & Personal Care,Perfume 100ml,1.0,625.97,625.97,north,Neha Reddy,Amazon Pay
AMZ105204,2024-11-14,Furniture,Bean Bag,9.0,5040.35,45363.15,,Priya Patel,Debit Card
AMZ100731,2023-09-16,Sports & Fitness,Yoga Mat,2.0,3436.0,6872.0, West,Arjun Das,Debit Card
AMZ101713,2024-01-02,Home & Kitchen,Electric Kettle,10.0,3007.62,30076.2,,Vivek Bose,Debit Card
AMZ103394,2023-12-13,Electronics,Smart Watch,10.0,563.48,5634.8,east,Lakshmi Nair,Debit Card
AMZ105503,2024-09-12,Grocery & Gourmet,Instant Coffee Jar,4.0,649.37,2597.48,south,Divya Singh,Debit Card
AMZ104853,2024-11-16,Sports & Fitness,Skipping Rope,5.0,364.75,1823.75,South,Rohan Reddy,UPI
AMZ105741,2023-05-23,Books,Biography,1.0,244.38,244.38, North,Farhan Gupta,
AMZ103272,2023-05-07,Sports & Fitness,Dumbbell Set,5.0,561.51,2807.55, West,Sanjay Singh,Amazon Pay
AMZ103160,2023-12-01,Grocery & Gourmet,Instant Coffee Jar,3.0,386.84,1160.52,East,Deepak Gupta,Debit Card
AMZ105715,2024-07-27,Sports & Fitness,Badminton Racket,10.0,,,CENTRAL ,Pooja Das,UPI
AMZ102797,2023-05-16,Books,Self-Help Book,3.0,307.67,923.01,West,Ananya Singh,Cash on Delivery
AMZ103679,2023-08-29,Home & Kitchen,Non-Stick Pan Set,7.0,4159.61,29117.27,Central,Karthik Das,Credit Card
AMZ105289,2024-09-17,Grocery & Gourmet,Honey 500g,1.0,787.19,787.19,South,Sneha Agarwal,UPI
AMZ102428,2024-01-20,Office Products,Desk Organizer,7.0,772.52,5407.64,east,Sneha Agarwal,Amazon Pay
AMZ103591,2023-03-13,Toys & Games,Remote Control Car,9.0,650.04,5850.36,central,Divya Sharma,Cash on Delivery
AMZ104211,2023-08-27,Sports & Fitness,Skipping Rope,4.0,909.32,3637.28,,Anusha Chatterjee,Cash on Delivery
AMZ100404,2024-08-27,Toys & Games,Puzzle 1000pc,9.0,560.54,5044.86,north,Ananya Menon,Credit Card
AMZ102638,2024-03-04,Sports & Fitness,Yoga Mat,5.0,1954.22,9771.1,CENTRAL ,Aditya Joshi,Net Banking
AMZ102335,2024-08-23,Office Products,Gel Pens Set,10.0,106.68,1066.8,central,Shreya Kapoor,UPI
AMZ105587,2024-10-09,Office Products,Whiteboard Marker Set,1.0,412.87,412.87,EAST,Deepak Rao,
AMZ103808,2023-10-02,Office Products,Desk Organizer,6.0,350.67,2104.02,Central,Sneha Das,Credit Card
AMZ100075,2023-07-14,Electronics,USB-C Cable,4.0,5839.71,23358.84,SOUTH,Suresh Kapoor,UPI
AMZ102632,2023-04-07,Beauty & Personal Care,Sunscreen SPF50,1.0,331.36,331.36,West,Arjun Agarwal,
AMZ105597,2023-12-19,Furniture,Study Table,10.0,8940.92,89409.2,East,Shreya Das,UPI
AMZ104908,2023-05-18,Clothing,Formal Shirt,4.0,1252.2,5008.8,east,Deepak Nair,Net Banking
AMZ105158,2023-09-14,Office Products,Gel Pens Set,5.0,452.01,2260.05,East,Rohan Das,Net Banking
AMZ104857,2023-02-26,Beauty & Personal Care,Lipstick Set,7.0,1838.78,12871.46,West,Deepak Gupta,
AMZ101038,2023-02-15,Grocery & Gourmet,Basmati Rice 5kg,9.0,539.98,4859.82,west,Divya Agarwal,UPI
AMZ102565,2023-10-27,Electronics,USB-C Cable,6.0,824.86,4949.16,,Deepak Patel,UPI
AMZ103745,2023-11-19,Books,Self-Help Book,3.0,230.72,692.16,SOUTH,Isha Bose,Amazon Pay
AMZ101566,2023-12-08,Furniture,Bookshelf,9.0,6104.2,54937.8,NORTH,Sanjay Singh,Net Banking
AMZ100245,2024-05-22,Clothing,Running Shoes,2.0,2122.74,4245.48,central,Tanvi Bhatt,Amazon Pay
AMZ102793,2024-08-10,Home & Kitchen,Air Fryer,3.0,636.32,1908.96,South ,Sanjay Reddy,Cash on Delivery
AMZ103260,2024-09-05,Furniture,Study Table,7.0,2276.1,15932.7,east,Imran Joshi,Net Banking
AMZ102668,2023-05-04,Books,Self-Help Book,8.0,115.45,923.6,CENTRAL ,Aditya Das,Credit Card
AMZ103668,2023-12-20,Sports & Fitness,Resistance Bands,5.0,790.89,3954.45,west,Vivek Reddy,Debit Card
AMZ100878,2023-02-01,Clothing,Formal Shirt,10.0,2222.18,22221.8,south,Vikram Malhotra,Debit Card
AMZ100133,2023-11-28,Books,Self-Help Book,2.0,765.43,1530.86,SOUTH,Vivek Menon,Debit Card
AMZ102158,2024-07-10,Electronics,Portable SSD,10.0,2842.91,28429.1,central,Kavya Patel,Net Banking
AMZ103401,2024-03-19,Electronics,Power Bank,3.0,1956.11,5868.33,central,Tanvi Sharma,Net Banking
AMZ102954,2024-12-14,Books,Programming Guide,3.0,254.61,763.83,South,Farhan Bose,Amazon Pay
AMZ100686,2023-11-09,Sports & Fitness,Resistance Bands,1.0,1642.63,1642.63,West,Vivek Kapoor,Amazon Pay
AMZ100983,2024-06-13,Grocery & Gourmet,Instant Coffee Jar,3.0,584.3,1752.9,North,Vivek Pillai,Cash on Delivery
AMZ105190,2024-03-06,Electronics,Action Camera,3.0,5724.82,17174.46,South,Imran Chatterjee,Debit Card
AMZ103053,2024-09-19,Grocery & Gourmet,Cooking Oil 1L,8.0,450.57,3604.56,SOUTH,Lakshmi Chatterjee,Credit Card
AMZ103008,2023-01-08,Electronics,Action Camera,6.0,5358.02,32148.12,NORTH,Anusha Malhotra,Cash on Delivery
AMZ105771,2024-01-13,Electronics,Smart Watch,5.0,5882.48,29412.4,NORTH,Sneha Bhatt,Cash on Delivery
AMZ100051,2024-11-05,Electronics,Portable SSD,4.0,3327.29,13309.16,CENTRAL ,Rohan Chatterjee,Credit Card
AMZ102902,2024-05-19,Home & Kitchen,Air Fryer,10.0,4920.33,49203.3,South,Lakshmi Iyer,Debit Card
AMZ103729,2023-03-27,Sports & Fitness,Badminton Racket,9.0,1541.6,13874.4,East,Kavya Sharma,Credit Card
AMZ102333,2024-12-17,Office Products,Desk Organizer,7.0,259.29,1815.03, North,Manoj Malhotra,Net Banking
AMZ102912,2024-09-15,Electronics,Wireless Earbuds,3.0,2957.7,8873.1,East,Priya Sharma,Credit Card
AMZ104511,2024-06-30,Beauty & Personal Care,Lipstick Set,10.0,501.65,5016.5,EAST,Manoj Verma,Debit Card
AMZ104157,2024-11-30,Home & Kitchen,Electric Kettle,10.0,3678.41,36784.1,EAST,Sanjay Menon,Cash on Delivery
AMZ102035,2023-08-09,Home & Kitchen,Air Fryer,1.0,4229.64,4229.64,east,Ritu Verma,Credit Card
AMZ101740,2023-06-19,Home & Kitchen,Vacuum Cleaner,7.0,2912.26,20385.82,South ,Imran Patel,UPI
AMZ105450,2024-03-15,Grocery & Gourmet,Honey 500g,10.0,356.51,3565.1,EAST,,Amazon Pay
AMZ102373,2024-06-19,Furniture,Study Table,5.0,8960.99,44804.95,Central,Priya Pillai,Amazon Pay
AMZ105258,2023-05-09,Clothing,Winter Hoodie,1.0,576.8,576.8,CENTRAL ,Deepak Patel,UPI
AMZ102942,2023-02-17,Books,Cookbook,4.0,237.3,949.2,SOUTH,Imran Gupta,Credit Card
AMZ102762,2024-05-11,Office Products,Notebook Pack,3.0,305.26,915.78,central,Arjun Iyer,Amazon Pay
AMZ103851,2024-04-28,Grocery & Gourmet,Honey 500g,7.0,746.57,5225.99,South,Isha Patel,Cash on Delivery
AMZ101578,2024-06-23,Home & Kitchen,Blender,7.0,2932.28,20525.96,south,Sanjay Singh,UPI
AMZ103790,2023-09-18,Electronics,Mechanical Keyboard,3.0,1215.2,3645.6,,Rohan Verma,Amazon Pay
AMZ103983,2023-07-22,Home & Kitchen,LED Desk Lamp,9.0,2702.33,24320.97,South ,Anusha Kapoor,Net Banking
AMZ101974,2023-11-12,Sports & Fitness,Yoga Mat,10.0,1864.41,18644.1,west,Suresh Patel,Debit Card
AMZ104605,2023-03-01,Sports & Fitness,Skipping Rope,10.0,2789.93,27899.3,,Arjun Reddy,UPI
AMZ105189,2024-03-08,Office Products,Printer Paper A4,5.0,645.29,3226.45,NORTH,,Credit Card
AMZ104576,2023-08-23,Furniture,Bedside Table,,2328.65,,EAST,Neha Bhatt,Debit Card
AMZ103274,2024-02-02,Electronics,Smart Watch,1.0,5879.09,5879.09,South,Priya Agarwal,Amazon Pay
AMZ102090,2023-10-09,Beauty & Personal Care,Face Wash,1.0,705.21,705.21,central,Vikram Nair,Credit Card
AMZ100501,2024-10-27,Home & Kitchen,Non-Stick Pan Set,3.0,2180.02,6540.06,west,Deepak Singh,Amazon Pay
AMZ102114,2023-12-18,Beauty & Personal Care,Sunscreen SPF50,2.0,709.38,1418.76,central,Tanvi Iyer,Amazon Pay
AMZ103876,2023-02-21,Home & Kitchen,Bed Sheet Set,10.0,2167.9,21679.0,west,Karthik Das,Cash on Delivery
AMZ104330,2023-08-27,Books,Fiction Novel,3.0,610.91,1832.73,west,Shreya Joshi,Net Banking
AMZ104987,2023-10-11,Sports & Fitness,Resistance Bands,7.0,2346.54,16425.78,South ,Imran Kapoor,Credit Card
AMZ101370,2024-10-26,Grocery & Gourmet,Almonds 500g,4.0,303.76,1215.04,SOUTH,Kavya Reddy,Credit Card
AMZ104884,2024-11-16,Clothing,Women's Kurti,-8.0,2344.0,18752.0,SOUTH,Divya Reddy,Net Banking
AMZ103872,2023-07-22,Toys & Games,Board Game,2.0,470.21,940.42,Central,Zoya Reddy,UPI
AMZ101316,2023-08-10,Clothing,Winter Hoodie,7.0,1030.66,7214.62,west,Arjun Menon,Amazon Pay
AMZ102314,2023-10-19,Office Products,Printer Paper A4,8.0,182.26,1458.08,south,Divya Pillai,Net Banking
AMZ100267,2024-05-04,Toys & Games,Remote Control Car,6.0,1028.59,6171.54,central,Sanjay Das,Cash on Delivery
AMZ100175,2023-05-26,Toys & Games,Board Game,9.0,1964.59,17681.31,SOUTH,Aditya Chatterjee,Credit Card
AMZ100845,2023-01-30,Electronics,Portable SSD,8.0,5675.38,45403.04,west,Deepak Menon,UPI
AMZ100338,2024-05-16,Home & Kitchen,Blender,2.0,1180.44,2360.88,East,Deepak Menon,Amazon Pay
AMZ105421,2024-04-04,Furniture,Bedside Table,2.0,12179.76,24359.52,East,Kavya Chatterjee,Cash on Delivery
AMZ100564,2023-01-25,Electronics,Smart Watch,3.0,1957.24,5871.72,South,Shreya Singh,Credit Card
AMZ103951,2024-10-01,Clothing,Denim Jacket,10.0,2306.31,23063.1, North,,Credit Card
AMZ104191,2024-03-09,Sports & Fitness,Resistance Bands,6.0,388.34,2330.04,north,Rahul Verma,Cash on Delivery
AMZ104566,2023-03-27,Sports & Fitness,Yoga Mat,3.0,3042.88,9128.64, West,Meera Agarwal,Amazon Pay
AMZ103698,2023-10-18,Furniture,Study Table,2.0,6029.55,12059.1,north,Sanjay Reddy,Cash on Delivery
AMZ100485,2023-08-02,Beauty & Personal Care,Hair Dryer,6.0,1130.78,6784.68,east,Rohan Rao,Cash on Delivery
AMZ104079,2024-11-21,Beauty & Personal Care,Hair Dryer,7.0,212.09,1484.63,North,Sanjay Agarwal,Amazon Pay
AMZ100061,2024-01-21,Furniture,Office Chair,1.0,1501.35,1501.35, North,Lakshmi Verma,Credit Card
AMZ101778,2024-12-10,Furniture,Bean Bag,6.0,6527.16,39162.96,north,Lakshmi Kapoor,UPI
AMZ104146,2023-02-07,Books,Children's Story Book,1.0,529.37,529.37,central,Imran Rao,Amazon Pay
AMZ104042,2024-09-06,Toys & Games,Building Blocks Set,9.0,1049.99,9449.91,west,Aditya Reddy,Debit Card
AMZ103209,2024-12-26,Home & Kitchen,Bed Sheet Set,9.0,2102.16,18919.44,Central,Tanvi Malhotra,Credit Card
AMZ101945,2024-10-27,Home & Kitchen,Vacuum Cleaner,4.0,3689.92,14759.68,Central,Anusha Patel,Cash on Delivery
AMZ103683,2024-10-13,Home & Kitchen,Electric Kettle,10.0,523.98,5239.8,EAST,Manoj Sharma,UPI
AMZ100455,2023-10-27,Grocery & Gourmet,Green Tea Pack,6.0,414.1,2484.6,NORTH,Pooja Bhatt,Credit Card
AMZ101879,2024-08-08,Clothing,Yoga Pants,8.0,1702.75,13622.0,South ,Rahul Das,Amazon Pay
AMZ104353,2024-03-20,Books,Fiction Novel,8.0,302.11,2416.88,south,Suresh Sharma,Credit Card
AMZ101101,2023-09-13,Electronics,Laptop Stand,1.0,5073.03,5073.03,EAST,Kavya Das,UPI
AMZ101958,2024-05-08,Office Products,Gel Pens Set,6.0,668.8,4012.8,,Imran Nair,Credit Card
AMZ101938,2024-07-05,Sports & Fitness,Skipping Rope,2.0,885.07,1770.14, West,Sanjay Kumar,Amazon Pay
AMZ105167,2023-07-10,Office Products,Notebook Pack,3.0,502.72,1508.16, North,Shreya Agarwal,Debit Card
AMZ102228,2024-05-26,Sports & Fitness,Dumbbell Set,5.0,2838.08,14190.4,NORTH,Karthik Reddy,Cash on Delivery
AMZ100289,2023-03-05,Home & Kitchen,Electric Kettle,9.0,2604.01,23436.09,South,Pooja Bhatt,Net Banking
AMZ103446,2023-02-09,Furniture,Bedside Table,10.0,11744.6,117446.0,North,Pooja Das,UPI
AMZ101374,2023-10-10,Beauty & Personal Care,Trimmer,1.0,1089.92,1089.92,CENTRAL ,Divya Malhotra,Net Banking
AMZ103869,2024-09-15,Toys & Games,Board Game,9.0,857.14,7714.26,NORTH,,Debit Card
AMZ103609,2023-05-11,Electronics,Action Camera,1.0,3850.05,3850.05,,Kavya Pillai,UPI
AMZ100488,2024-05-04,Electronics,Laptop Stand,6.0,4117.04,24702.24,CENTRAL ,Meera Reddy,Amazon Pay
AMZ102479,2024-12-27,Home & Kitchen,Bed Sheet Set,1.0,1646.89,1646.89,south,Manoj Reddy,Credit Card
AMZ102673,2023-08-03,Beauty & Personal Care,Trimmer,10.0,917.3,9173.0, West,Ananya Bose,Cash on Delivery
AMZ103098,2023-12-21,Electronics,Portable SSD,10.0,1704.63,17046.3,South ,Rahul Bhatt,Cash on Delivery
AMZ101432,2024-10-08,Home & Kitchen,Non-Stick Pan Set,7.0,4250.04,29750.28,central,Ananya Nair,Cash on Delivery
AMZ101622,2024-07-16,Grocery & Gourmet,Honey 500g,6.0,670.64,4023.84,CENTRAL ,Karthik Kumar,Net Banking
AMZ101157,2024-06-20,Clothing,Women's Kurti,5.0,2324.76,11623.8,East,Farhan Joshi,Credit Card
AMZ102022,2023-01-27,Books,Self-Help Book,4.0,239.16,956.64,South ,Nikhil Malhotra,Cash on Delivery
AMZ105229,2024-12-13,Sports & Fitness,Skipping Rope,6.0,3358.39,20150.34,South ,Suresh Nair,Cash on Delivery
AMZ104914,2023-07-23,Office Products,Gel Pens Set,5.0,989.81,4949.05, West,Divya Agarwal,Net Banking
AMZ100554,2023-03-17,Books,Programming Guide,7.0,392.01,2744.07,South,Ritu Menon,Amazon Pay
AMZ105218,2024-04-17,Toys & Games,Soft Toy,7.0,1687.51,11812.57,Central,Zoya Iyer,Credit Card
AMZ100644,2024-10-07,Books,Fiction Novel,3.0,824.15,2472.45,South ,Vivek Das,Credit Card
AMZ103637,2023-02-15,Clothing,Winter Hoodie,4.0,355.86,1423.44,south,Arjun Sharma,Cash on Delivery
AMZ101797,2023-07-13,Books,Programming Guide,3.0,723.92,2171.76,south,,Cash on Delivery
AMZ100666,2023-02-16,Books,Cookbook,2.0,663.96,1327.92,east,Suresh Gupta,Cash on Delivery
AMZ104489,2024-02-16,Clothing,Winter Hoodie,4.0,1074.75,4299.0,west,Meera Menon,Cash on Delivery
AMZ101048,2024-07-06,Sports & Fitness,Badminton Racket,10.0,283.99,2839.9,west,Karthik Kapoor,Credit Card
AMZ105183,2023-04-26,Office Products,Notebook Pack,4.0,386.2,1544.8,South ,Anusha Nair,Credit Card
AMZ101372,2023-06-17,Clothing,Yoga Pants,6.0,590.99,3545.94,south,Tanvi Das,Debit Card
AMZ101842,2024-08-25,Toys & Games,Building Blocks Set,7.0,1157.07,8099.49,west,Divya Gupta,Credit Card
AMZ100189,2023-05-24,Sports & Fitness,Dumbbell Set,7.0,387.31,2711.17,EAST,Zoya Agarwal,UPI
AMZ101844,2023-05-07,Furniture,Office Chair,9.0,10547.05,94923.45,West,Tanvi Sharma,Credit Card
AMZ102413,2024-11-23,Grocery & Gourmet,Basmati Rice 5kg,10.0,577.5,5775.0,central,Vikram Singh,Cash on Delivery
AMZ102969,2024-02-17,Electronics,Bluetooth Speaker,7.0,5188.3,36318.1,South ,Aditya Gupta,Net Banking
AMZ102482,2023-05-01,Office Products,Desk Organizer,8.0,340.9,2727.2,EAST,Sneha Patel,Amazon Pay
AMZ105185,2024-07-15,Beauty & Personal Care,Hair Dryer,1.0,195.94,195.94,Central,Sneha Patel,Net Banking
AMZ100798,2023-06-13,Books,Children's Story Book,5.0,835.03,4175.15, North,Deepak Chatterjee,Cash on Delivery
AMZ100118,2023-02-22,Clothing,Winter Hoodie,7.0,2473.13,17311.91,east,Deepak Das,Net Banking
AMZ104990,2024-08-02,Grocery & Gourmet,Cooking Oil 1L,1.0,314.09,314.09,EAST,Nikhil Pillai,UPI
AMZ100283,2023-06-29,Home & Kitchen,Air Fryer,6.0,2022.29,12133.74,East,Priya Das,Cash on Delivery
AMZ100680,2023-01-23,Grocery & Gourmet,Instant Coffee Jar,10.0,320.93,3209.3,South ,Ritu Nair,Cash on Delivery
AMZ103827,2023-11-06,Office Products,Notebook Pack,6.0,463.02,2778.12,NORTH,Suresh Patel,Net Banking
AMZ103196,2023-04-11,Office Products,Printer Paper A4,7.0,314.83,2203.81,East,Sneha Patel,Credit Card
AMZ104921,2023-10-22,Home & Kitchen,Storage Containers,9.0,4719.63,42476.67,central,Karthik Kapoor,UPI
AMZ104859,2023-09-08,Furniture,Bean Bag,8.0,10315.11,82520.88,East,Rohan Bose,UPI
AMZ100688,2024-03-25,Beauty & Personal Care,Hair Dryer,1.0,1466.31,1466.31,west,Tanvi Kumar,Net Banking
AMZ101643,2024-05-25,Electronics,Action Camera,10.0,4518.68,45186.8,north,Yash Sharma,Credit Card
AMZ105793,2024-10-09,Beauty & Personal Care,Sunscreen SPF50,10.0,254.2,2542.0,west,Vivek Rao,Amazon Pay
AMZ104836,2024-01-12,Sports & Fitness,Yoga Mat,3.0,851.25,2553.75,,Sneha Joshi,Debit Card
AMZ100746,2024-04-04,Toys & Games,Soft Toy,5.0,1700.35,8501.75,central,Ananya Patel,Amazon Pay
AMZ102222,2024-12-24,Sports & Fitness,Badminton Racket,8.0,2794.96,22359.68,East,Aditya Das,UPI
AMZ101528,2024-07-19,Grocery & Gourmet,Almonds 500g,1.0,337.33,337.33,Central,Tanvi Reddy,Net Banking
AMZ104416,2024-09-19,Electronics,Laptop Stand,3.0,1471.45,4414.35,east,Vikram Verma,Amazon Pay
AMZ103719,2024-02-24,Office Products,Desk Organizer,10.0,919.95,9199.5,,Divya Kapoor,Credit Card
AMZ102620,2023-01-30,Furniture,Bookshelf,2.0,8150.85,16301.7,west,Aditya Malhotra,Debit Card
AMZ103386,2024-04-15,Office Products,Printer Paper A4,8.0,929.25,7434.0,EAST,Farhan Das,Debit Card
AMZ103187,2023-10-25,Office Products,Printer Paper A4,2.0,421.45,842.9,east,Suresh Reddy,Credit Card
AMZ101452,2024-11-07,Clothing,Denim Jacket,5.0,659.84,3299.2,CENTRAL ,Meera Menon,UPI
AMZ104548,2024-03-10,Electronics,Portable SSD,10.0,3464.88,34648.8,central,Farhan Gupta,Amazon Pay
AMZ101585,2024-03-27,Furniture,Bedside Table,6.0,2561.51,15369.06,west,Rahul Chatterjee,Cash on Delivery
AMZ102352,2024-10-11,Clothing,Women's Kurti,6.0,359.07,2154.42,North,Suresh Verma,UPI
AMZ104210,2024-09-18,Grocery & Gourmet,Cooking Oil 1L,10.0,583.61,5836.1, West,Aditya Nair,Net Banking
AMZ105265,2023-04-17,Home & Kitchen,Bed Sheet Set,3.0,4986.71,14960.13,East,Sanjay Kapoor,Credit Card
AMZ105131,2023-01-30,Furniture,Bedside Table,7.0,10593.63,74155.41,Central,Anusha Bose,UPI
AMZ103508,2024-04-02,Electronics,Action Camera,10.0,958.06,9580.6,EAST,Manoj Chatterjee,Cash on Delivery
AMZ101530,2023-07-29,Beauty & Personal Care,Face Serum,10.0,457.99,4579.9,east,Kavya Iyer,Cash on Delivery
AMZ104222,2023-11-28,Grocery & Gourmet,Honey 500g,8.0,358.02,2864.16, North,Aditya Menon,Amazon Pay
AMZ105508,2023-12-08,Books,Fiction Novel,5.0,704.62,3523.1,,Vikram Gupta,Credit Card
AMZ102519,2023-03-12,Office Products,Gel Pens Set,9.0,405.71,3651.39,north,Shreya Rao,Cash on Delivery
AMZ102869,2024-11-06,Furniture,Study Table,9.0,6979.21,62812.89,West,Rohan Rao,Credit Card
AMZ100385,2023-04-18,Electronics,Wireless Earbuds,9.0,3772.49,33952.41,South,Ananya Pillai,Amazon Pay
AMZ103163,2023-08-15,Toys & Games,Board Game,8.0,861.72,6893.76, North,Priya Sharma,Amazon Pay
AMZ101627,2023-01-20,Toys & Games,Building Blocks Set,4.0,791.4,3165.6,CENTRAL ,Meera Pillai,Amazon Pay
AMZ104554,2023-12-08,Furniture,Office Chair,3.0,4637.55,13912.65,,Sneha Joshi,Cash on Delivery
AMZ105005,2024-12-23,Office Products,Gel Pens Set,10.0,697.65,6976.5,South,Imran Joshi,Amazon Pay
AMZ101376,2024-08-08,Office Products,Whiteboard Marker Set,4.0,967.08,3868.32,EAST,Rahul Rao,Net Banking
AMZ102558,2024-08-09,Home & Kitchen,LED Desk Lamp,1.0,2787.49,2787.49,East,Divya Das,Amazon Pay
AMZ103777,2024-08-09,Sports & Fitness,Badminton Racket,10.0,3036.43,30364.3,central,Yash Bose,Debit Card
AMZ101805,2023-01-30,Electronics,Wireless Earbuds,1.0,5519.38,5519.38,west,Karthik Das,UPI
AMZ104723,2024-09-27,Clothing,Men's T-Shirt,5.0,663.52,3317.6,North,Lakshmi Iyer,Amazon Pay
AMZ103030,2024-08-23,Grocery & Gourmet,Honey 500g,10.0,471.09,4710.9,South ,,Credit Card
AMZ104792,2024-12-04,Grocery & Gourmet,Basmati Rice 5kg,1.0,331.04,331.04,West,Priya Nair,Debit Card
AMZ102121,2023-03-22,Office Products,Desk Organizer,8.0,485.52,3884.16,South,Neha Malhotra,Cash on Delivery
AMZ104414,2023-11-24,Electronics,Laptop Stand,8.0,3656.17,29249.36,east,Meera Patel,Amazon Pay
AMZ102464,2023-03-27,Sports & Fitness,Skipping Rope,4.0,2028.12,8112.48, North,Shreya Kapoor,Credit Card
AMZ101505,2024-04-21,Beauty & Personal Care,Sunscreen SPF50,3.0,1789.41,5368.23,SOUTH,Rohan Patel,Cash on Delivery
AMZ104528,2024-09-05,Toys & Games,Remote Control Car,10.0,1407.59,14075.9,east,Shreya Sharma,Net Banking
AMZ101359,2023-02-28,Books,Cookbook,10.0,169.34,1693.4,Central,Deepak Rao,Debit Card
AMZ105637,2024-07-16,Sports & Fitness,Dumbbell Set,4.0,3105.4,12421.6,west,Farhan Kumar,Debit Card
AMZ104003,2024-09-23,Beauty & Personal Care,Face Wash,3.0,359.11,1077.33,EAST,Zoya Iyer,Net Banking
AMZ105338,2023-09-12,Books,Fiction Novel,1.0,698.87,698.87,SOUTH,Lakshmi Gupta,Cash on Delivery
AMZ101031,2024-01-19,Grocery & Gourmet,Almonds 500g,4.0,789.39,3157.56, North,Priya Kapoor,Debit Card
AMZ102535,2023-10-28,Home & Kitchen,Vacuum Cleaner,9.0,4013.13,36118.17,South,Ritu Nair,Amazon Pay
AMZ105074,2023-03-11,Clothing,Women's Kurti,4.0,1723.1,6892.4,EAST,Vikram Chatterjee,Net Banking
AMZ100089,2023-11-20,Books,Self-Help Book,1.0,107.37,107.37,CENTRAL ,Aditya Chatterjee,UPI
AMZ100418,2024-07-03,Toys & Games,Board Game,5.0,747.94,3739.7,CENTRAL ,Sneha Patel,Debit Card
AMZ101610,2023-07-03,Grocery & Gourmet,Green Tea Pack,4.0,295.52,1182.08,South ,Rahul Pillai,Amazon Pay
AMZ105547,2023-07-30,Beauty & Personal Care,Hair Dryer,2.0,1829.03,3658.06,east,Farhan Gupta,Net Banking
AMZ102714,2023-08-01,Toys & Games,Board Game,5.0,1158.14,5790.7,East,Pooja Patel,Amazon Pay
AMZ100022,2023-12-17,Office Products,Printer Paper A4,8.0,345.26,2762.08, West,Sneha Iyer,Amazon Pay
AMZ105393,2024-12-12,Beauty & Personal Care,Hair Dryer,1.0,1169.38,1169.38,Central,Anusha Reddy,Amazon Pay
AMZ104685,2024-06-12,Electronics,Bluetooth Speaker,5.0,3179.79,15898.95,CENTRAL ,Farhan Patel,Debit Card
AMZ103717,2023-01-14,Grocery & Gourmet,Honey 500g,3.0,191.24,573.72,east,Kavya Bhatt,UPI
AMZ104928,2023-04-04,Home & Kitchen,Air Fryer,5.0,4044.11,20220.55,east,Nikhil Pillai,Amazon Pay
AMZ105609,2024-01-27,Grocery & Gourmet,Green Tea Pack,10.0,308.42,3084.2,north,Priya Joshi,Net Banking
AMZ104756,2024-10-13,Beauty & Personal Care,Face Serum,10.0,1284.98,12849.8, North,Sanjay Nair,UPI
AMZ102193,2024-04-16,Beauty & Personal Care,Sunscreen SPF50,10.0,956.68,9566.8, West,Kavya Bose,UPI
AMZ104949,2024-02-28,Grocery & Gourmet,Almonds 500g,3.0,732.7,2198.1,north,Kavya Rao,Credit Card
AMZ101632,2023-10-09,Electronics,Laptop Stand,7.0,679.2,4754.4, West,Ananya Joshi,Cash on Delivery
AMZ100515,2023-06-16,Books,Children's Story Book,1.0,358.53,358.53,EAST,Vikram Gupta,Net Banking
AMZ104455,2024-11-26,Office Products,Notebook Pack,6.0,621.04,3726.24, West,Tanvi Kumar,Credit Card
AMZ101586,2024-10-14,Books,Children's Story Book,4.0,196.81,787.24,South ,Karthik Malhotra,UPI
AMZ102764,2023-12-20,Sports & Fitness,Resistance Bands,10.0,681.95,6819.5,CENTRAL ,Rahul Chatterjee,Credit Card
AMZ103374,2024-11-04,Grocery & Gourmet,Basmati Rice 5kg,4.0,536.39,2145.56,north,Divya Menon,Cash on Delivery
AMZ102925,2023-06-14,Grocery & Gourmet,Cooking Oil 1L,1.0,756.05,756.05, North,Anusha Patel,Amazon Pay
AMZ103947,2024-11-26,Sports & Fitness,Dumbbell Set,8.0,866.22,6929.76,south,Vikram Gupta,Debit Card
AMZ102312,2023-05-05,Beauty & Personal Care,Hair Dryer,2.0,1258.27,2516.54,CENTRAL ,Rahul Joshi,Cash on Delivery
AMZ104631,2024-11-13,Beauty & Personal Care,Sunscreen SPF50,8.0,252.94,2023.52,SOUTH,Priya Agarwal,Net Banking
AMZ104547,2023-01-06,Books,Self-Help Book,6.0,454.51,2727.06,east,Arjun Verma,Debit Card
AMZ105757,2024-04-18,Clothing,Men's T-Shirt,4.0,2319.07,9276.28,west,Vikram Malhotra,UPI
AMZ103611,2023-03-19,Furniture,Office Chair,10.0,12453.49,124534.9,EAST,Neha Joshi,Credit Card
AMZ100348,2024-08-25,Clothing,Denim Jacket,5.0,2221.24,11106.2,central,Deepak Joshi,Debit Card
AMZ104244,2023-09-03,Beauty & Personal Care,Sunscreen SPF50,3.0,1045.75,3137.25,CENTRAL ,Ritu Iyer,Cash on Delivery
AMZ100523,2024-07-24,Home & Kitchen,Electric Kettle,9.0,367.33,3305.97,North,Karthik Reddy,Debit Card
AMZ103804,2023-07-11,Grocery & Gourmet,Green Tea Pack,5.0,722.66,3613.3,east,Pooja Malhotra,Net Banking
AMZ102919,2023-02-20,Home & Kitchen,Air Fryer,7.0,2395.14,16765.98,East,Deepak Gupta,Amazon Pay
AMZ100536,2024-09-17,Grocery & Gourmet,Basmati Rice 5kg,9.0,276.92,2492.28, North,Nikhil Rao,Cash on Delivery
AMZ105061,2023-05-10,Grocery & Gourmet,Instant Coffee Jar,6.0,105.29,631.74,East,,Cash on Delivery
AMZ104626,2024-10-01,Beauty & Personal Care,Hair Dryer,6.0,1161.03,6966.18,Central,Meera Kapoor,Amazon Pay
AMZ105121,2023-07-23,Toys & Games,Building Blocks Set,6.0,1508.38,9050.28,south,Priya Gupta,Amazon Pay
AMZ104787,2024-12-02,Office Products,Stapler,8.0,54.56,436.48, West,Vivek Sharma,Credit Card
AMZ102023,2023-08-31,Grocery & Gourmet,Instant Coffee Jar,10.0,397.34,3973.4, North,Manoj Bhatt,Net Banking
AMZ100298,2024-07-11,Electronics,Laptop Stand,4.0,4381.29,17525.16,south,Priya Rao,UPI
AMZ103754,2023-04-26,Clothing,Casual Sneakers,7.0,1980.99,13866.93,west,Divya Rao,Net Banking
AMZ104378,2024-07-10,Sports & Fitness,Yoga Mat,9.0,3084.3,27758.7,West,Manoj Verma,Cash on Delivery
AMZ101883,2024-06-03,Home & Kitchen,Bed Sheet Set,3.0,386.52,1159.56,south,Zoya Singh,Net Banking
AMZ100597,2023-08-02,Home & Kitchen,Electric Kettle,8.0,2256.14,18049.12,west,Tanvi Singh,Debit Card
AMZ101939,2024-09-28,Clothing,Women's Kurti,1.0,1652.55,1652.55,North,Shreya Agarwal,Amazon Pay
AMZ103106,2023-11-05,Books,Children's Story Book,3.0,577.56,1732.68,SOUTH,Ritu Rao,Credit Card
AMZ104342,2023-06-30,Beauty & Personal Care,Hair Dryer,4.0,1019.96,4079.84,west,Ritu Malhotra,Amazon Pay
AMZ103555,2023-03-25,Office Products,Notebook Pack,8.0,956.98,7655.84,West,Priya Chatterjee,UPI
AMZ103568,2024-08-03,Clothing,Winter Hoodie,7.0,572.81,4009.67,east,Sanjay Malhotra,Cash on Delivery
AMZ102581,2024-04-04,Home & Kitchen,Bed Sheet Set,4.0,528.81,2115.24,Central,Isha Singh,Debit Card
AMZ102781,2023-08-15,Sports & Fitness,Skipping Rope,1.0,1369.22,1369.22,west,Deepak Iyer,Amazon Pay
AMZ105497,2024-07-30,Office Products,Desk Organizer,3.0,218.61,655.83,,Manoj Kapoor,Cash on Delivery
AMZ100950,2024-03-10,Toys & Games,Soft Toy,7.0,619.6,4337.2,north,Divya Pillai,Credit Card
AMZ100066,2024-11-19,Books,Biography,3.0,108.98,326.94,Central,Rahul Bose,UPI
AMZ105645,2024-02-10,Office Products,Printer Paper A4,8.0,462.82,3702.56,CENTRAL ,Sneha Bose,Cash on Delivery
AMZ100865,2024-07-02,Sports & Fitness,Yoga Mat,2.0,1261.73,2523.46, West,Kavya Gupta,UPI
AMZ103806,2023-04-13,Furniture,Study Table,8.0,6167.04,49336.32,,Imran Joshi,Credit Card
AMZ101691,2024-06-07,Office Products,Whiteboard Marker Set,1.0,354.02,354.02,South,Rahul Das,Net Banking
AMZ105713,2024-12-04,Home & Kitchen,Vacuum Cleaner,7.0,388.32,2718.24,East,Tanvi Sharma,Debit Card
AMZ100491,2023-01-17,Books,Self-Help Book,5.0,697.12,3485.6,Central,Anusha Bhatt,Amazon Pay
AMZ103822,2023-10-07,Grocery & Gourmet,Honey 500g,6.0,115.65,693.9,south,Manoj Chatterjee,UPI
AMZ104824,2023-01-08,Electronics,Power Bank,8.0,2317.99,18543.92,SOUTH,Deepak Malhotra,Credit Card
AMZ103654,2023-11-08,Electronics,Laptop Stand,7.0,2064.75,14453.25,North,Kavya Rao,Debit Card
AMZ100677,2023-12-29,Home & Kitchen,Electric Kettle,2.0,3455.05,6910.1,West,Anusha Nair,Credit Card
AMZ103486,2024-04-29,Furniture,Bookshelf,5.0,12040.77,60203.85,Central,Aditya Sharma,UPI
AMZ100134,2023-09-27,Office Products,Gel Pens Set,9.0,965.11,8685.99,EAST,Manoj Rao,Cash on Delivery
AMZ105288,2024-06-04,Toys & Games,Remote Control Car,7.0,563.32,3943.24,west,Ananya Bhatt,UPI
AMZ100977,2024-12-15,Sports & Fitness,Yoga Mat,7.0,3383.02,23681.14,North,Ritu Verma,Credit Card
AMZ100284,2023-10-24,Books,Programming Guide,9.0,809.51,7285.59,EAST,Suresh Gupta,Cash on Delivery
AMZ100370,2023-08-24,Grocery & Gourmet,Honey 500g,9.0,221.73,1995.57,CENTRAL ,Vivek Agarwal,UPI
AMZ103692,2023-05-30,Clothing,Formal Shirt,6.0,2203.57,13221.42,NORTH,Vivek Bose,Cash on Delivery
AMZ103412,2023-06-17,Electronics,USB-C Cable,3.0,2111.13,6333.39,East,Suresh Kapoor,Amazon Pay
AMZ100209,2023-03-26,Toys & Games,Soft Toy,3.0,1054.81,3164.43,CENTRAL ,Suresh Malhotra,Credit Card
AMZ101445,2024-05-29,Beauty & Personal Care,Perfume 100ml,4.0,1718.01,6872.04, West,Aditya Bose,Net Banking
AMZ101661,2024-06-23,Toys & Games,Remote Control Car,2.0,446.46,892.92,east,Yash Agarwal,Net Banking
AMZ100137,2024-01-16,Grocery & Gourmet,Instant Coffee Jar,2.0,300.63,601.26,central,Sanjay Joshi,Amazon Pay
AMZ104424,2023-01-20,Home & Kitchen,Bed Sheet Set,9.0,4839.06,43551.54,east,Pooja Bhatt,Net Banking
AMZ105106,2023-12-13,Furniture,Bookshelf,8.0,10859.18,86873.44,North,Neha Rao,Debit Card
AMZ102606,2024-04-02,Clothing,Men's T-Shirt,6.0,1904.6,11427.6, West,Ananya Singh,Net Banking
AMZ105733,2024-03-20,Office Products,Whiteboard Marker Set,6.0,334.28,2005.68,south,Imran Kumar,Amazon Pay
AMZ101638,2023-02-12,Clothing,Running Shoes,8.0,2217.39,17739.12,CENTRAL ,Nikhil Iyer,Cash on Delivery
AMZ101255,2023-12-18,Office Products,Desk Organizer,10.0,275.37,2753.7,CENTRAL ,Aditya Gupta,Net Banking
AMZ102399,2023-11-29,Office Products,Gel Pens Set,8.0,776.48,6211.84, West,Imran Reddy,Cash on Delivery
AMZ100157,2023-09-10,Home & Kitchen,Vacuum Cleaner,9.0,4488.02,40392.18,south,Priya Joshi,Credit Card
AMZ105761,2023-06-27,Office Products,Stapler,3.0,818.15,2454.45,north,Tanvi Bose,Cash on Delivery
AMZ103036,2024-10-14,Office Products,Whiteboard Marker Set,6.0,624.38,3746.28,EAST,Vivek Patel,Amazon Pay
AMZ103926,2024-07-15,Office Products,Stapler,4.0,512.15,2048.6,South,Tanvi Kapoor,Cash on Delivery
AMZ100275,2024-06-22,Toys & Games,Board Game,5.0,1500.51,7502.55, West,Aditya Verma,Net Banking
AMZ100352,2024-08-13,Clothing,Men's T-Shirt,3.0,2101.2,6303.6,South ,Nikhil Chatterjee,UPI
AMZ102809,2024-04-28,Home & Kitchen,Air Fryer,8.0,1374.26,10994.08,West,Vivek Gupta,Amazon Pay
AMZ101852,2023-01-28,Sports & Fitness,Skipping Rope,10.0,2034.37,20343.7,CENTRAL ,Karthik Menon,UPI
AMZ100318,2024-11-13,Clothing,Running Shoes,2.0,1505.17,3010.34,East,Isha Gupta,Amazon Pay
AMZ105624,2023-08-22,Electronics,Power Bank,6.0,3158.37,18950.22, West,Priya Malhotra,Cash on Delivery
AMZ104017,2024-03-19,Furniture,Office Chair,9.0,10299.45,92695.05,NORTH,Isha Sharma,Debit Card
AMZ102514,2023-07-18,Electronics,Action Camera,5.0,5049.68,25248.4,east,Sneha Sharma,Credit Card
AMZ100323,2023-10-20,Toys & Games,Board Game,9.0,778.26,7004.34,SOUTH,Karthik Reddy,Amazon Pay
AMZ100165,2024-12-14,Books,Self-Help Book,8.0,231.63,1853.04,South,Lakshmi Reddy,Net Banking
AMZ102478,2023-10-17,Electronics,Wireless Earbuds,7.0,3657.13,25599.91,central,Kavya Das,Net Banking
AMZ101170,2023-05-24,Home & Kitchen,LED Desk Lamp,8.0,3168.31,25346.48,south,Tanvi Sharma,UPI
AMZ105060,2024-07-18,Clothing,Running Shoes,1.0,1791.35,1791.35,west,Kavya Nair,Amazon Pay
AMZ101427,2024-05-16,Books,Children's Story Book,4.0,490.6,1962.4,Central,Anusha Reddy,Net Banking
AMZ100361,2024-04-24,Home & Kitchen,Blender,2.0,3048.14,6096.28,central,Aditya Agarwal,UPI
AMZ104923,2024-02-26,Books,Children's Story Book,6.0,333.92,2003.52,west,Suresh Bhatt,Debit Card
AMZ102860,2024-05-04,Books,Biography,7.0,142.99,1000.93,North,Rohan Menon,UPI
AMZ103973,2024-11-22,Furniture,Bean Bag,5.0,1413.15,7065.75,CENTRAL ,Kavya Kumar,Cash on Delivery
AMZ103571,2023-12-10,Home & Kitchen,Non-Stick Pan Set,5.0,1658.96,8294.8,SOUTH,Ritu Agarwal,Net Banking
AMZ102168,2024-03-16,Clothing,Casual Sneakers,5.0,2032.92,10164.6,NORTH,Tanvi Chatterjee,Amazon Pay
AMZ105542,2023-03-15,Beauty & Personal Care,Sunscreen SPF50,2.0,503.21,1006.42,south,Ananya Joshi,Cash on Delivery
AMZ103713,2024-11-11,Office Products,Desk Organizer,1.0,217.28,217.28,EAST,Isha Singh,Credit Card
AMZ105109,2024-02-12,Electronics,Action Camera,3.0,1747.71,5243.13,South ,Neha Gupta,Cash on Delivery
AMZ104219,2024-04-11,Beauty & Personal Care,Trimmer,3.0,1161.27,3483.81,west,Sanjay Gupta,UPI
AMZ104681,2023-12-20,Electronics,USB-C Cable,1.0,4617.33,4617.33,North,Imran Gupta,Cash on Delivery
AMZ101074,2024-06-14,Clothing,Yoga Pants,2.0,1421.15,2842.3,East,Ananya Gupta,Amazon Pay
AMZ103562,2024-08-07,Clothing,Casual Sneakers,3.0,2148.48,6445.44,NORTH,Neha Nair,Amazon Pay
AMZ101490,2023-12-06,Office Products,Printer Paper A4,1.0,990.4,990.4,central,Deepak Agarwal,UPI
AMZ105252,2024-12-17,Beauty & Personal Care,Perfume 100ml,6.0,425.27,2551.62,central,Rahul Patel,Debit Card
AMZ103624,2023-07-10,Toys & Games,Board Game,10.0,1520.51,15205.1,CENTRAL ,Ananya Kumar,UPI
AMZ105019,2024-03-18,Sports & Fitness,Yoga Mat,6.0,414.98,2489.88,West,Deepak Iyer,Net Banking
AMZ102207,2023-01-24,Beauty & Personal Care,Face Wash,-3.0,401.29,1203.87,North,Farhan Singh,Amazon Pay
AMZ105428,2024-08-10,Sports & Fitness,Yoga Mat,7.0,1979.87,13859.09,south,Farhan Agarwal,UPI
AMZ104798,2024-10-15,Furniture,Bedside Table,5.0,3567.77,17838.85,south,Manoj Gupta,Amazon Pay
AMZ103173,2024-05-26,Beauty & Personal Care,Lipstick Set,10.0,1390.02,13900.2,South,Farhan Verma,Amazon Pay
AMZ100890,2024-06-25,Books,Programming Guide,4.0,624.5,2498.0,NORTH,Suresh Patel,Credit Card
AMZ103058,2023-10-06,Beauty & Personal Care,Hair Dryer,3.0,1056.4,3169.2,EAST,Neha Menon,UPI
AMZ100726,2023-04-14,Home & Kitchen,LED Desk Lamp,7.0,4220.84,29545.88,West,Shreya Pillai,Debit Card
AMZ100030,2024-04-21,Toys & Games,Building Blocks Set,3.0,1986.6,5959.8,south,Anusha Nair,Cash on Delivery
AMZ103588,2023-02-28,Office Products,Gel Pens Set,10.0,739.25,7392.5, West,Priya Kumar,Cash on Delivery
AMZ100156,2023-03-11,Electronics,Wireless Earbuds,3.0,4308.44,12925.32,North,Lakshmi Patel,Amazon Pay
AMZ100869,2023-05-12,Books,Self-Help Book,6.0,644.56,3867.36,central,Divya Menon,Debit Card
AMZ104910,2023-07-17,Toys & Games,Remote Control Car,4.0,1287.9,5151.6,CENTRAL ,Priya Pillai,Credit Card
AMZ102411,2024-01-12,Office Products,Desk Organizer,5.0,231.52,1157.6,north,Deepak Agarwal,Debit Card
AMZ105330,2023-11-21,Furniture,Bean Bag,4.0,7239.9,28959.6,South,Neha Menon,Credit Card
AMZ101234,2023-07-19,Clothing,Women's Kurti,6.0,1063.62,6381.72,east,Isha Kapoor,Cash on Delivery
AMZ103811,2024-10-04,Toys & Games,Remote Control Car,5.0,736.59,3682.95,west,Karthik Rao,Net Banking
AMZ102659,2024-08-19,Electronics,Laptop Stand,6.0,5021.89,30131.34, West,Shreya Kumar,Amazon Pay
AMZ104739,2023-08-20,Grocery & Gourmet,Green Tea Pack,3.0,372.16,1116.48,EAST,Manoj Singh,
AMZ103121,2023-04-28,Sports & Fitness,Cricket Bat,1.0,2574.4,2574.4,east,,Net Banking
AMZ102777,2024-06-14,Furniture,Bedside Table,4.0,12836.28,51345.12,south,Meera Menon,Debit Card
AMZ102130,2024-03-15,Books,Fiction Novel,5.0,406.06,2030.3, North,Vivek Menon,Debit Card
AMZ101089,2023-04-23,Furniture,Study Table,8.0,11121.61,88972.88,central,Lakshmi Bhatt,UPI
AMZ103367,2023-04-01,Home & Kitchen,Blender,1.0,4647.73,4647.73, North,Neha Kumar,
AMZ100293,2023-03-11,Clothing,Yoga Pants,8.0,,,north,Vivek Menon,Net Banking
AMZ105268,2023-12-08,Electronics,USB-C Cable,9.0,1274.73,11472.57,SOUTH,Meera Bose,Net Banking
AMZ104851,2024-03-22,Beauty & Personal Care,Hair Dryer,5.0,905.27,4526.35,South,Priya Reddy,Debit Card
AMZ102111,2023-03-02,Home & Kitchen,Air Fryer,6.0,2729.27,16375.62,South,Karthik Menon,Debit Card
AMZ103992,2024-11-21,Sports & Fitness,Yoga Mat,8.0,788.04,6304.32,South,Neha Das,UPI
AMZ100521,2024-12-08,Furniture,Office Chair,,3980.88,,East,Meera Sharma,Credit Card
AMZ100978,2023-04-06,Grocery & Gourmet,Green Tea Pack,9.0,177.4,1596.6,central,Ananya Chatterjee,UPI
AMZ102109,2024-03-28,Grocery & Gourmet,Cooking Oil 1L,5.0,567.66,2838.3,west,Suresh Das,Credit Card
AMZ103495,2024-01-06,Beauty & Personal Care,Face Wash,6.0,866.2,5197.2,West,Karthik Patel,Amazon Pay
AMZ103069,2023-09-26,Sports & Fitness,Resistance Bands,3.0,1490.65,4471.95,West,Tanvi Kumar,Debit Card
AMZ102921,2023-08-28,Books,Programming Guide,6.0,355.5,2133.0,central,Lakshmi Iyer,Net Banking
AMZ104392,2024-05-28,Books,Programming Guide,6.0,500.35,3002.1,North,Neha Menon,Net Banking
AMZ103441,2023-04-17,Furniture,Study Table,9.0,12153.08,109377.72,central,Ananya Reddy,Credit Card
AMZ102501,2023-09-15,Electronics,USB-C Cable,6.0,4140.84,24845.04,CENTRAL ,Sneha Sharma,Amazon Pay
AMZ100817,2023-03-22,Home & Kitchen,Air Fryer,6.0,3374.37,20246.22,central,Rohan Iyer,Credit Card
AMZ103488,2024-06-23,Electronics,Bluetooth Speaker,2.0,2645.12,5290.24,SOUTH,Kavya Verma,UPI
AMZ105317,2023-05-25,Books,Self-Help Book,2.0,535.49,1070.98,NORTH,Anusha Singh,Debit Card
AMZ103038,2024-03-25,Toys & Games,Building Blocks Set,8.0,1838.97,14711.76,East,Sneha Singh,Debit Card
AMZ104529,2023-08-05,Toys & Games,Remote Control Car,4.0,224.48,897.92,South ,Sneha Joshi,Cash on Delivery
AMZ103812,2023-06-11,Electronics,Wireless Earbuds,7.0,3044.34,21310.38,SOUTH,Neha Nair,Net Banking
AMZ100934,2023-03-03,Electronics,Bluetooth Speaker,4.0,1743.46,6973.84,SOUTH,Neha Kumar,Net Banking
AMZ102598,2023-10-24,Toys & Games,Puzzle 1000pc,6.0,644.93,3869.58,west,Divya Chatterjee,Cash on Delivery
AMZ104518,2023-03-11,Furniture,Bean Bag,4.0,5491.05,21964.2,central,Ritu Joshi,Net Banking
AMZ103787,2023-06-04,Toys & Games,Puzzle 1000pc,6.0,1638.62,9831.72,EAST,Meera Bose,Credit Card
AMZ102530,2023-06-06,Beauty & Personal Care,Lipstick Set,1.0,157.04,157.04,North,Manoj Agarwal,Cash on Delivery
AMZ100495,2024-06-04,Sports & Fitness,Resistance Bands,3.0,3003.9,9011.7,west,Ritu Agarwal,UPI
AMZ100135,2024-10-13,Grocery & Gourmet,Green Tea Pack,6.0,128.47,770.82,east,Arjun Joshi,Debit Card
AMZ103664,2024-11-24,Sports & Fitness,Yoga Mat,6.0,400.3,2401.8,NORTH,Suresh Chatterjee,
AMZ105018,2024-09-27,Books,Self-Help Book,10.0,718.1,7181.0,SOUTH,Nikhil Malhotra,Debit Card
AMZ100873,2023-03-22,Furniture,Study Table,1.0,1273.19,1273.19,CENTRAL ,Ananya Menon,Cash on Delivery
AMZ102802,2023-07-04,Electronics,Wireless Mouse,8.0,4715.68,37725.44,SOUTH,Zoya Agarwal,Net Banking
AMZ103625,2023-02-25,Clothing,Running Shoes,2.0,1039.36,2078.72,EAST,Ritu Singh,Amazon Pay
AMZ103579,2023-10-10,Furniture,Office Chair,5.0,1317.85,6589.25,East,Yash Sharma,Debit Card
AMZ103257,2023-07-13,Home & Kitchen,Air Fryer,4.0,4767.5,19070.0,SOUTH,Sanjay Bhatt,Cash on Delivery
AMZ103999,2023-05-08,Furniture,Bean Bag,2.0,9581.88,19163.76,East,Aditya Iyer,Credit Card
AMZ105210,2024-08-19,Office Products,Desk Organizer,6.0,602.05,3612.3,EAST,Deepak Reddy,Amazon Pay
AMZ105176,2023-02-23,Toys & Games,Soft Toy,6.0,1815.12,10890.72,central,Pooja Nair,Net Banking
AMZ102064,2024-06-16,Toys & Games,Puzzle 1000pc,8.0,413.53,3308.24,east,Manoj Gupta,Credit Card
AMZ101017,2023-12-13,Clothing,Yoga Pants,9.0,1326.35,11937.15,South,Imran Malhotra,Debit Card
AMZ104827,2024-12-22,Beauty & Personal Care,Lipstick Set,3.0,1779.98,5339.94, North,Arjun Pillai,Amazon Pay
AMZ101680,2024-05-10,Sports & Fitness,Skipping Rope,10.0,1654.85,16548.5,west,Deepak Chatterjee,Amazon Pay
AMZ102271,2024-12-11,Home & Kitchen,Blender,10.0,1036.75,10367.5,South ,Sanjay Menon,UPI
AMZ100345,2023-04-13,Sports & Fitness,Cricket Bat,6.0,2580.87,15485.22,central,Rahul Bhatt,UPI
AMZ103062,2023-11-10,Sports & Fitness,Yoga Mat,5.0,549.76,2748.8,EAST,Lakshmi Iyer,UPI
AMZ102947,2023-05-26,Sports & Fitness,Dumbbell Set,6.0,2145.77,12874.62, North,Zoya Singh,Amazon Pay
AMZ102901,2023-11-04,Sports & Fitness,Dumbbell Set,9.0,2059.34,18534.06,East,Isha Sharma,Cash on Delivery
AMZ101576,2024-01-02,Clothing,Formal Shirt,4.0,1528.12,6112.48, West,Lakshmi Bhatt,Net Banking
AMZ101506,2023-08-01,Toys & Games,Building Blocks Set,5.0,602.25,3011.25, West,Rahul Joshi,Credit Card
AMZ104140,2024-06-01,Furniture,Office Chair,5.0,12734.87,63674.35, West,Suresh Joshi,
AMZ105223,2023-04-28,Beauty & Personal Care,Face Serum,7.0,808.76,5661.32,central,Priya Nair,Debit Card
AMZ100201,2024-12-31,Grocery & Gourmet,Almonds 500g,8.0,732.56,5860.48,SOUTH,Neha Rao,UPI
AMZ104141,2023-07-16,Grocery & Gourmet,Honey 500g,1.0,885.23,885.23,Central,Neha Kumar,Net Banking
AMZ103418,2024-08-18,Toys & Games,Remote Control Car,6.0,1136.49,6818.94, West,Rohan Malhotra,Debit Card
AMZ103815,2023-07-23,Furniture,Office Chair,3.0,12248.78,36746.34,SOUTH,Lakshmi Menon,UPI
AMZ100701,2023-12-23,Clothing,Yoga Pants,7.0,1201.75,8412.25,NORTH,Pooja Das,Amazon Pay
AMZ105114,2023-04-16,Clothing,Yoga Pants,10.0,330.43,3304.3,Central,Aditya Sharma,Amazon Pay
AMZ101893,2023-08-10,Furniture,Office Chair,9.0,3115.15,28036.35,north,Manoj Bose,UPI
AMZ104095,2023-09-07,Sports & Fitness,Skipping Rope,5.0,348.08,1740.4,South,Kavya Bose,Debit Card
AMZ102346,2024-12-06,Electronics,Wireless Earbuds,8.0,4250.52,34004.16,West,Yash Nair,Cash on Delivery
AMZ100326,2023-09-17,Toys & Games,Remote Control Car,6.0,613.41,3680.46,,Sneha Malhotra,UPI
AMZ104365,2024-02-20,Grocery & Gourmet,Instant Coffee Jar,9.0,510.44,4593.96,west,Neha Kapoor,Debit Card
AMZ100912,2023-09-14,Grocery & Gourmet,Almonds 500g,6.0,884.08,5304.48,central,Nikhil Bose,Amazon Pay
AMZ103215,2024-02-26,Beauty & Personal Care,Face Wash,6.0,1166.55,6999.3,South ,Zoya Kumar,Credit Card
AMZ104253,2023-08-31,Sports & Fitness,Resistance Bands,4.0,392.22,1568.88,SOUTH,Ritu Singh,Credit Card
AMZ104519,2024-10-13,Grocery & Gourmet,Almonds 500g,4.0,363.3,1453.2,South,Pooja Reddy,Credit Card
AMZ101361,2023-05-16,Electronics,Portable SSD,6.0,4382.39,26294.34,CENTRAL ,Pooja Menon,UPI
AMZ103967,2024-08-13,Clothing,Women's Kurti,3.0,1348.22,4044.66,North,Sanjay Gupta,Net Banking
AMZ100014,2024-12-24,Toys & Games,Soft Toy,3.0,1673.7,5021.1,east,Imran Malhotra,UPI
AMZ100478,2023-03-10,Grocery & Gourmet,Cooking Oil 1L,3.0,269.44,808.32,EAST,Deepak Reddy,Net Banking
AMZ104744,2023-01-27,Home & Kitchen,Blender,4.0,1913.04,7652.16,South,Divya Kumar,Net Banking
AMZ101597,2023-06-28,Grocery & Gourmet,Basmati Rice 5kg,8.0,169.09,1352.72,north,Imran Kumar,Net Banking
AMZ105371,2023-09-05,Toys & Games,Puzzle 1000pc,6.0,1921.35,11528.1, North,Lakshmi Joshi,Amazon Pay
AMZ100059,2023-05-29,Furniture,Bean Bag,8.0,2792.56,22340.48,East,Nikhil Bhatt,Amazon Pay
AMZ103794,2023-09-25,Sports & Fitness,Badminton Racket,10.0,3107.32,31073.2, North,Shreya Rao,Amazon Pay
AMZ102368,2024-08-13,Grocery & Gourmet,Green Tea Pack,4.0,172.89,691.56,south,Neha Joshi,UPI
AMZ104345,2023-02-22,Toys & Games,Building Blocks Set,4.0,1806.2,7224.8,West,Farhan Verma,Credit Card
AMZ104632,2023-05-02,Office Products,Whiteboard Marker Set,10.0,475.27,4752.7,west,Shreya Joshi,Cash on Delivery
AMZ100607,2024-03-10,Beauty & Personal Care,Lipstick Set,8.0,1466.36,11730.88,North,Shreya Rao,UPI
AMZ104958,2024-06-17,Grocery & Gourmet,Almonds 500g,9.0,592.32,5330.88,South,Kavya Malhotra,Amazon Pay
AMZ103832,2024-02-17,Home & Kitchen,Electric Kettle,2.0,2380.81,4761.62, North,Deepak Bhatt,Credit Card
AMZ103057,2024-12-18,Sports & Fitness,Dumbbell Set,6.0,2584.13,15504.78,NORTH,Ananya Sharma,Credit Card
AMZ102815,2023-06-14,Books,Children's Story Book,10.0,235.53,2355.3,Central,Isha Bose,Amazon Pay
AMZ102700,2023-12-29,Books,Cookbook,5.0,607.47,3037.35,CENTRAL ,Neha Menon,Cash on Delivery
AMZ101888,2024-08-30,Grocery & Gourmet,Honey 500g,2.0,412.29,824.58,SOUTH,Lakshmi Agarwal,Cash on Delivery
AMZ100190,2023-10-28,Sports & Fitness,Badminton Racket,1.0,2368.1,2368.1,central,Kavya Reddy,Amazon Pay
AMZ100917,2023-08-24,Furniture,Study Table,4.0,12183.18,48732.72,West,Lakshmi Singh,Credit Card
AMZ105787,2023-07-06,Office Products,Printer Paper A4,8.0,626.84,5014.72,West,Sneha Kapoor,Amazon Pay
AMZ103231,2023-07-07,Beauty & Personal Care,Trimmer,10.0,1855.62,18556.2,West,Tanvi Menon,Cash on Delivery
AMZ105217,2023-08-18,Furniture,Bookshelf,1.0,8975.03,8975.03,South ,,Amazon Pay
AMZ102656,2024-07-19,Clothing,Women's Kurti,4.0,427.93,1711.72, North,Vikram Agarwal,Cash on Delivery
AMZ102710,2024-02-06,Sports & Fitness,Badminton Racket,2.0,2819.76,5639.52,NORTH,,Debit Card
AMZ105123,2024-10-08,Furniture,Bookshelf,7.0,8941.34,62589.38,west,Nikhil Bose,Amazon Pay
AMZ100035,2023-03-05,Clothing,Men's T-Shirt,3.0,610.43,1831.29,SOUTH,Vivek Iyer,Cash on Delivery
AMZ103162,2024-08-13,Sports & Fitness,Dumbbell Set,10.0,922.62,9226.2,Central,Karthik Bhatt,Amazon Pay
AMZ105801,2023-08-17,Books,Biography,10.0,459.87,4598.7,Central,Aditya Pillai,Cash on Delivery
AMZ104207,2023-09-20,Electronics,Bluetooth Speaker,7.0,917.46,6422.22,North,Suresh Malhotra,Net Banking
AMZ101572,2023-11-19,Grocery & Gourmet,Instant Coffee Jar,4.0,454.02,1816.08,South,Arjun Reddy,UPI
AMZ103758,2024-10-09,Beauty & Personal Care,Perfume 100ml,9.0,904.32,8138.88,EAST,Pooja Das,Credit Card
AMZ100325,2024-09-23,Grocery & Gourmet,Honey 500g,2.0,726.69,1453.38,SOUTH,Zoya Das,Amazon Pay
AMZ104627,2024-07-24,Beauty & Personal Care,Perfume 100ml,1.0,269.36,269.36,EAST,Kavya Nair,Net Banking
AMZ105554,2024-06-26,Toys & Games,Soft Toy,2.0,1056.62,2113.24,NORTH,Imran Iyer,Cash on Delivery
AMZ103963,2023-05-02,Books,Biography,6.0,649.54,3897.24,north,Arjun Bhatt,Net Banking
AMZ102235,2024-04-17,Home & Kitchen,Non-Stick Pan Set,8.0,1142.55,9140.4,EAST,Ananya Agarwal,Net Banking
AMZ102278,2023-03-31,Sports & Fitness,Badminton Racket,10.0,2508.24,25082.4,NORTH,Priya Verma,Net Banking
AMZ105514,2023-05-23,Toys & Games,Building Blocks Set,7.0,1204.44,8431.08,East,Karthik Joshi,Amazon Pay
AMZ100356,2023-05-25,Home & Kitchen,Blender,10.0,3281.73,32817.3, West,Karthik Das,Debit Card
AMZ102824,2023-09-27,Sports & Fitness,Resistance Bands,7.0,2299.98,16099.86,east,Deepak Reddy,Cash on Delivery
AMZ101822,2023-12-22,Grocery & Gourmet,Instant Coffee Jar,10.0,447.52,4475.2,North,Vikram Bose,Cash on Delivery
AMZ103629,2023-04-13,Toys & Games,Remote Control Car,5.0,1687.33,8436.65,West,Yash Pillai,UPI
AMZ102421,2023-04-19,Clothing,Women's Kurti,8.0,611.03,4888.24,South,Shreya Agarwal,Debit Card
AMZ101919,2023-08-07,Toys & Games,Soft Toy,4.0,857.7,3430.8, West,Tanvi Kumar,Cash on Delivery
AMZ101820,2023-04-29,Toys & Games,Soft Toy,7.0,1576.17,11033.19, West,Anusha Joshi,UPI
AMZ100225,2024-01-16,Toys & Games,Soft Toy,4.0,279.27,1117.08,South ,Manoj Verma,Credit Card
AMZ105010,2023-10-12,Grocery & Gourmet,Instant Coffee Jar,8.0,594.46,4755.68,CENTRAL ,Ritu Verma,Debit Card
AMZ104647,2024-01-22,Home & Kitchen,Blender,2.0,339.67,679.34,CENTRAL ,Rohan Menon,Cash on Delivery
AMZ104531,2024-06-09,Home & Kitchen,Air Fryer,9.0,1052.09,9468.81,EAST,Ritu Rao,Net Banking
AMZ100302,2024-01-30,Beauty & Personal Care,Sunscreen SPF50,9.0,318.22,2863.98,North,Imran Menon,Amazon Pay
AMZ104952,2024-01-08,Toys & Games,Soft Toy,2.0,1842.5,3685.0,West,Shreya Kumar,Debit Card
AMZ101521,2023-08-09,Furniture,Bookshelf,2.0,3512.6,7025.2,SOUTH,Vikram Malhotra,UPI
AMZ104956,2023-04-30,Beauty & Personal Care,Trimmer,3.0,1096.92,3290.76,West,Pooja Kapoor,Credit Card
AMZ101972,2023-05-18,Office Products,Printer Paper A4,3.0,74.03,222.09,central,Ananya Patel,Debit Card
AMZ101546,2023-11-20,Furniture,Bean Bag,4.0,8767.05,35068.2,central,Vivek Agarwal,Net Banking
AMZ101015,2024-04-29,Furniture,Study Table,2.0,3260.06,6520.12,West,Nikhil Verma,Cash on Delivery
AMZ101052,2023-01-14,Furniture,Bedside Table,8.0,5978.24,47825.92,South ,Zoya Bose,Net Banking
AMZ101480,2023-10-05,Office Products,Gel Pens Set,6.0,915.46,5492.76,NORTH,Rohan Rao,Debit Card
AMZ103447,2024-02-07,Furniture,Bedside Table,3.0,10788.24,32364.72,south,Isha Singh,Credit Card
AMZ105629,2024-08-10,Sports & Fitness,Cricket Bat,8.0,1399.57,11196.56,east,Rohan Bhatt,Credit Card
AMZ104743,2024-03-02,Office Products,Printer Paper A4,10.0,864.08,8640.8,central,Rahul Agarwal,UPI
AMZ102383,2023-01-18,Beauty & Personal Care,Lipstick Set,5.0,1747.64,8738.2,Central,Lakshmi Singh,Net Banking
AMZ102128,2024-03-01,Electronics,Power Bank,6.0,5616.14,33696.84,North,Kavya Verma,Net Banking
AMZ104543,2023-08-29,Books,Programming Guide,3.0,470.22,1410.66,EAST,Meera Bhatt,UPI
AMZ103015,2023-10-06,Electronics,Bluetooth Speaker,1.0,2924.87,2924.87,west,Pooja Patel,Net Banking
AMZ105699,2024-11-25,Furniture,Bedside Table,6.0,7640.4,45842.4,Central,Lakshmi Reddy,Cash on Delivery
AMZ102487,2024-02-21,Home & Kitchen,Non-Stick Pan Set,2.0,1339.49,2678.98,EAST,Lakshmi Singh,Debit Card
AMZ102462,2024-11-16,Electronics,USB-C Cable,1.0,4258.08,4258.08,Central,Vikram Nair,Cash on Delivery
AMZ104499,2023-08-04,Office Products,Printer Paper A4,9.0,943.08,8487.72,SOUTH,Rohan Menon,UPI
AMZ103660,2024-05-22,Electronics,Wireless Earbuds,9.0,1849.82,16648.38,north,Zoya Gupta,Net Banking
AMZ101519,2024-11-22,Beauty & Personal Care,Face Serum,1.0,491.62,491.62,,Suresh Agarwal,Amazon Pay
AMZ103223,2023-03-17,Home & Kitchen,Blender,10.0,3563.08,35630.8,Central,Anusha Singh,Debit Card
AMZ102692,2024-09-02,Toys & Games,Remote Control Car,2.0,899.13,1798.26,EAST,Suresh Das,Cash on Delivery
AMZ104198,2024-01-30,Grocery & Gourmet,Instant Coffee Jar,5.0,166.03,830.15,SOUTH,Shreya Menon,UPI
AMZ104408,2023-09-25,Furniture,Office Chair,7.0,10009.53,70066.71,EAST,Sneha Agarwal,Debit Card
AMZ104775,2023-12-17,Books,Cookbook,4.0,656.98,2627.92,central,Lakshmi Bose,Net Banking
AMZ104221,2023-12-14,Books,Biography,6.0,148.92,893.52,North,Sanjay Kapoor,UPI
AMZ101858,2023-08-07,Beauty & Personal Care,Perfume 100ml,8.0,1988.4,15907.2,SOUTH,Yash Menon,UPI
AMZ100970,2024-08-31,Toys & Games,Puzzle 1000pc,9.0,1725.85,15532.65,South,Aditya Iyer,UPI
AMZ101308,2024-05-04,Toys & Games,Soft Toy,7.0,1974.72,13823.04,South ,Divya Menon,Net Banking
AMZ105589,2023-04-02,Toys & Games,Board Game,10.0,664.0,6640.0,central,Manoj Kumar,Credit Card
AMZ102679,2023-12-21,Grocery & Gourmet,Green Tea Pack,7.0,109.27,764.89, North,Rohan Chatterjee,Cash on Delivery
AMZ101472,2024-03-27,Furniture,Bedside Table,4.0,11689.28,46757.12,,Karthik Chatterjee,Debit Card
AMZ102617,2023-12-21,Office Products,Printer Paper A4,6.0,642.03,3852.18,EAST,Nikhil Agarwal,UPI
AMZ101348,2024-03-01,Clothing,Running Shoes,2.0,450.21,900.42,South,Rahul Patel,Cash on Delivery
AMZ100354,2023-10-07,Office Products,Stapler,3.0,739.61,2218.83,North,Sneha Menon,Net Banking
AMZ100072,2023-01-02,Toys & Games,Puzzle 1000pc,7.0,818.13,5726.91,SOUTH,Neha Iyer,UPI
AMZ105631,2024-04-30,Grocery & Gourmet,Almonds 500g,4.0,631.78,2527.12, North,Shreya Gupta,Cash on Delivery
AMZ100458,2023-07-13,Furniture,Bean Bag,8.0,4820.92,38567.36,East,Tanvi Kapoor,Cash on Delivery
AMZ103566,2023-06-30,Furniture,Bedside Table,8.0,11043.36,88346.88,NORTH,Ananya Patel,Net Banking
AMZ100636,2024-01-21,Furniture,Bedside Table,1.0,2046.19,2046.19,west,Isha Nair,Credit Card
AMZ105239,2023-09-16,Books,Fiction Novel,6.0,491.25,2947.5, North,Isha Joshi,UPI
AMZ102928,2024-12-20,Office Products,Printer Paper A4,9.0,606.41,5457.69,EAST,Aditya Reddy,UPI
AMZ103304,2024-09-30,Beauty & Personal Care,Trimmer,6.0,1110.75,6664.5,south,Sanjay Kapoor,Net Banking
AMZ104000,2024-04-22,Furniture,Study Table,6.0,3088.87,18533.22,SOUTH,Nikhil Joshi,Net Banking
AMZ104704,2023-05-10,Electronics,Portable SSD,1.0,5173.64,5173.64, North,Rahul Reddy,UPI
AMZ101613,2023-02-25,Toys & Games,Remote Control Car,9.0,1479.71,13317.39,central,Farhan Pillai,Debit Card
AMZ100558,2024-03-06,Beauty & Personal Care,Hair Dryer,1.0,1092.29,1092.29,North,Tanvi Joshi,Cash on Delivery
AMZ104170,2023-10-11,Books,Biography,10.0,486.44,4864.4,East,Isha Patel,Amazon Pay
AMZ100103,2023-08-28,Books,Children's Story Book,10.0,832.17,8321.7,North,Lakshmi Reddy,
AMZ105251,2023-08-29,Sports & Fitness,Skipping Rope,6.0,3228.49,19370.94,Central,Zoya Chatterjee,UPI
AMZ102962,2023-12-22,Toys & Games,Building Blocks Set,5.0,931.96,4659.8,EAST,Nikhil Chatterjee,Debit Card
AMZ105092,2024-06-11,Home & Kitchen,LED Desk Lamp,10.0,3303.15,33031.5,north,Ritu Patel,Credit Card
AMZ100654,2023-01-10,Books,Fiction Novel,2.0,874.25,1748.5, West,Neha Agarwal,Amazon Pay
AMZ103740,2023-02-20,Grocery & Gourmet,Cooking Oil 1L,2.0,664.75,1329.5,EAST,Isha Verma,Net Banking
AMZ102176,2023-06-19,Toys & Games,Building Blocks Set,10.0,966.07,9660.7,East,Shreya Bhatt,Debit Card
AMZ103882,2023-12-23,Books,Programming Guide,8.0,350.37,2802.96,South,Lakshmi Pillai,Credit Card
AMZ102387,2023-02-04,Office Products,Desk Organizer,6.0,974.15,5844.9,,Suresh Gupta,Cash on Delivery
AMZ100757,2024-02-27,Home & Kitchen,Vacuum Cleaner,9.0,1667.95,15011.55,CENTRAL ,Aditya Verma,Debit Card
AMZ103096,2024-03-19,Toys & Games,Remote Control Car,9.0,928.02,8352.18,north,Yash Rao,Net Banking
AMZ104477,2024-11-29,Clothing,Formal Shirt,1.0,577.77,577.77,west,Ananya Reddy,UPI
AMZ104041,2024-08-31,Electronics,Power Bank,9.0,1027.6,9248.4,west,Anusha Nair,Net Banking
AMZ104415,2024-01-21,Office Products,Gel Pens Set,10.0,620.24,6202.4,West,Priya Bhatt,UPI
AMZ100317,2023-11-03,Beauty & Personal Care,Face Serum,8.0,395.24,3161.92,Central,Lakshmi Verma,Amazon Pay
AMZ100392,2024-09-14,Toys & Games,Board Game,3.0,,, West,Lakshmi Sharma,Debit Card
AMZ101977,2024-06-15,Grocery & Gourmet,Green Tea Pack,9.0,230.41,2073.69,NORTH,Nikhil Malhotra,Debit Card
AMZ101105,2023-01-02,Clothing,Women's Kurti,3.0,489.46,1468.38,SOUTH,Vivek Das,Credit Card
AMZ102564,2024-12-28,Grocery & Gourmet,Almonds 500g,7.0,336.17,2353.19, North,Neha Bhatt,Cash on Delivery
AMZ103651,2024-05-31,Toys & Games,Board Game,6.0,1547.07,9282.42,NORTH,Isha Chatterjee,Net Banking
AMZ103980,2024-12-18,Electronics,Wireless Mouse,1.0,5806.49,5806.49,central,Imran Menon,Net Banking
AMZ104049,2024-04-30,Sports & Fitness,Resistance Bands,9.0,2132.47,19192.23,EAST,Shreya Agarwal,Amazon Pay
AMZ102821,2024-04-09,Books,Cookbook,5.0,633.9,3169.5,EAST,Pooja Joshi,Debit Card
AMZ100601,2024-11-15,Books,Children's Story Book,3.0,492.02,1476.06,Central,Isha Kapoor,Credit Card
AMZ101288,2024-10-24,Toys & Games,Building Blocks Set,5.0,1973.0,9865.0,South ,Suresh Kapoor,Debit Card
AMZ100959,2024-03-25,Clothing,Formal Shirt,2.0,1375.75,2751.5,east,Priya Reddy,Debit Card
AMZ105654,2024-08-16,Toys & Games,Building Blocks Set,10.0,817.36,8173.6,North,Anusha Malhotra,Net Banking
AMZ104738,2023-11-30,Sports & Fitness,Dumbbell Set,4.0,2218.54,8874.16, North,Lakshmi Patel,Debit Card
AMZ103256,2024-07-02,Home & Kitchen,Bed Sheet Set,5.0,1129.63,5648.15, North,Zoya Malhotra,Net Banking
AMZ102542,2023-06-09,Beauty & Personal Care,Face Serum,9.0,803.21,7228.89,central,Lakshmi Iyer,Net Banking
AMZ100557,2023-08-16,Beauty & Personal Care,Hair Dryer,7.0,1376.17,9633.19,EAST,Isha Verma,Debit Card
AMZ105381,2023-07-05,Sports & Fitness,Dumbbell Set,3.0,987.66,2962.98, North,Sanjay Sharma,Cash on Delivery
AMZ105285,2024-10-19,Electronics,Action Camera,5.0,3631.31,18156.55, West,Manoj Verma,Credit Card
AMZ104054,2024-03-29,Clothing,Formal Shirt,10.0,1842.42,18424.2,south,Rohan Rao,Debit Card
AMZ100860,2023-04-28,Office Products,Desk Organizer,8.0,417.08,3336.64,west,Rohan Gupta,UPI
AMZ102630,2023-06-12,Clothing,Formal Shirt,3.0,860.31,2580.93,east,Meera Sharma,Amazon Pay
AMZ104918,2024-11-11,Office Products,Stapler,10.0,117.91,1179.1,west,Vikram Iyer,UPI
AMZ102450,2024-04-23,Furniture,Bedside Table,10.0,7948.25,79482.5,South ,Shreya Kumar,Cash on Delivery
AMZ104577,2024-04-15,Books,Fiction Novel,10.0,329.21,3292.1,West,Nikhil Malhotra,Amazon Pay
AMZ100112,2023-10-28,Home & Kitchen,Non-Stick Pan Set,4.0,4249.61,16998.44,West,Yash Verma,Credit Card
AMZ102260,2024-10-02,Home & Kitchen,Vacuum Cleaner,3.0,515.97,1547.91, West,Sanjay Menon,Cash on Delivery
AMZ100928,2024-03-24,Electronics,Action Camera,1.0,4785.08,4785.08,NORTH,Divya Kapoor,Net Banking
AMZ105435,2023-12-08,Toys & Games,Board Game,2.0,244.61,489.22,central,Arjun Bhatt,UPI
AMZ102898,2023-11-02,Toys & Games,Puzzle 1000pc,7.0,448.76,3141.32,central,Arjun Patel,Credit Card
AMZ101990,2023-11-15,Toys & Games,Soft Toy,2.0,1500.55,3001.1,east,Rohan Sharma,UPI
AMZ102741,2024-10-13,Grocery & Gourmet,Almonds 500g,9.0,267.74,2409.66, West,Nikhil Kumar,Net Banking
AMZ100399,2024-04-16,Beauty & Personal Care,Lipstick Set,6.0,590.49,3542.94,south,Arjun Nair,Amazon Pay
AMZ103559,2024-09-11,Toys & Games,Board Game,8.0,604.91,4839.28,CENTRAL ,Zoya Sharma,Net Banking
AMZ102864,2024-07-07,Electronics,Laptop Stand,3.0,2964.24,8892.72,NORTH,Anusha Menon,Cash on Delivery
AMZ103711,2024-03-10,Electronics,Power Bank,5.0,4067.66,20338.3,North,Aditya Patel,Amazon Pay
AMZ102547,2023-07-09,Electronics,Smart Watch,2.0,1032.61,2065.22,West,Meera Bose,Amazon Pay
AMZ101271,2023-02-19,Grocery & Gourmet,Honey 500g,6.0,892.46,5354.76,east,Isha Iyer,Amazon Pay
AMZ100739,2023-06-11,Home & Kitchen,Vacuum Cleaner,1.0,361.44,361.44,West,Lakshmi Bose,Amazon Pay
AMZ102522,2023-04-02,Electronics,Laptop Stand,10.0,4521.61,45216.1,South,Isha Gupta,Cash on Delivery
AMZ101779,2023-09-08,Toys & Games,Soft Toy,2.0,1769.61,3539.22,,Aditya Gupta,Net Banking
AMZ101523,2024-08-19,Grocery & Gourmet,Basmati Rice 5kg,2.0,710.23,1420.46,east,Neha Singh,Net Banking
AMZ103669,2024-06-27,Books,Biography,7.0,275.78,1930.46,central,Ritu Bhatt,Net Banking
AMZ104549,2024-08-23,Beauty & Personal Care,Hair Dryer,6.0,1214.11,7284.66,east,Meera Bose,UPI
AMZ105570,2024-09-15,Beauty & Personal Care,Face Wash,7.0,527.57,3692.99,EAST,Pooja Menon,Cash on Delivery
AMZ102811,2023-02-24,Sports & Fitness,Yoga Mat,3.0,2613.81,7841.43,North,Anusha Agarwal,Debit Card
AMZ102590,2024-04-10,Books,Fiction Novel,1.0,459.6,459.6, West,Meera Menon,Debit Card
AMZ100697,2024-07-17,Toys & Games,Remote Control Car,10.0,632.01,6320.1,east,Lakshmi Patel,Cash on Delivery
AMZ104867,2023-09-27,Furniture,Bedside Table,4.0,6958.51,27834.04, West,Imran Bose,UPI
AMZ101227,2024-12-01,Beauty & Personal Care,Perfume 100ml,2.0,454.76,909.52, West,Yash Das,Net Banking
AMZ101127,2024-12-04,Sports & Fitness,Dumbbell Set,2.0,238.34,476.68, North,Divya Bhatt,Cash on Delivery
AMZ105482,2023-03-18,Clothing,Casual Sneakers,1.0,357.29,357.29,west,Aditya Menon,UPI
AMZ102286,2023-06-25,Office Products,Whiteboard Marker Set,10.0,364.21,3642.1,,Arjun Sharma,Credit Card
AMZ105522,2023-01-14,Beauty & Personal Care,Trimmer,10.0,1060.46,10604.6,NORTH,Vikram Bose,
AMZ105007,2023-01-19,Office Products,Notebook Pack,6.0,258.95,1553.7,,Farhan Agarwal,Debit Card
AMZ102092,2023-08-22,Grocery & Gourmet,Cooking Oil 1L,3.0,888.42,2665.26,east,Vivek Reddy,Credit Card
AMZ100067,2024-04-22,Beauty & Personal Care,Face Wash,5.0,1460.41,7302.05,West,Aditya Chatterjee,Net Banking
AMZ101527,2024-05-11,Furniture,Bean Bag,7.0,7179.24,50254.68,South ,Neha Reddy,Debit Card
AMZ104069,2023-06-04,Electronics,USB-C Cable,3.0,3536.89,10610.67,West,Sneha Bhatt,Cash on Delivery
AMZ101057,2024-06-25,Grocery & Gourmet,Cooking Oil 1L,9.0,694.76,6252.84,East,Vivek Gupta,Cash on Delivery
AMZ105497,2024-07-30,Office Products,Desk Organizer,3.0,218.61,655.83,,Manoj Kapoor,Cash on Delivery
AMZ105198,2024-04-27,Office Products,Stapler,8.0,398.7,3189.6,CENTRAL ,Rahul Reddy,Amazon Pay
AMZ102019,2024-09-20,Clothing,Casual Sneakers,8.0,2414.09,19312.72, North,Kavya Rao,Credit Card
AMZ103697,2023-02-06,Furniture,Study Table,5.0,10985.21,54926.05,South,Vikram Kapoor,Credit Card
AMZ105634,2024-06-26,Toys & Games,Puzzle 1000pc,1.0,870.02,870.02,Central,Rohan Bhatt,Cash on Delivery
AMZ101295,2024-12-14,Sports & Fitness,Skipping Rope,9.0,1457.28,13115.52,east,Nikhil Agarwal,Cash on Delivery
AMZ101867,2024-10-05,Home & Kitchen,LED Desk Lamp,6.0,4867.04,29202.24,South ,Vivek Reddy,Cash on Delivery
AMZ102657,2023-06-08,Furniture,Office Chair,8.0,12315.9,98527.2,central,Lakshmi Chatterjee,Net Banking
AMZ105451,2023-07-13,Beauty & Personal Care,Perfume 100ml,3.0,579.81,1739.43,EAST,Rahul Patel,Credit Card
AMZ104957,2023-07-15,Grocery & Gourmet,Cooking Oil 1L,10.0,879.09,8790.9,east,Lakshmi Chatterjee,Amazon Pay
AMZ103659,2024-07-01,Grocery & Gourmet,Instant Coffee Jar,3.0,755.31,2265.93, West,Divya Das,Amazon Pay
AMZ100775,2023-12-09,Clothing,Women's Kurti,3.0,759.92,2279.76,south,Kavya Bose,Amazon Pay
AMZ102551,2024-05-04,Sports & Fitness,Yoga Mat,7.0,675.84,4730.88,North,Isha Iyer,Amazon Pay
AMZ102847,2024-06-20,Books,Self-Help Book,1.0,156.53,156.53,North,Vikram Bose,Credit Card
AMZ103435,2023-12-28,Sports & Fitness,Dumbbell Set,10.0,1423.42,14234.2,South ,Anusha Das,Credit Card
AMZ102112,2024-03-15,Beauty & Personal Care,Face Wash,1.0,1506.25,1506.25,CENTRAL ,Manoj Sharma,Amazon Pay
AMZ101244,2024-09-02,Office Products,Desk Organizer,3.0,575.36,1726.08,north,Karthik Nair,Credit Card
AMZ103205,2024-02-27,Home & Kitchen,LED Desk Lamp,4.0,3527.12,14108.48,north,Manoj Malhotra,Amazon Pay
AMZ105219,2024-03-16,Clothing,Men's T-Shirt,7.0,1982.09,13874.63,west,Divya Reddy,Amazon Pay
AMZ100047,2023-05-05,Electronics,Bluetooth Speaker,2.0,3843.98,7687.96,east,Rohan Reddy,UPI
AMZ101559,2023-02-20,Office Products,Stapler,10.0,,,EAST,Lakshmi Reddy,Amazon Pay
AMZ104329,2023-03-22,Office Products,Stapler,10.0,968.31,9683.1,EAST,Rohan Menon,Debit Card
AMZ105517,2023-04-12,Grocery & Gourmet,Cooking Oil 1L,4.0,815.06,3260.24,EAST,Karthik Chatterjee,Credit Card
AMZ105303,2023-07-27,Beauty & Personal Care,Face Wash,8.0,627.18,5017.44,EAST,Suresh Malhotra,Net Banking
AMZ103714,2023-12-17,Toys & Games,Board Game,8.0,578.12,4624.96,west,Rahul Singh,Debit Card
AMZ101003,2023-03-29,Home & Kitchen,Storage Containers,1.0,1554.51,1554.51,West,Isha Das,Credit Card
AMZ104749,2023-08-14,Books,Cookbook,10.0,215.79,2157.9,Central,Yash Bose,Debit Card
AMZ105119,2023-07-10,Electronics,Action Camera,7.0,4535.99,31751.93,West,Isha Kapoor,Debit Card
AMZ102498,2024-02-21,Grocery & Gourmet,Honey 500g,8.0,99.17,793.36, West,Divya Nair,UPI
AMZ104275,2024-10-03,Toys & Games,Puzzle 1000pc,6.0,226.99,1361.94,west,Tanvi Bhatt,UPI
AMZ100212,2024-11-16,Sports & Fitness,Badminton Racket,2.0,1166.37,2332.74,SOUTH,Sanjay Bose,Net Banking
AMZ102930,2024-02-13,Electronics,Smart Watch,6.0,1049.13,6294.78, North,Arjun Kapoor,Cash on Delivery
AMZ100767,2023-01-13,Books,Self-Help Book,1.0,858.33,858.33,west,Rohan Joshi,Net Banking
AMZ104448,2023-03-16,Furniture,Bedside Table,4.0,9031.32,36125.28,NORTH,Manoj Agarwal,Net Banking
AMZ104472,2024-09-23,Toys & Games,Soft Toy,4.0,1961.31,7845.24, West,Manoj Bhatt,Credit Card
AMZ101789,2023-04-04,Books,Programming Guide,8.0,169.29,1354.32,south,Tanvi Bhatt,Net Banking
AMZ104890,2023-05-18,Sports & Fitness,Dumbbell Set,5.0,2063.34,10316.7,CENTRAL ,Rahul Malhotra,Cash on Delivery
AMZ105281,2024-10-07,Furniture,Study Table,8.0,10061.71,80493.68,South,Meera Verma,Debit Card
AMZ101851,2023-11-09,Furniture,Bookshelf,4.0,2926.4,11705.6,south,Isha Singh,UPI
AMZ102481,2023-05-19,Electronics,Mechanical Keyboard,2.0,5317.4,10634.8,west,Sanjay Sharma,Net Banking
AMZ101517,2023-10-10,Toys & Games,Remote Control Car,1.0,1233.23,1233.23,EAST,Ritu Gupta,Amazon Pay
AMZ103378,2023-08-03,Grocery & Gourmet,Instant Coffee Jar,2.0,,,east,Anusha Singh,UPI
AMZ105263,2023-11-06,Home & Kitchen,Blender,4.0,4293.52,17174.08,CENTRAL ,Zoya Iyer,Credit Card
AMZ100875,2023-04-14,Books,Fiction Novel,6.0,724.89,4349.34, West,Sanjay Das,Amazon Pay
AMZ105558,2023-08-08,Furniture,Bookshelf,4.0,4042.51,16170.04,CENTRAL ,Pooja Das,UPI
AMZ105767,2023-11-26,Toys & Games,Building Blocks Set,2.0,751.87,1503.74, West,Ananya Reddy,Credit Card
AMZ101831,2023-07-27,Toys & Games,Soft Toy,9.0,509.92,4589.28, West,Sanjay Patel,Credit Card
AMZ102466,2024-10-31,Clothing,Denim Jacket,7.0,779.7,5457.9,west,Karthik Pillai,Cash on Delivery
AMZ105243,2024-10-12,Home & Kitchen,Storage Containers,9.0,664.02,5976.18,south,Rohan Rao,UPI
AMZ102966,2024-08-30,Toys & Games,Remote Control Car,10.0,927.16,9271.6, West,Kavya Chatterjee,Cash on Delivery
AMZ104443,2024-07-30,Beauty & Personal Care,Trimmer,5.0,1744.07,8720.35,East,Yash Malhotra,Debit Card
AMZ104189,2023-11-27,Grocery & Gourmet,Honey 500g,4.0,623.56,2494.24,west,Isha Nair,Net Banking
AMZ100454,2023-05-30,Furniture,Study Table,8.0,6022.89,48183.12,NORTH,Vivek Das,Net Banking
AMZ104593,2023-03-28,Sports & Fitness,Cricket Bat,9.0,1198.22,10783.98,,Sanjay Patel,Cash on Delivery
AMZ104214,2024-08-02,Electronics,Wireless Earbuds,10.0,5804.54,58045.4,EAST,Karthik Bhatt,Debit Card
AMZ103230,2024-06-18,Toys & Games,Soft Toy,4.0,888.58,3554.32,NORTH,Priya Agarwal,UPI
AMZ105037,2024-06-19,Office Products,Stapler,5.0,907.12,4535.6,south,Pooja Sharma,Cash on Delivery
AMZ101605,2024-07-29,Books,Biography,8.0,484.77,3878.16,NORTH,Neha Pillai,Cash on Delivery
AMZ101390,2024-03-26,Office Products,Gel Pens Set,6.0,815.54,4893.24,central,Sneha Agarwal,Net Banking
AMZ104866,2023-03-24,Clothing,Women's Kurti,2.0,1087.36,2174.72,central,Farhan Gupta,Net Banking
AMZ101807,2024-12-06,Furniture,Bedside Table,10.0,2494.67,24946.7,west,Manoj Bhatt,Cash on Delivery
AMZ105296,2024-08-09,Sports & Fitness,Skipping Rope,10.0,1530.7,15307.0,North,Kavya Kapoor,Net Banking
AMZ104906,2024-11-08,Electronics,Power Bank,1.0,5479.71,5479.71,central,Deepak Nair,Credit Card
AMZ104064,2023-03-01,Grocery & Gourmet,Cooking Oil 1L,8.0,600.57,4804.56,East,Priya Bose,Net Banking
AMZ105735,2024-08-02,Furniture,Study Table,8.0,9433.51,75468.08,NORTH,Meera Pillai,Cash on Delivery
AMZ101635,2024-08-27,Grocery & Gourmet,Honey 500g,8.0,859.62,6876.96,South ,Zoya Reddy,Credit Card
AMZ104118,2024-11-26,Sports & Fitness,Resistance Bands,4.0,2025.19,8100.76,,Manoj Malhotra,Net Banking
AMZ100230,2024-06-02,Home & Kitchen,Electric Kettle,6.0,2952.04,17712.24,east,Lakshmi Reddy,Amazon Pay
AMZ105046,2023-02-06,Beauty & Personal Care,Sunscreen SPF50,1.0,1112.14,1112.14,South,Nikhil Gupta,Cash on Delivery
AMZ101772,2023-07-20,Sports & Fitness,Dumbbell Set,1.0,3069.68,3069.68, North,Sanjay Joshi,Debit Card
AMZ103706,2024-06-02,Office Products,Stapler,5.0,709.41,3547.05,north,Neha Nair,Cash on Delivery
AMZ102185,2024-06-07,Home & Kitchen,Electric Kettle,3.0,1923.54,5770.62,central,Priya Gupta,Cash on Delivery
AMZ100833,2024-03-06,Books,Children's Story Book,9.0,718.31,6464.79,CENTRAL ,Nikhil Patel,UPI
AMZ100342,2024-12-19,Sports & Fitness,Cricket Bat,7.0,980.78,6865.46,north,Karthik Patel,Credit Card
AMZ102996,2024-07-14,Sports & Fitness,Skipping Rope,10.0,1786.88,17868.8,CENTRAL ,Isha Das,Credit Card
AMZ100826,2023-07-22,Office Products,Whiteboard Marker Set,4.0,319.81,1279.24,central,Manoj Bhatt,Debit Card
AMZ103718,2024-12-01,Home & Kitchen,Bed Sheet Set,2.0,3454.52,6909.04,NORTH,Ananya Gupta,UPI
AMZ102093,2024-08-19,Sports & Fitness,Badminton Racket,3.0,1823.8,5471.4,,Deepak Chatterjee,UPI
AMZ104557,2023-12-14,Electronics,Wireless Mouse,1.0,3855.37,3855.37,SOUTH,Imran Bose,Amazon Pay
AMZ101738,2024-08-26,Electronics,Wireless Mouse,5.0,4470.38,22351.9,West,Divya Kapoor,Credit Card
AMZ103510,2023-07-20,Office Products,Printer Paper A4,7.0,59.41,415.87,CENTRAL ,Rahul Rao,Credit Card
AMZ103086,2023-06-12,Books,Children's Story Book,4.0,518.18,2072.72,Central,Rahul Agarwal,Cash on Delivery
AMZ101786,2023-11-23,Clothing,Men's T-Shirt,10.0,2094.1,20941.0,South,Ritu Joshi,Cash on Delivery
AMZ100990,2023-11-04,Beauty & Personal Care,Hair Dryer,10.0,1317.46,13174.6,NORTH,Anusha Sharma,Amazon Pay
AMZ104672,2023-04-04,Home & Kitchen,Bed Sheet Set,2.0,832.03,1664.06,South ,Rohan Agarwal,Credit Card
AMZ103251,2023-06-02,Clothing,Winter Hoodie,9.0,2437.75,21939.75,Central,Karthik Bhatt,Amazon Pay
AMZ102060,2023-09-25,Beauty & Personal Care,Face Serum,6.0,1785.89,10715.34,CENTRAL ,Manoj Kapoor,Cash on Delivery
AMZ102628,2023-12-08,Furniture,Bean Bag,10.0,1277.79,12777.9,east,Imran Sharma,Cash on Delivery
AMZ100776,2023-06-28,Sports & Fitness,Badminton Racket,8.0,2816.28,22530.24,west,Lakshmi Gupta,Credit Card
AMZ102816,2024-01-10,Electronics,Laptop Stand,9.0,1751.67,15765.03,Central,Meera Iyer,Cash on Delivery
AMZ102949,2023-12-20,Grocery & Gourmet,Green Tea Pack,3.0,365.32,1095.96,North,Ritu Rao,Credit Card
AMZ104513,2024-09-24,Beauty & Personal Care,Face Serum,2.0,1716.86,3433.72,Central,Kavya Singh,Net Banking
AMZ104301,2023-12-12,Office Products,Whiteboard Marker Set,3.0,768.64,2305.92,West,Imran Menon,Credit Card
AMZ105720,2023-05-15,Furniture,Study Table,1.0,1783.14,1783.14,EAST,Yash Joshi,Cash on Delivery
AMZ100862,2023-05-05,Furniture,Office Chair,10.0,1093.26,10932.6,north,Suresh Singh,Cash on Delivery
AMZ100336,2024-03-02,Office Products,Whiteboard Marker Set,3.0,676.46,2029.38,NORTH,Karthik Malhotra,Cash on Delivery
AMZ102177,2024-01-08,Toys & Games,Puzzle 1000pc,7.0,627.61,4393.27,Central,Sanjay Malhotra,Amazon Pay
AMZ101277,2023-10-15,Home & Kitchen,Storage Containers,7.0,1660.28,11621.96,NORTH,Kavya Sharma,Amazon Pay
AMZ101464,2024-03-17,Furniture,Study Table,2.0,7734.64,15469.28,central,Ananya Das,Cash on Delivery
AMZ105489,2024-07-08,Office Products,Notebook Pack,9.0,823.26,7409.34,East,Rohan Menon,Credit Card
AMZ105816,2024-08-11,Grocery & Gourmet,Almonds 500g,,189.35,,West,Divya Kapoor,Net Banking
AMZ102991,2024-03-16,Home & Kitchen,Non-Stick Pan Set,7.0,4368.95,30582.65,West,Sanjay Malhotra,Amazon Pay
AMZ103710,2024-10-25,Furniture,Bedside Table,4.0,11517.55,46070.2,EAST,Imran Rao,Debit Card
AMZ104184,2023-11-25,Electronics,Power Bank,4.0,1276.82,5107.28,CENTRAL ,Karthik Singh,Net Banking
AMZ101690,2023-03-08,Sports & Fitness,Dumbbell Set,10.0,2468.62,24686.2,West,Vivek Malhotra,Cash on Delivery
AMZ102140,2023-07-19,Electronics,Bluetooth Speaker,1.0,1513.82,1513.82,south,Zoya Gupta,Debit Card
AMZ105705,2023-08-31,Electronics,USB-C Cable,7.0,2280.79,15965.53, West,Shreya Rao,Debit Card
AMZ102350,2023-05-09,Sports & Fitness,Dumbbell Set,8.0,2334.72,18677.76,north,Rahul Reddy,Amazon Pay
AMZ102014,2023-12-08,Beauty & Personal Care,Perfume 100ml,5.0,1389.5,6947.5, West,Deepak Das,Cash on Delivery
AMZ102248,2023-02-15,Books,Programming Guide,5.0,868.98,4344.9,south,Arjun Rao,UPI
AMZ102358,2023-02-24,Grocery & Gourmet,Instant Coffee Jar,8.0,755.52,6044.16,NORTH,Lakshmi Malhotra,UPI
AMZ105298,2023-11-23,Beauty & Personal Care,Face Serum,6.0,1306.67,7840.02,north,Sneha Nair,Debit Card
AMZ103342,2023-05-11,Clothing,Formal Shirt,8.0,1809.98,14479.84,,Manoj Sharma,Net Banking
AMZ100996,2023-12-20,Electronics,Wireless Mouse,9.0,5094.01,45846.09,West,Vivek Nair,Credit Card
AMZ104402,2024-05-12,Office Products,Desk Organizer,10.0,928.4,9284.0,North,Divya Chatterjee,Credit Card
AMZ105050,2023-07-09,Clothing,Yoga Pants,10.0,367.39,3673.9,North,Nikhil Bhatt,UPI
AMZ103930,2024-07-06,Toys & Games,Board Game,9.0,1070.27,9632.43,,Aditya Verma,Cash on Delivery
AMZ101598,2023-11-19,Office Products,Whiteboard Marker Set,8.0,725.07,5800.56,west,Pooja Rao,Cash on Delivery
AMZ103841,2024-08-16,Grocery & Gourmet,Almonds 500g,3.0,149.93,449.79,south,,Cash on Delivery
AMZ105029,2024-10-26,Furniture,Office Chair,4.0,1333.1,5332.4,NORTH,Zoya Das,Net Banking
AMZ102209,2023-12-08,Home & Kitchen,LED Desk Lamp,6.0,4094.03,24564.18,CENTRAL ,Rohan Bose,Credit Card
AMZ104261,2023-10-25,Grocery & Gourmet,Instant Coffee Jar,3.0,730.99,2192.97,CENTRAL ,Karthik Agarwal,Net Banking
AMZ101168,2024-11-25,Toys & Games,Remote Control Car,8.0,1711.02,13688.16,Central,Ananya Kapoor,Credit Card
AMZ102622,2024-03-11,Grocery & Gourmet,Green Tea Pack,3.0,434.86,1304.58,west,Neha Malhotra,Net Banking
AMZ100034,2023-01-20,Furniture,Bedside Table,9.0,2568.16,23113.44,west,Sneha Kapoor,Cash on Delivery
AMZ105463,2024-04-22,Sports & Fitness,Resistance Bands,6.0,700.18,4201.08,north,Zoya Chatterjee,Amazon Pay
AMZ105045,2024-01-08,Toys & Games,Board Game,3.0,265.98,797.94,east,Vivek Bose,UPI
AMZ100769,2024-01-17,Toys & Games,Soft Toy,2.0,642.11,1284.22,CENTRAL ,Aditya Rao,Credit Card
AMZ100911,2023-08-30,Home & Kitchen,Storage Containers,2.0,973.82,1947.64,East,Priya Chatterjee,Net Banking
AMZ102364,2024-04-05,Furniture,Bookshelf,2.0,9090.55,18181.1,Central,Tanvi Gupta,Amazon Pay
AMZ100967,2024-05-19,Toys & Games,Soft Toy,2.0,410.07,820.14,,Tanvi Iyer,UPI
AMZ105476,2023-08-24,Beauty & Personal Care,Sunscreen SPF50,2.0,1483.9,2967.8,NORTH,Deepak Patel,Amazon Pay
AMZ104843,2023-04-07,Home & Kitchen,Blender,5.0,4459.5,22297.5,East,Tanvi Das,UPI
AMZ101278,2024-03-11,Office Products,Gel Pens Set,10.0,100.11,1001.1,North,Pooja Bhatt,Cash on Delivery
AMZ100037,2023-11-30,Books,Fiction Novel,9.0,460.74,4146.66,north,Anusha Reddy,Net Banking
AMZ100154,2024-09-29,Electronics,Wireless Earbuds,4.0,3635.87,14543.48, West,Aditya Rao,Net Banking
AMZ102405,2024-04-10,Beauty & Personal Care,Sunscreen SPF50,10.0,244.9,2449.0, North,Vivek Sharma,Debit Card
AMZ100333,2024-09-15,Home & Kitchen,Vacuum Cleaner,8.0,2312.36,18498.88,CENTRAL ,Sanjay Nair,Net Banking
AMZ104870,2023-08-20,Office Products,Notebook Pack,2.0,237.56,475.12,east,Ananya Joshi,Debit Card
AMZ100658,2024-10-31,Toys & Games,Puzzle 1000pc,1.0,1988.09,1988.09, North,Suresh Bhatt,Cash on Delivery
AMZ100580,2024-07-24,Electronics,Bluetooth Speaker,2.0,4001.44,8002.88,,Meera Nair,Credit Card
AMZ104855,2023-08-01,Toys & Games,Building Blocks Set,5.0,607.36,3036.8, North,Divya Reddy,Net Banking
AMZ102042,2023-02-11,Beauty & Personal Care,Sunscreen SPF50,10.0,642.54,6425.4,SOUTH,Divya Das,Cash on Delivery
AMZ105009,2023-01-02,Beauty & Personal Care,Sunscreen SPF50,6.0,158.58,951.48,West,Isha Sharma,Debit Card
AMZ100402,2024-10-11,Home & Kitchen,Storage Containers,5.0,4984.72,24923.6,west,Shreya Iyer,Net Banking
AMZ101384,2023-08-08,Toys & Games,Remote Control Car,4.0,1705.22,6820.88, North,Yash Chatterjee,Amazon Pay
AMZ103284,2023-09-03,Office Products,Printer Paper A4,4.0,949.44,3797.76,West,Suresh Verma,UPI
AMZ100710,2023-07-25,Clothing,Casual Sneakers,2.0,595.46,1190.92,CENTRAL ,Aditya Das,Amazon Pay
AMZ103583,2024-12-17,Books,Self-Help Book,10.0,877.27,8772.7,North,Karthik Iyer,Cash on Delivery
AMZ101863,2024-06-13,Office Products,Notebook Pack,8.0,260.73,2085.84,SOUTH,Sneha Bose,Cash on Delivery
AMZ105790,2024-07-08,Electronics,Power Bank,9.0,1893.81,17044.29, West,Anusha Kapoor,Credit Card
AMZ105763,2024-11-10,Grocery & Gourmet,Instant Coffee Jar,9.0,640.46,5764.14, West,Rahul Kumar,Credit Card
AMZ100854,2024-06-16,Beauty & Personal Care,Trimmer,2.0,1487.87,2975.74,north,Nikhil Kumar,Amazon Pay
AMZ100160,2024-01-12,Toys & Games,Puzzle 1000pc,6.0,661.06,3966.36,NORTH,Aditya Patel,Amazon Pay
AMZ104183,2024-05-23,Electronics,Bluetooth Speaker,2.0,1716.83,3433.66,SOUTH,Meera Reddy,Debit Card
AMZ101833,2024-11-01,Home & Kitchen,Blender,7.0,2290.23,16031.61,east,Lakshmi Malhotra,Debit Card
AMZ101326,2023-08-18,Furniture,Office Chair,10.0,4925.62,49256.2,South ,Neha Kapoor,Cash on Delivery
AMZ103603,2024-12-27,Beauty & Personal Care,Face Wash,5.0,1960.79,9803.95,North,Meera Singh,Debit Card
AMZ102058,2024-07-13,Toys & Games,Puzzle 1000pc,10.0,417.72,4177.2,NORTH,Imran Malhotra,UPI
AMZ103200,2023-02-03,Beauty & Personal Care,Perfume 100ml,8.0,1382.16,11057.28,South,Imran Gupta,Net Banking
AMZ101460,2024-05-23,Beauty & Personal Care,Lipstick Set,10.0,1475.64,14756.4,CENTRAL ,Farhan Reddy,Debit Card
AMZ101117,2023-12-26,Grocery & Gourmet,Green Tea Pack,3.0,274.66,823.98,south,Suresh Nair,Amazon Pay
AMZ105292,2023-08-24,Books,Programming Guide,9.0,276.92,2492.28,North,Tanvi Reddy,Net Banking
AMZ101683,2023-06-13,Furniture,Office Chair,4.0,10989.84,43959.36,South ,Ananya Singh,Debit Card
AMZ103523,2024-10-17,Grocery & Gourmet,Green Tea Pack,3.0,234.21,702.63,South ,Imran Menon,UPI
AMZ102840,2023-08-06,Electronics,Bluetooth Speaker,9.0,3980.86,35827.74,West,Sneha Sharma,Amazon Pay
AMZ105251,2023-08-29,Sports & Fitness,Skipping Rope,6.0,3228.49,19370.94,Central,Zoya Chatterjee,UPI
AMZ100802,2023-05-01,Grocery & Gourmet,Almonds 500g,7.0,152.61,1068.27,south,Suresh Das,UPI
AMZ103184,2024-06-06,Furniture,Study Table,9.0,,,NORTH,Priya Kumar,Cash on Delivery
AMZ100519,2024-02-22,Office Products,Gel Pens Set,9.0,99.73,897.57,South,Deepak Malhotra,Debit Card
AMZ101742,2024-06-29,Toys & Games,Soft Toy,4.0,1535.98,6143.92,west,Suresh Singh,Credit Card
AMZ103358,2023-06-10,Toys & Games,Board Game,3.0,1378.53,4135.59,CENTRAL ,Vikram Sharma,Cash on Delivery
AMZ105312,2023-12-19,Furniture,Bedside Table,7.0,2298.25,16087.75,East,Isha Patel,Net Banking
AMZ105322,2024-03-02,Electronics,Smart Watch,8.0,3894.35,31154.8,west,Aditya Nair,Debit Card
AMZ101485,2023-04-06,Books,Fiction Novel,8.0,341.92,2735.36,south,Divya Joshi,Net Banking
AMZ101153,2024-12-12,Grocery & Gourmet,Instant Coffee Jar,2.0,147.1,294.2,East,Lakshmi Malhotra,Amazon Pay
AMZ100788,2023-06-18,Electronics,Smart Watch,1.0,4707.47,4707.47,east,Rohan Sharma,Amazon Pay
AMZ103840,2023-07-17,Office Products,Desk Organizer,7.0,389.57,2726.99,South,Shreya Pillai,Debit Card
AMZ105780,2024-11-22,Furniture,Office Chair,1.0,8438.37,8438.37,south,Imran Gupta,UPI
AMZ103460,2024-11-03,Grocery & Gourmet,Basmati Rice 5kg,6.0,224.32,1345.92,CENTRAL ,Arjun Sharma,Net Banking
AMZ103214,2023-06-02,Beauty & Personal Care,Trimmer,9.0,1241.63,11174.67,south,Manoj Nair,Debit Card
AMZ100805,2024-03-18,Toys & Games,Building Blocks Set,9.0,1460.64,13145.76,south,Lakshmi Gupta,Cash on Delivery
AMZ104731,2023-11-05,Electronics,Mechanical Keyboard,4.0,5314.57,21258.28,west,Priya Agarwal,Amazon Pay
AMZ104768,2024-03-26,Sports & Fitness,Yoga Mat,8.0,585.23,4681.84,central,Rohan Verma,Credit Card
AMZ102759,2023-12-10,Beauty & Personal Care,Hair Dryer,10.0,948.72,9487.2,south,Anusha Nair,Amazon Pay
AMZ103425,2023-04-20,Sports & Fitness,Cricket Bat,3.0,2963.84,8891.52, West,Vivek Reddy,Net Banking
AMZ101636,2023-01-19,Beauty & Personal Care,Face Serum,5.0,941.6,4708.0,EAST,Ananya Malhotra,Credit Card
AMZ100287,2023-09-30,Home & Kitchen,Non-Stick Pan Set,4.0,1122.41,4489.64,north,Isha Malhotra,Cash on Delivery
AMZ104465,2023-03-07,Electronics,Bluetooth Speaker,4.0,1911.01,7644.04,South,Tanvi Sharma,Cash on Delivery
AMZ102146,2023-12-27,Office Products,Printer Paper A4,9.0,222.18,1999.62,west,Kavya Sharma,Debit Card
AMZ102742,2023-05-27,Office Products,Notebook Pack,9.0,717.48,6457.32, North,Meera Menon,Amazon Pay
AMZ104520,2023-06-27,Electronics,Bluetooth Speaker,6.0,2751.51,16509.06,South ,Isha Joshi,UPI
AMZ102890,2024-04-16,Electronics,Wireless Earbuds,5.0,2237.15,11185.75,north,Ananya Agarwal,Amazon Pay
AMZ100270,2024-11-04,Books,Fiction Novel,3.0,539.9,1619.7,North,Vivek Verma,Net Banking
AMZ101399,2023-10-29,Sports & Fitness,Dumbbell Set,5.0,1354.75,6773.75,east,Yash Rao,UPI
AMZ102900,2023-07-23,Grocery & Gourmet,Honey 500g,7.0,674.08,4718.56,east,Isha Pillai,Amazon Pay
AMZ105485,2023-07-12,Grocery & Gourmet,Green Tea Pack,7.0,528.91,3702.37,SOUTH,Shreya Malhotra,Net Banking
AMZ101917,2024-03-09,Sports & Fitness,Yoga Mat,7.0,2638.36,18468.52,west,Nikhil Menon,Credit Card
AMZ102374,2023-01-31,Home & Kitchen,Air Fryer,6.0,4408.58,26451.48,South ,Tanvi Menon,Credit Card
AMZ100335,2024-11-25,Clothing,Formal Shirt,9.0,2246.23,20216.07,EAST,Anusha Rao,Debit Card
AMZ104040,2023-11-22,Grocery & Gourmet,Cooking Oil 1L,4.0,396.75,1587.0,EAST,Shreya Kapoor,UPI
AMZ100129,2023-07-03,Electronics,Action Camera,8.0,1792.88,14343.04,west,Isha Bhatt,Net Banking
AMZ100360,2024-08-08,Furniture,Bookshelf,10.0,1794.9,17949.0,SOUTH,Aditya Das,UPI
AMZ104602,2023-08-11,Beauty & Personal Care,Lipstick Set,7.0,250.15,1751.05,EAST,Deepak Menon,Credit Card
AMZ102471,2023-02-07,Grocery & Gourmet,Honey 500g,4.0,804.69,3218.76, North,Yash Pillai,Credit Card
AMZ105759,2023-07-22,Office Products,Desk Organizer,6.0,746.13,4476.78,NORTH,Deepak Bose,Debit Card
AMZ102637,2024-04-04,Beauty & Personal Care,Trimmer,1.0,820.17,820.17,Central,Divya Sharma,Cash on Delivery
AMZ100445,2024-02-26,Books,Children's Story Book,8.0,572.49,4579.92, North,Arjun Sharma,UPI
AMZ103734,2023-04-16,Electronics,Wireless Earbuds,9.0,3988.98,35900.82,south,Divya Joshi,Net Banking
AMZ100205,2023-04-14,Electronics,Mechanical Keyboard,2.0,4148.91,8297.82,South,Imran Patel,Net Banking
AMZ105014,2024-04-01,Home & Kitchen,Blender,4.0,4749.63,18998.52,South,Sanjay Rao,UPI
AMZ103354,2023-07-15,Grocery & Gourmet,Instant Coffee Jar,9.0,732.75,6594.75, North,Rahul Kumar,Net Banking
AMZ105266,2023-03-01,Electronics,Wireless Mouse,9.0,4507.56,40568.04,east,Sneha Kapoor,Cash on Delivery
AMZ105602,2024-06-26,Home & Kitchen,Bed Sheet Set,8.0,2246.65,17973.2,south,Aditya Bose,Net Banking
AMZ104788,2023-12-08,Home & Kitchen,Blender,10.0,4434.18,44341.8,central,Rahul Gupta,Debit Card
AMZ101001,2024-07-31,Clothing,Casual Sneakers,6.0,861.28,5167.68,central,Aditya Singh,Net Banking
AMZ101417,2023-02-23,Toys & Games,Remote Control Car,3.0,1850.13,5550.39,EAST,Nikhil Pillai,UPI
AMZ103216,2024-12-04,Books,Self-Help Book,2.0,708.91,1417.82, West,Imran Rao,Debit Card
AMZ103238,2023-02-04,Clothing,Women's Kurti,10.0,1601.02,16010.2,CENTRAL ,Zoya Chatterjee,Debit Card
AMZ102052,2024-06-10,Toys & Games,Puzzle 1000pc,1.0,1411.75,1411.75,CENTRAL ,Shreya Reddy,Amazon Pay
AMZ100926,2024-09-26,Beauty & Personal Care,Perfume 100ml,7.0,750.89,5256.23,East,Kavya Verma,Amazon Pay
AMZ105011,2023-12-16,Beauty & Personal Care,Face Wash,,429.61,,CENTRAL ,Ananya Singh,Debit Card
AMZ104420,2023-07-30,Books,Self-Help Book,3.0,345.42,1036.26,North,Zoya Chatterjee,Net Banking
AMZ101343,2024-08-01,Home & Kitchen,Blender,5.0,1836.94,9184.7,central,Vivek Joshi,Debit Card
AMZ103142,2023-01-16,Home & Kitchen,Bed Sheet Set,5.0,3955.68,19778.4,west,Priya Bose,Credit Card
AMZ104760,2023-09-11,Beauty & Personal Care,Trimmer,5.0,650.84,3254.2,South ,Tanvi Malhotra,Debit Card
AMZ104674,2024-10-01,Clothing,Women's Kurti,8.0,575.55,4604.4,,Ritu Bose,Debit Card
AMZ101875,2024-02-02,Beauty & Personal Care,Lipstick Set,8.0,1632.79,13062.32,NORTH,Sneha Iyer,UPI
AMZ101064,2023-01-25,Clothing,Running Shoes,2.0,783.24,1566.48,east,Kavya Kumar,Cash on Delivery
AMZ100056,2023-03-27,Beauty & Personal Care,Face Serum,4.0,808.68,3234.72,,Anusha Kumar,Net Banking
AMZ104538,2024-04-22,Toys & Games,Building Blocks Set,9.0,490.66,4415.94,North,Divya Joshi,Cash on Delivery
AMZ101226,2023-04-30,Grocery & Gourmet,Instant Coffee Jar,10.0,808.22,8082.2,NORTH,Ananya Patel,Amazon Pay
AMZ105424,2024-01-20,Sports & Fitness,Yoga Mat,1.0,818.2,818.2,east,Neha Bose,UPI
AMZ100011,2024-04-01,Office Products,Whiteboard Marker Set,,743.6,,NORTH,Aditya Agarwal,Amazon Pay
AMZ102878,2023-12-20,Beauty & Personal Care,Sunscreen SPF50,2.0,1228.18,2456.36,CENTRAL ,Divya Bose,UPI
AMZ104451,2023-05-20,Clothing,Formal Shirt,5.0,612.52,3062.6,,Farhan Iyer,UPI
AMZ105700,2023-03-13,Toys & Games,Soft Toy,5.0,659.47,3297.35, West,Lakshmi Rao,Cash on Delivery
AMZ104552,2024-05-06,Clothing,Men's T-Shirt,6.0,2154.99,12929.94,east,Yash Patel,Credit Card
AMZ105100,2023-10-02,Clothing,Formal Shirt,4.0,690.61,2762.44,north,Divya Kumar,Cash on Delivery
AMZ100791,2023-05-06,Clothing,Formal Shirt,1.0,1460.32,1460.32,East,Farhan Bose,Credit Card
AMZ104596,2024-03-18,Grocery & Gourmet,Green Tea Pack,5.0,612.09,3060.45,EAST,Imran Das,Credit Card
AMZ102247,2023-08-16,Home & Kitchen,Bed Sheet Set,9.0,2848.75,25638.75,NORTH,Zoya Das,Debit Card
AMZ103081,2023-01-12,Books,Biography,6.0,254.57,1527.42, North,Rohan Reddy,Debit Card
AMZ101435,2023-07-07,Home & Kitchen,Vacuum Cleaner,2.0,3606.8,7213.6, North,Sneha Bose,UPI
AMZ101014,2024-07-24,Furniture,Bookshelf,6.0,11741.48,70448.88,CENTRAL ,Neha Rao,Credit Card
AMZ104366,2023-03-06,Grocery & Gourmet,Almonds 500g,8.0,459.5,3676.0,CENTRAL ,Sneha Bhatt,UPI
AMZ103253,2023-12-01,Office Products,Desk Organizer,10.0,668.84,6688.4,north,Ritu Joshi,UPI
AMZ101389,2024-09-20,Clothing,Yoga Pants,2.0,2021.21,4042.42,East,Divya Kumar,Net Banking
AMZ100732,2023-09-16,Home & Kitchen,Non-Stick Pan Set,1.0,1226.92,1226.92,Central,Kavya Reddy,UPI
AMZ105521,2023-06-12,Office Products,Stapler,6.0,973.12,5838.72,NORTH,Farhan Patel,Credit Card
AMZ105299,2023-03-10,Electronics,Mechanical Keyboard,3.0,3198.83,9596.49,East,Vikram Singh,Amazon Pay
AMZ101503,2024-12-27,Office Products,Desk Organizer,5.0,89.39,446.95,SOUTH,Shreya Verma,UPI
AMZ100178,2024-03-09,Books,Programming Guide,7.0,292.92,2050.44, North,Divya Gupta,UPI
AMZ105242,2023-01-12,Beauty & Personal Care,Perfume 100ml,2.0,1692.56,3385.12,Central,Sanjay Singh,Debit Card
AMZ105581,2023-03-23,Toys & Games,Remote Control Car,10.0,338.07,3380.7,SOUTH,Lakshmi Das,UPI
AMZ101236,2023-01-14,Electronics,USB-C Cable,3.0,3552.11,10656.33,west,Vivek Das,Credit Card
AMZ100211,2023-07-11,Clothing,Casual Sneakers,5.0,1881.57,9407.85,North,Rohan Chatterjee,Amazon Pay
AMZ101784,2023-10-08,Toys & Games,Board Game,4.0,1541.38,6165.52,North,Isha Patel,Credit Card
AMZ105644,2024-07-26,Toys & Games,Soft Toy,6.0,1688.65,10131.9, West,Sneha Verma,Amazon Pay
AMZ101663,2023-04-27,Books,Programming Guide,4.0,576.45,2305.8,CENTRAL ,Deepak Kapoor,Net Banking
AMZ102455,2024-11-29,Clothing,Running Shoes,2.0,1868.3,3736.6,Central,Shreya Patel,UPI
AMZ105488,2024-03-12,Books,Biography,3.0,548.45,1645.35,EAST,Vikram Chatterjee,Amazon Pay
AMZ105470,2023-06-07,Clothing,Denim Jacket,9.0,1780.94,16028.46,West,Zoya Das,Cash on Delivery
AMZ101995,2023-11-04,Sports & Fitness,Cricket Bat,2.0,2425.27,4850.54,west,Manoj Nair,Net Banking
AMZ101241,2024-04-14,Books,Programming Guide,10.0,167.95,1679.5,east,Nikhil Verma,UPI
AMZ104303,2024-11-20,Home & Kitchen,Air Fryer,5.0,941.38,4706.9,West,Vikram Sharma,Amazon Pay
AMZ102126,2023-08-14,Sports & Fitness,Resistance Bands,9.0,2321.35,20892.15,central,Shreya Joshi,Debit Card
AMZ105316,2024-04-27,Office Products,Notebook Pack,10.0,461.96,4619.6,east,Zoya Chatterjee,
AMZ105287,2023-08-04,Beauty & Personal Care,Trimmer,5.0,1827.96,9139.8,East,Lakshmi Patel,Net Banking
AMZ105620,2024-10-31,Grocery & Gourmet,Basmati Rice 5kg,3.0,642.51,1927.53,NORTH,Imran Chatterjee,
AMZ101951,2023-12-16,Electronics,USB-C Cable,8.0,5428.47,43427.76,north,Meera Kumar,UPI
AMZ103499,2024-07-12,Sports & Fitness,Yoga Mat,10.0,1410.85,14108.5,east,Vikram Reddy,Net Banking
AMZ101079,2023-12-15,Sports & Fitness,Cricket Bat,1.0,2796.84,2796.84,north,Ananya Singh,Amazon Pay
AMZ100017,2024-11-23,Furniture,Bedside Table,3.0,9284.92,27854.76,EAST,Ritu Bhatt,Amazon Pay
AMZ100060,2023-01-17,Grocery & Gourmet,Honey 500g,9.0,210.45,1894.05, West,Ritu Kapoor,Cash on Delivery
AMZ103828,2024-08-23,Sports & Fitness,Dumbbell Set,1.0,209.69,209.69,central,Rahul Reddy,Net Banking
AMZ103044,2023-05-11,Sports & Fitness,Badminton Racket,,3386.81,, North,Vivek Joshi,Debit Card
AMZ104667,2023-11-29,Grocery & Gourmet,Green Tea Pack,10.0,759.93,7599.3,South ,Meera Iyer,Net Banking
AMZ102384,2023-03-27,Toys & Games,Remote Control Car,9.0,1712.54,15412.86,EAST,Neha Kumar,Cash on Delivery
AMZ104087,2023-02-23,Clothing,Yoga Pants,3.0,1110.18,3330.54, North,Lakshmi Chatterjee,UPI
AMZ105673,2024-03-03,Beauty & Personal Care,Perfume 100ml,,443.52,, West,Suresh Iyer,UPI
AMZ101504,2023-02-13,Books,Fiction Novel,3.0,577.86,1733.58,South ,Meera Bose,Debit Card
AMZ101841,2024-01-05,Toys & Games,Puzzle 1000pc,2.0,1341.52,2683.04,SOUTH,Nikhil Bhatt,Credit Card
AMZ100843,2023-12-19,Sports & Fitness,Resistance Bands,1.0,817.92,817.92,CENTRAL ,Arjun Reddy,Debit Card
AMZ101787,2024-03-04,Sports & Fitness,Cricket Bat,2.0,1851.31,3702.62,east,Kavya Iyer,UPI
AMZ103070,2023-01-25,Grocery & Gourmet,Basmati Rice 5kg,3.0,322.14,966.42,NORTH,Nikhil Bhatt,UPI
AMZ103984,2024-03-28,Beauty & Personal Care,Sunscreen SPF50,4.0,1615.18,6460.72,EAST,Ananya Das,Credit Card
AMZ104945,2024-06-02,Furniture,Bedside Table,4.0,11834.21,47336.84,north,Karthik Iyer,Net Banking
AMZ101176,2023-04-04,Office Products,Desk Organizer,6.0,800.28,4801.68,north,,Net Banking
AMZ104061,2023-08-31,Books,Self-Help Book,6.0,601.73,3610.38,east,Rohan Chatterjee,Credit Card
AMZ105138,2023-08-14,Office Products,Desk Organizer,5.0,239.66,1198.3,east,Nikhil Singh,Debit Card
AMZ100041,2023-06-16,Clothing,Formal Shirt,8.0,782.09,6256.72,south,Vikram Joshi,Net Banking
AMZ104617,2024-06-15,Books,Cookbook,5.0,431.36,2156.8,North,Imran Malhotra,Amazon Pay
AMZ105353,2023-09-06,Electronics,USB-C Cable,10.0,1997.93,19979.3,south,Lakshmi Singh,Debit Card
AMZ103312,2024-09-20,Toys & Games,Soft Toy,6.0,615.28,3691.68,south,Isha Reddy,Cash on Delivery
AMZ101146,2023-12-20,Electronics,Wireless Earbuds,4.0,3686.99,14747.96,East,Vivek Bose,UPI
AMZ103026,2023-04-30,Clothing,Yoga Pants,5.0,979.31,4896.55,NORTH,Rahul Pillai,Cash on Delivery
AMZ103361,2024-11-16,Electronics,Power Bank,3.0,4279.96,12839.88,NORTH,Manoj Nair,Cash on Delivery
AMZ102045,2024-12-31,Electronics,Smart Watch,2.0,2908.85,5817.7,CENTRAL ,Ritu Patel,Amazon Pay
AMZ102301,2024-05-03,Home & Kitchen,Bed Sheet Set,5.0,1094.21,5471.05,EAST,Farhan Malhotra,Credit Card
AMZ100405,2024-03-24,Books,Programming Guide,5.0,832.54,4162.7,Central,Meera Singh,UPI
AMZ103047,2024-04-19,Electronics,Action Camera,1.0,3271.51,3271.51,East,Kavya Sharma,Debit Card
AMZ104354,2024-01-27,Toys & Games,Soft Toy,2.0,976.27,1952.54,west,Pooja Kapoor,UPI
AMZ103775,2024-11-22,Furniture,Office Chair,2.0,4844.34,9688.68,SOUTH,Rohan Sharma,Net Banking
AMZ103451,2023-03-17,Clothing,Denim Jacket,8.0,1823.25,14586.0,Central,Arjun Menon,Net Banking
AMZ101067,2024-06-10,Electronics,Smart Watch,5.0,4430.08,22150.4,central,Neha Sharma,Net Banking
AMZ101743,2024-03-07,Books,Biography,5.0,366.84,1834.2,Central,Nikhil Menon,UPI
AMZ102392,2024-05-27,Office Products,Notebook Pack,7.0,921.39,6449.73,CENTRAL ,Nikhil Nair,Credit Card
AMZ101160,2023-06-05,Toys & Games,Board Game,8.0,477.03,3816.24,central,Rohan Kapoor,Credit Card
AMZ104964,2023-11-27,Sports & Fitness,Skipping Rope,7.0,2407.26,16850.82,North,Tanvi Nair,Net Banking
AMZ103932,2023-05-08,Furniture,Bedside Table,8.0,12429.17,99433.36,East,Vikram Iyer,Cash on Delivery
AMZ101992,2023-09-09,Home & Kitchen,Electric Kettle,9.0,4833.26,43499.34,Central,Pooja Sharma,Debit Card
AMZ103926,2024-07-15,Office Products,Stapler,4.0,512.15,2048.6,South,Tanvi Kapoor,Cash on Delivery
AMZ101222,2024-09-26,Grocery & Gourmet,Honey 500g,6.0,233.77,1402.62,NORTH,Lakshmi Reddy,UPI
AMZ101193,2023-08-08,Furniture,Office Chair,10.0,10459.97,104599.7,west,Imran Nair,Net Banking
AMZ101687,2024-12-28,Books,Cookbook,9.0,113.02,1017.18,SOUTH,Deepak Sharma,Cash on Delivery
AMZ104476,2024-06-01,Toys & Games,Puzzle 1000pc,9.0,1582.36,14241.24,west,Arjun Bose,Net Banking
AMZ100383,2024-11-30,Clothing,Formal Shirt,9.0,1918.24,17264.16,South ,Vikram Gupta,Net Banking
AMZ104996,2023-04-23,Toys & Games,Building Blocks Set,8.0,842.15,6737.2,East,Farhan Das,Cash on Delivery
AMZ101156,2024-03-19,Grocery & Gourmet,Instant Coffee Jar,9.0,283.82,2554.38,East,Farhan Nair,Amazon Pay
AMZ105320,2024-03-14,Office Products,Whiteboard Marker Set,8.0,267.67,2141.36,South ,Meera Verma,Amazon Pay
AMZ102074,2023-11-07,Electronics,Bluetooth Speaker,5.0,5907.57,29537.85,central,Ananya Sharma,Cash on Delivery
AMZ105515,2023-01-20,Sports & Fitness,Resistance Bands,4.0,3332.4,13329.6,west,Kavya Reddy,Net Banking
AMZ103673,2024-11-22,Books,Children's Story Book,6.0,667.98,4007.88,South ,Sneha Iyer,Amazon Pay
AMZ103649,2023-08-22,Sports & Fitness,Cricket Bat,7.0,2167.14,15169.98,north,Nikhil Kapoor,Amazon Pay
AMZ101813,2024-04-26,Sports & Fitness,Skipping Rope,10.0,434.28,4342.8,central,Rohan Nair,Cash on Delivery
AMZ103642,2024-10-06,Furniture,Bookshelf,8.0,7282.87,58262.96,CENTRAL ,Vivek Bhatt,Amazon Pay
AMZ102461,2023-10-09,Electronics,Wireless Mouse,2.0,3300.42,6600.84,EAST,Yash Reddy,Cash on Delivery
AMZ102061,2023-11-02,Clothing,Men's T-Shirt,3.0,605.65,1816.95,,Deepak Agarwal,Amazon Pay
AMZ101329,2023-11-04,Furniture,Bedside Table,5.0,11977.8,59889.0,East,Manoj Menon,Net Banking
AMZ103245,2024-04-30,Toys & Games,Building Blocks Set,8.0,1146.63,9173.04,South,Nikhil Malhotra,Net Banking
AMZ101297,2024-04-03,Office Products,Gel Pens Set,2.0,575.63,1151.26, North,Ananya Malhotra,Credit Card
AMZ100400,2024-02-24,Electronics,Laptop Stand,6.0,5075.66,30453.96,West,Zoya Pillai,Credit Card
AMZ105690,2023-05-13,Grocery & Gourmet,Almonds 500g,6.0,262.35,1574.1,north,Isha Kumar,
AMZ105067,2023-12-15,Home & Kitchen,Bed Sheet Set,7.0,2615.08,18305.56,,Anusha Chatterjee,Net Banking
AMZ101215,2023-10-25,Beauty & Personal Care,Face Wash,7.0,1107.36,7751.52,north,Nikhil Verma,UPI
AMZ103748,2024-03-20,Clothing,Running Shoes,4.0,2478.37,9913.48,SOUTH,Karthik Iyer,UPI
AMZ105579,2024-04-15,Grocery & Gourmet,Cooking Oil 1L,6.0,379.35,2276.1,South ,Farhan Sharma,Net Banking
AMZ105420,2024-05-10,Grocery & Gourmet,Almonds 500g,7.0,261.75,1832.25,South ,Aditya Menon,Debit Card
AMZ103680,2023-05-09,Home & Kitchen,Vacuum Cleaner,9.0,1877.72,16899.48,East,Ananya Kumar,Net Banking
AMZ104383,2023-05-03,Electronics,Action Camera,10.0,1788.19,17881.9,South ,Sneha Agarwal,Net Banking
AMZ104254,2024-05-17,Home & Kitchen,Electric Kettle,9.0,834.02,7506.18,south,Tanvi Kumar,Credit Card
AMZ101142,2024-08-11,Electronics,Mechanical Keyboard,4.0,1496.77,5987.08, West,Pooja Singh,Net Banking
AMZ101262,2024-01-09,Home & Kitchen,Non-Stick Pan Set,2.0,4716.92,9433.84, West,Anusha Das,Credit Card
AMZ102216,2024-06-26,Furniture,Bedside Table,9.0,8037.48,72337.32,CENTRAL ,Rohan Bhatt,Credit Card
AMZ105363,2023-01-10,Furniture,Bean Bag,5.0,9315.75,46578.75,CENTRAL ,Vikram Sharma,
AMZ102882,2024-04-24,Home & Kitchen,Air Fryer,1.0,3805.59,3805.59,West,Sanjay Iyer,Credit Card
AMZ104297,2024-08-21,Sports & Fitness,Yoga Mat,5.0,582.67,2913.35,EAST,Vivek Kumar,UPI
AMZ102695,2023-11-27,Home & Kitchen,Blender,10.0,2209.12,22091.2,South,Suresh Kapoor,Net Banking
AMZ104248,2023-10-09,Books,Fiction Novel,5.0,784.7,3923.5,central,Tanvi Das,Net Banking
AMZ104615,2024-04-17,Electronics,Smart Watch,10.0,2596.55,25965.5,CENTRAL ,Rohan Agarwal,UPI
AMZ103761,2023-04-08,Electronics,Portable SSD,6.0,5052.58,30315.48,SOUTH,Karthik Nair,Net Banking
AMZ103612,2023-01-27,Books,Fiction Novel,5.0,815.49,4077.45,West,Rahul Iyer,Credit Card
AMZ101980,2023-01-22,Toys & Games,Remote Control Car,4.0,330.21,1320.84,west,Shreya Malhotra,Credit Card
AMZ103097,2023-09-30,Beauty & Personal Care,Sunscreen SPF50,5.0,1134.4,5672.0,east,Kavya Bose,Credit Card
AMZ103899,2024-05-26,Home & Kitchen,Air Fryer,3.0,3634.58,10903.74,SOUTH,Rohan Verma,Cash on Delivery
AMZ105278,2023-01-04,Sports & Fitness,Dumbbell Set,3.0,1783.42,5350.26,South,Manoj Patel,Net Banking
AMZ103428,2024-02-28,Sports & Fitness,Badminton Racket,2.0,1471.27,2942.54,west,Nikhil Das,Debit Card
AMZ105180,2024-12-11,Home & Kitchen,Electric Kettle,5.0,535.53,2677.65,CENTRAL ,Isha Reddy,UPI
AMZ101447,2023-02-13,Home & Kitchen,Non-Stick Pan Set,4.0,3878.64,15514.56,central,Neha Menon,UPI
AMZ103147,2024-03-15,Clothing,Casual Sneakers,2.0,1684.74,3369.48,south,Pooja Sharma,Debit Card
AMZ102833,2024-03-16,Furniture,Office Chair,9.0,11828.37,106455.33,CENTRAL ,Anusha Rao,Credit Card
AMZ100101,2023-09-21,Toys & Games,Remote Control Car,1.0,875.02,875.02,West,Pooja Reddy,Credit Card
AMZ104081,2024-06-14,Electronics,Mechanical Keyboard,2.0,5702.54,11405.08,east,Zoya Rao,Cash on Delivery
AMZ105388,2023-05-24,Furniture,Bean Bag,5.0,3544.14,17720.7,North,Karthik Sharma,Net Banking
AMZ103234,2023-04-20,Grocery & Gourmet,Basmati Rice 5kg,1.0,185.41,185.41,central,Tanvi Kapoor,Credit Card
AMZ104871,2023-01-03,Books,Fiction Novel,4.0,847.77,3391.08,West,Zoya Sharma,Cash on Delivery
AMZ102747,2024-01-07,Sports & Fitness,Yoga Mat,9.0,3449.08,31041.72,north,Manoj Gupta,Credit Card
AMZ100014,2024-12-24,Toys & Games,Soft Toy,3.0,1673.7,5021.1,east,Imran Malhotra,UPI
AMZ105701,2023-11-15,Home & Kitchen,Storage Containers,9.0,1525.27,13727.43,central,Neha Pillai,Amazon Pay
AMZ102296,2023-04-15,Office Products,Gel Pens Set,8.0,458.77,3670.16,North,Kavya Bhatt,Debit Card
AMZ101887,2024-06-07,Books,Self-Help Book,9.0,764.66,6881.94,SOUTH,Yash Pillai,Credit Card
AMZ104963,2023-08-17,Sports & Fitness,Cricket Bat,3.0,1126.1,3378.3,South,Aditya Verma,UPI
AMZ104433,2023-02-15,Clothing,Casual Sneakers,1.0,1468.3,1468.3,EAST,Vikram Rao,UPI
AMZ100498,2024-07-01,Toys & Games,Building Blocks Set,2.0,1033.68,2067.36,North,Rahul Rao,Cash on Delivery
AMZ103348,2024-05-28,Clothing,Denim Jacket,4.0,,,Central,Ritu Bhatt,Cash on Delivery
AMZ101433,2023-10-13,Home & Kitchen,Electric Kettle,1.0,1750.34,1750.34,South,Suresh Gupta,UPI
AMZ103110,2024-01-03,Home & Kitchen,Air Fryer,10.0,2016.85,20168.5,CENTRAL ,Karthik Gupta,Debit Card
AMZ100992,2024-10-17,Furniture,Study Table,4.0,7192.42,28769.68, North,Imran Patel,UPI
AMZ102445,2024-03-19,Toys & Games,Soft Toy,1.0,617.84,617.84,Central,Tanvi Chatterjee,Credit Card
AMZ102171,2024-11-11,Beauty & Personal Care,Trimmer,9.0,1750.41,15753.69,South,Meera Patel,Amazon Pay
AMZ101850,2024-08-16,Beauty & Personal Care,Face Serum,2.0,1163.36,2326.72,South,Sneha Verma,Amazon Pay
AMZ102990,2023-05-27,Beauty & Personal Care,Face Serum,5.0,1259.82,6299.1,central,Karthik Iyer,Debit Card
AMZ101265,2024-11-15,Toys & Games,Building Blocks Set,3.0,1432.99,4298.97,NORTH,Vikram Rao,Net Banking
AMZ103767,2024-07-09,Furniture,Bean Bag,8.0,12202.01,97616.08,South,Priya Pillai,UPI
AMZ101276,2023-09-01,Sports & Fitness,Badminton Racket,1.0,2090.93,2090.93,west,Rohan Das,Amazon Pay
AMZ102774,2023-06-12,Electronics,Bluetooth Speaker,7.0,5015.32,35107.24,EAST,Karthik Sharma,Net Banking
AMZ104600,2023-12-11,Books,Biography,,510.03,,Central,Anusha Sharma,Net Banking
AMZ101590,2023-06-23,Books,Cookbook,4.0,392.09,1568.36,EAST,Nikhil Nair,Net Banking
AMZ100082,2023-12-13,Electronics,Wireless Mouse,7.0,4601.12,32207.84,West,Kavya Joshi,UPI
AMZ103792,2023-02-17,Sports & Fitness,Cricket Bat,10.0,3360.97,33609.7,North,Lakshmi Bose,Debit Card
AMZ104373,2023-01-12,Electronics,Portable SSD,6.0,1271.04,7626.24, West,Tanvi Pillai,Cash on Delivery
AMZ101862,2024-09-28,Beauty & Personal Care,Trimmer,5.0,192.76,963.8,north,Sanjay Bose,Credit Card
AMZ104998,2023-02-05,Sports & Fitness,Skipping Rope,9.0,1960.88,17647.92,CENTRAL ,Manoj Chatterjee,Cash on Delivery
AMZ102269,2024-11-28,Grocery & Gourmet,Instant Coffee Jar,7.0,488.41,3418.87,central,Vivek Reddy,Cash on Delivery
AMZ101202,2024-05-16,Sports & Fitness,Resistance Bands,8.0,2579.67,20637.36,West,Nikhil Chatterjee,Amazon Pay
AMZ102834,2023-06-13,Books,Fiction Novel,2.0,677.75,1355.5,east,Neha Reddy,UPI
AMZ105608,2024-09-16,Books,Cookbook,2.0,573.6,1147.2,SOUTH,Karthik Singh,UPI
AMZ100715,2023-03-15,Beauty & Personal Care,Hair Dryer,10.0,197.16,1971.6,East,Neha Verma,Credit Card
AMZ103450,2024-09-25,Books,Children's Story Book,2.0,598.98,1197.96, North,Kavya Bhatt,Credit Card
AMZ103084,2023-02-06,Home & Kitchen,Air Fryer,1.0,4511.43,4511.43,West,Imran Agarwal,Credit Card
AMZ105630,2024-07-30,Sports & Fitness,Resistance Bands,9.0,639.25,5753.25,CENTRAL ,Divya Agarwal,UPI
AMZ102544,2024-09-14,Electronics,Bluetooth Speaker,2.0,645.29,1290.58,west,Imran Iyer,UPI
AMZ102480,2024-05-05,Toys & Games,Puzzle 1000pc,1.0,1348.2,1348.2,North,Arjun Verma,Debit Card
AMZ100555,2023-12-15,Furniture,Bean Bag,6.0,10594.17,63565.02,south,Anusha Chatterjee,Net Banking
AMZ103581,2024-02-22,Sports & Fitness,Skipping Rope,8.0,2364.8,18918.4,EAST,Arjun Gupta,Net Banking
AMZ104831,2023-03-26,Books,Cookbook,2.0,351.08,702.16,North,Deepak Iyer,Cash on Delivery
AMZ104372,2024-02-10,Beauty & Personal Care,Sunscreen SPF50,10.0,230.68,2306.8,NORTH,Isha Bhatt,
AMZ101496,2023-08-02,Clothing,Winter Hoodie,4.0,847.54,3390.16,East,Tanvi Malhotra,Debit Card
AMZ102224,2023-01-19,Beauty & Personal Care,Hair Dryer,7.0,1035.75,7250.25, North,Deepak Bhatt,Credit Card
AMZ104340,2023-10-26,Toys & Games,Board Game,5.0,1449.52,7247.6,East,Vikram Reddy,Amazon Pay
AMZ102320,2024-04-18,Clothing,Winter Hoodie,5.0,1379.02,6895.1,SOUTH,Isha Reddy,Debit Card
AMZ104236,2024-06-14,Home & Kitchen,Blender,10.0,2637.18,26371.8, West,Rohan Sharma,Amazon Pay
AMZ105511,2023-07-03,Home & Kitchen,Storage Containers,7.0,3022.72,21159.04,central,Rahul Bhatt,Debit Card
AMZ101549,2023-06-07,Clothing,Denim Jacket,10.0,1194.64,11946.4,east,Anusha Menon,Cash on Delivery
AMZ100675,2024-03-24,Sports & Fitness,Dumbbell Set,7.0,2549.31,17845.17,East,Meera Gupta,Net Banking
AMZ102705,2023-03-08,Books,Cookbook,7.0,789.86,5529.02,Central,Deepak Reddy,UPI
AMZ101311,2023-08-21,Electronics,Power Bank,7.0,4077.02,28539.14,South,Sanjay Kapoor,UPI
AMZ101747,2024-03-04,Books,Biography,4.0,273.19,1092.76, West,Deepak Das,Net Banking
AMZ104999,2023-10-27,Office Products,Whiteboard Marker Set,3.0,316.28,948.84,EAST,Neha Agarwal,Net Banking
AMZ103614,2024-09-09,Books,Fiction Novel,2.0,107.45,214.9,east,Ritu Rao,Net Banking
AMZ105714,2023-04-14,Furniture,Study Table,9.0,11923.08,107307.72,NORTH,Karthik Malhotra,Cash on Delivery
AMZ101321,2023-02-14,Office Products,Stapler,-5.0,695.87,3479.35,North,Vikram Malhotra,Amazon Pay
AMZ105331,2024-06-06,Grocery & Gourmet,Green Tea Pack,6.0,758.0,4548.0,Central,Sneha Nair,Credit Card
AMZ102699,2024-03-05,Books,Biography,5.0,227.79,1138.95,west,Isha Malhotra,Credit Card
AMZ104068,2024-07-24,Beauty & Personal Care,Face Wash,5.0,,, North,Yash Gupta,Cash on Delivery
AMZ101558,2023-04-29,Beauty & Personal Care,Trimmer,6.0,1841.86,11051.16,Central,Ritu Verma,Credit Card
AMZ100125,2023-06-10,Beauty & Personal Care,Perfume 100ml,3.0,1195.04,3585.12,west,Rahul Joshi,Cash on Delivery
AMZ101608,2024-12-22,Sports & Fitness,Dumbbell Set,5.0,391.13,1955.65, North,Yash Menon,Net Banking
AMZ104393,2024-12-21,Grocery & Gourmet,Cooking Oil 1L,3.0,590.73,1772.19, West,Arjun Nair,UPI
AMZ104292,2023-01-05,Clothing,Casual Sneakers,4.0,1463.74,5854.96, North,Vivek Menon,Debit Card
AMZ103997,2024-04-25,Clothing,Women's Kurti,4.0,1289.78,5159.12, West,Vikram Kapoor,Amazon Pay
AMZ100627,2024-05-09,Sports & Fitness,Yoga Mat,6.0,1488.97,8933.82,West,Meera Chatterjee,Debit Card
AMZ100359,2024-04-01,Beauty & Personal Care,Hair Dryer,3.0,528.92,1586.76,South ,Tanvi Chatterjee,Net Banking
AMZ105593,2024-04-19,Furniture,Bookshelf,9.0,7879.55,70915.95,east,Isha Nair,Debit Card
AMZ102904,2023-11-21,Grocery & Gourmet,Almonds 500g,5.0,395.63,1978.15, West,Manoj Nair,Net Banking
AMZ102452,2023-12-12,Books,Biography,10.0,758.36,7583.6,West,Lakshmi Gupta,
AMZ101947,2023-12-17,Electronics,Smart Watch,4.0,4775.29,19101.16,East,Divya Menon,Amazon Pay
AMZ103979,2024-03-03,Toys & Games,Board Game,8.0,1109.44,8875.52,West,Shreya Malhotra,Cash on Delivery
AMZ104623,2023-05-16,Furniture,Bookshelf,4.0,8612.13,34448.52,Central,Yash Reddy,Amazon Pay
AMZ105246,2023-11-11,Grocery & Gourmet,Green Tea Pack,5.0,100.71,503.55,East,Priya Iyer,Cash on Delivery
AMZ103663,2024-09-07,Office Products,Stapler,5.0,866.02,4330.1,,,Amazon Pay
AMZ105815,2024-09-18,Beauty & Personal Care,Hair Dryer,9.0,924.29,8318.61, West,Anusha Joshi,Debit Card
AMZ101185,2024-02-04,Electronics,Portable SSD,4.0,,, North,Tanvi Joshi,Net Banking
AMZ104971,2024-09-30,Home & Kitchen,LED Desk Lamp,10.0,3742.12,37421.2,central,Neha Reddy,Debit Card
AMZ102600,2024-06-25,Toys & Games,Remote Control Car,2.0,931.11,1862.22,West,Nikhil Verma,Credit Card
AMZ102306,2024-03-10,Sports & Fitness,Badminton Racket,2.0,1680.44,3360.88,West,Divya Reddy,Cash on Delivery
AMZ103781,2024-05-18,Toys & Games,Board Game,7.0,451.91,3163.37,South,Arjun Reddy,Credit Card
AMZ101260,2023-04-17,Books,Cookbook,9.0,450.29,4052.61,CENTRAL ,Rahul Nair,Debit Card
AMZ103303,2023-03-24,Office Products,Stapler,2.0,545.07,1090.14,west,Meera Kumar,Net Banking
AMZ103825,2024-11-11,Office Products,Whiteboard Marker Set,10.0,337.74,3377.4,West,Manoj Menon,Amazon Pay
AMZ101595,2024-10-10,Clothing,Yoga Pants,8.0,1933.9,15471.2,South,Arjun Rao,UPI
AMZ104120,2023-03-14,Electronics,Power Bank,8.0,2011.58,16092.64,south,Kavya Gupta,Cash on Delivery
AMZ104171,2024-04-01,Home & Kitchen,Bed Sheet Set,9.0,847.76,7629.84,East,Rohan Das,Cash on Delivery
AMZ105487,2024-01-04,Grocery & Gourmet,Basmati Rice 5kg,4.0,809.49,3237.96, North,Kavya Singh,Cash on Delivery
AMZ101602,2023-06-07,Home & Kitchen,LED Desk Lamp,,3267.43,,NORTH,Rohan Malhotra,UPI
AMZ101732,2023-07-02,Grocery & Gourmet,Honey 500g,5.0,412.6,2063.0,east,Arjun Das,Cash on Delivery
AMZ104376,2024-06-15,Office Products,Whiteboard Marker Set,8.0,496.31,3970.48,EAST,Aditya Menon,Credit Card
AMZ100443,2024-09-01,Books,Biography,2.0,630.11,1260.22,North,Kavya Singh,Debit Card
AMZ102008,2024-12-22,Furniture,Bookshelf,9.0,2153.93,19385.37,East,Shreya Gupta,Cash on Delivery
AMZ100966,2024-04-25,Beauty & Personal Care,Trimmer,3.0,1049.83,3149.49,East,Sanjay Iyer,Debit Card
AMZ104500,2023-11-21,Toys & Games,Building Blocks Set,5.0,471.89,2359.45,CENTRAL ,Suresh Bose,Net Banking
AMZ105053,2024-07-08,Books,Biography,4.0,380.0,1520.0,NORTH,Manoj Iyer,Amazon Pay
AMZ102839,2024-11-15,Home & Kitchen,Bed Sheet Set,7.0,3802.86,26620.02,east,Shreya Das,Cash on Delivery
AMZ102525,2023-10-17,Office Products,Stapler,6.0,369.81,2218.86,Central,Vivek Pillai,UPI
AMZ105187,2023-06-07,Clothing,Running Shoes,7.0,1443.51,10104.57, West,Arjun Kapoor,Amazon Pay
AMZ104637,2023-12-08,Furniture,Bean Bag,3.0,11193.43,33580.29,Central,Manoj Verma,Cash on Delivery
AMZ101097,2024-06-18,Books,Children's Story Book,9.0,838.68,7548.12,Central,Arjun Das,Net Banking
AMZ100086,2024-12-18,Home & Kitchen,Blender,3.0,2754.12,8262.36,South ,Deepak Iyer,Amazon Pay
AMZ101709,2024-01-26,Home & Kitchen,Vacuum Cleaner,2.0,4157.97,8315.94,West,Arjun Gupta,UPI
AMZ104387,2024-08-01,Home & Kitchen,Air Fryer,2.0,4245.79,8491.58,south,Rohan Verma,Net Banking
AMZ105347,2024-01-30,Beauty & Personal Care,Sunscreen SPF50,6.0,840.64,5043.84,west,Karthik Joshi,Cash on Delivery
AMZ101396,2023-11-30,Grocery & Gourmet,Almonds 500g,-7.0,821.7,5751.9,East,Meera Verma,Credit Card
AMZ102015,2024-09-19,Toys & Games,Soft Toy,2.0,1717.19,3434.38,EAST,Farhan Reddy,Amazon Pay
AMZ100377,2024-01-20,Electronics,Bluetooth Speaker,6.0,828.92,4973.52, West,Ananya Joshi,Net Banking
AMZ102266,2023-08-02,Grocery & Gourmet,Green Tea Pack,9.0,228.84,2059.56,West,Vivek Bose,Net Banking
AMZ102830,2023-04-18,Books,Cookbook,10.0,378.46,3784.6,South ,Divya Reddy,Cash on Delivery
AMZ100883,2024-02-18,Clothing,Denim Jacket,7.0,597.14,4179.98,east,Neha Malhotra,Debit Card
AMZ102278,2023-03-31,Sports & Fitness,Badminton Racket,10.0,2508.24,25082.4,NORTH,Priya Verma,Net Banking
AMZ101746,2024-09-17,Home & Kitchen,LED Desk Lamp,1.0,1189.27,1189.27,EAST,Sanjay Chatterjee,Credit Card
AMZ100685,2024-07-15,Beauty & Personal Care,Perfume 100ml,5.0,1324.19,6620.95,West,Shreya Sharma,UPI
AMZ105775,2023-06-27,Toys & Games,Building Blocks Set,7.0,1605.43,11238.01,central,Neha Patel,Cash on Delivery
AMZ103814,2023-09-02,Books,Biography,2.0,324.71,649.42,West,Ritu Joshi,Net Banking
AMZ104083,2024-12-18,Electronics,Smart Watch,7.0,4870.67,34094.69,central,Lakshmi Patel,Amazon Pay
AMZ100637,2023-02-06,Home & Kitchen,LED Desk Lamp,5.0,681.38,3406.9,west,Pooja Verma,Credit Card
AMZ103001,2024-11-26,Toys & Games,Remote Control Car,1.0,1238.81,1238.81,North,Sanjay Menon,Cash on Delivery
AMZ100395,2023-12-17,Office Products,Stapler,8.0,757.9,6063.2, North,Imran Bose,Cash on Delivery
AMZ103323,2024-10-11,Furniture,Bedside Table,10.0,10381.41,103814.1,West,Priya Rao,Amazon Pay
AMZ103617,2024-07-02,Office Products,Stapler,3.0,470.0,1410.0,EAST,Karthik Malhotra,Debit Card
AMZ103506,2024-08-21,Home & Kitchen,Electric Kettle,6.0,432.11,2592.66,CENTRAL ,Lakshmi Nair,Credit Card
AMZ100532,2023-01-08,Beauty & Personal Care,Sunscreen SPF50,6.0,594.62,3567.72,West,Tanvi Bose,UPI
AMZ101314,2024-03-03,Electronics,Action Camera,6.0,5183.15,31098.9, North,Suresh Gupta,Credit Card
AMZ100664,2023-12-13,Electronics,Action Camera,4.0,881.26,3525.04,South,Priya Kumar,Credit Card
AMZ101315,2023-05-09,Clothing,Men's T-Shirt,6.0,803.26,4819.56,South,Arjun Malhotra,Net Banking
AMZ102797,2023-05-16,Books,Self-Help Book,3.0,307.67,923.01,West,Ananya Singh,Cash on Delivery
AMZ102556,2024-07-29,Beauty & Personal Care,Hair Dryer,2.0,1748.84,3497.68, North,Meera Reddy,UPI
AMZ103569,2023-03-08,Furniture,Bookshelf,7.0,10638.46,74469.22,west,Vivek Reddy,Cash on Delivery
AMZ105208,2024-06-13,Furniture,Study Table,1.0,6479.05,6479.05,East,Meera Pillai,Net Banking
AMZ100382,2023-06-05,Office Products,Gel Pens Set,3.0,994.08,2982.24,West,Aditya Sharma,
AMZ100533,2023-04-29,Home & Kitchen,LED Desk Lamp,4.0,1623.65,6494.6,East,Manoj Chatterjee,Net Banking
AMZ102932,2024-07-29,Books,Biography,1.0,424.58,424.58,central,Zoya Gupta,Cash on Delivery
AMZ101681,2023-04-03,Beauty & Personal Care,Lipstick Set,8.0,237.05,1896.4,CENTRAL ,Arjun Singh,Net Banking
AMZ102418,2023-11-29,Office Products,Printer Paper A4,7.0,156.87,1098.09,South ,Manoj Das,Credit Card
AMZ101366,2023-03-11,Clothing,Formal Shirt,10.0,1845.88,18458.8,south,Vivek Rao,UPI
AMZ101187,2024-10-19,Beauty & Personal Care,Perfume 100ml,3.0,1979.21,5937.63,NORTH,Farhan Malhotra,Cash on Delivery
AMZ104450,2024-03-11,Sports & Fitness,Cricket Bat,9.0,3493.83,31444.47,east,Manoj Joshi,Credit Card
AMZ103291,2023-04-06,Toys & Games,Building Blocks Set,2.0,1782.11,3564.22, North,Shreya Malhotra,UPI
AMZ103959,2023-05-04,Toys & Games,Puzzle 1000pc,1.0,,,NORTH,Zoya Menon,Credit Card
AMZ104010,2024-03-13,Home & Kitchen,Storage Containers,8.0,1797.58,14380.64,central,Karthik Kapoor,Cash on Delivery
AMZ101852,2023-01-28,Sports & Fitness,Skipping Rope,10.0,2034.37,20343.7,CENTRAL ,Karthik Menon,UPI
AMZ100437,2024-10-22,Home & Kitchen,Vacuum Cleaner,6.0,1096.58,6579.48,South ,Priya Kumar,Credit Card
AMZ100460,2024-01-21,Sports & Fitness,Badminton Racket,9.0,2623.09,23607.81,north,Isha Kapoor,Amazon Pay
AMZ105406,2023-01-05,Beauty & Personal Care,Hair Dryer,6.0,991.5,5949.0,SOUTH,Farhan Rao,Cash on Delivery
AMZ102654,2023-01-20,Books,Cookbook,5.0,375.07,1875.35,West,Manoj Joshi,Amazon Pay
AMZ105201,2023-10-20,Clothing,Women's Kurti,3.0,730.65,2191.95,East,Karthik Kapoor,Debit Card
AMZ103305,2023-03-11,Clothing,Yoga Pants,9.0,715.28,6437.52,Central,Yash Chatterjee,UPI
AMZ104313,2024-03-11,Toys & Games,Soft Toy,8.0,1326.2,10609.6,,Ritu Das,Cash on Delivery
AMZ101961,2023-11-09,Electronics,Smart Watch,8.0,3807.06,30456.48,West,Pooja Bhatt,UPI
AMZ100796,2023-07-07,Toys & Games,Remote Control Car,8.0,695.14,5561.12,Central,Meera Bhatt,Cash on Delivery
AMZ103944,2024-05-22,Sports & Fitness,Resistance Bands,9.0,530.06,4770.54,west,Lakshmi Chatterjee,Amazon Pay
AMZ102043,2023-01-27,Furniture,Bedside Table,10.0,10449.45,104494.5,Central,Suresh Bhatt,Cash on Delivery
AMZ105772,2023-06-30,Electronics,USB-C Cable,4.0,3893.86,15575.44,West,Kavya Bhatt,UPI
AMZ105530,2024-07-25,Electronics,Wireless Mouse,4.0,4209.59,16838.36,East,Priya Chatterjee,Credit Card
AMZ101720,2023-07-30,Electronics,Action Camera,4.0,1413.73,5654.92,,Farhan Patel,UPI
AMZ100233,2023-11-02,Office Products,Notebook Pack,3.0,350.8,1052.4, North,Anusha Rao,Amazon Pay
AMZ103770,2024-10-29,Clothing,Casual Sneakers,6.0,384.59,2307.54,East,Ananya Singh,Debit Card
AMZ104360,2023-04-02,Grocery & Gourmet,Instant Coffee Jar,4.0,598.71,2394.84,SOUTH,Ritu Bose,Credit Card
AMZ102795,2024-07-07,Clothing,Casual Sneakers,9.0,681.54,6133.86, North,Imran Sharma,Amazon Pay
AMZ105533,2024-01-08,Sports & Fitness,Yoga Mat,5.0,2288.95,11444.75, North,Tanvi Pillai,
AMZ104004,2023-10-06,Books,Self-Help Book,2.0,127.77,255.54,west,Kavya Sharma,Amazon Pay
AMZ104532,2023-09-08,Furniture,Bedside Table,6.0,9793.88,58763.28,North,Imran Singh,Credit Card
AMZ100507,2024-09-26,Electronics,Bluetooth Speaker,9.0,4064.4,36579.6,North,Priya Kapoor,Cash on Delivery
AMZ105068,2023-05-12,Furniture,Study Table,1.0,8504.67,8504.67,south,Ritu Agarwal,Net Banking
AMZ101950,2023-06-13,Grocery & Gourmet,Green Tea Pack,4.0,221.96,887.84, North,Suresh Gupta,Credit Card
AMZ100384,2023-08-29,Home & Kitchen,LED Desk Lamp,7.0,4444.17,31109.19,East,Tanvi Patel,Cash on Delivery
AMZ101045,2024-05-12,Office Products,Notebook Pack,3.0,370.29,1110.87, North,Zoya Sharma,Amazon Pay
AMZ104125,2024-03-03,Toys & Games,Board Game,4.0,484.94,1939.76,south,Sanjay Das,UPI
AMZ101393,2023-08-08,Grocery & Gourmet,Honey 500g,9.0,892.5,8032.5,Central,Manoj Bhatt,Net Banking
AMZ100831,2024-01-10,Books,Children's Story Book,9.0,818.75,7368.75,North,,Debit Card
AMZ104946,2024-02-26,Clothing,Winter Hoodie,6.0,2475.37,14852.22,South,Aditya Bhatt,Cash on Delivery
AMZ102796,2024-08-22,Grocery & Gourmet,Honey 500g,3.0,857.31,2571.93,east,Divya Rao,Net Banking
AMZ101391,2024-09-17,Toys & Games,Soft Toy,6.0,1403.62,8421.72,central,Nikhil Chatterjee,Net Banking
AMZ103623,2024-01-19,Office Products,Whiteboard Marker Set,3.0,86.13,258.39,CENTRAL ,Manoj Gupta,Cash on Delivery
AMZ102586,2023-01-30,Sports & Fitness,Cricket Bat,2.0,331.56,663.12,,Ritu Malhotra,Cash on Delivery
AMZ104091,2024-09-09,Furniture,Office Chair,2.0,4877.35,9754.7, West,Priya Joshi,Cash on Delivery
AMZ105116,2024-01-08,Office Products,Notebook Pack,10.0,451.31,4513.1,central,Meera Chatterjee,Net Banking
AMZ101703,2023-08-31,Books,Self-Help Book,5.0,766.23,3831.15, North,Manoj Gupta,UPI
AMZ101881,2024-01-19,Home & Kitchen,Vacuum Cleaner,1.0,3251.73,3251.73,North,Rahul Menon,Amazon Pay
AMZ103928,2023-01-04,Electronics,Bluetooth Speaker,7.0,1084.91,7594.37,west,Vivek Gupta,Debit Card
AMZ101484,2024-09-05,Clothing,Winter Hoodie,7.0,1273.57,8914.99,Central,Anusha Iyer,Amazon Pay
AMZ100374,2024-01-10,Electronics,Portable SSD,4.0,3552.86,14211.44,CENTRAL ,Arjun Menon,Cash on Delivery
AMZ102554,2024-10-13,Toys & Games,Puzzle 1000pc,4.0,1034.54,4138.16,north,Farhan Patel,Cash on Delivery
AMZ103264,2023-06-21,Books,Self-Help Book,10.0,747.47,7474.7,North,Nikhil Joshi,Amazon Pay
AMZ102438,2023-07-04,Electronics,Wireless Earbuds,4.0,5979.32,23917.28,CENTRAL ,Farhan Kapoor,Cash on Delivery
AMZ104144,2023-07-19,Sports & Fitness,Cricket Bat,2.0,3042.42,6084.84,South,Aditya Patel,Cash on Delivery
AMZ102861,2023-11-20,Furniture,Study Table,8.0,7742.63,61941.04,east,Sanjay Patel,Amazon Pay
AMZ101702,2024-02-27,Grocery & Gourmet,Almonds 500g,1.0,184.83,184.83,EAST,Imran Patel,Debit Card
AMZ104374,2023-05-04,Grocery & Gourmet,Instant Coffee Jar,1.0,506.87,506.87,South,Deepak Singh,UPI
AMZ101112,2024-10-30,Home & Kitchen,LED Desk Lamp,3.0,4609.15,13827.45,West,Shreya Bhatt,Net Banking
AMZ102589,2024-05-04,Sports & Fitness,Yoga Mat,10.0,1528.46,15284.6,central,Zoya Nair,Cash on Delivery
AMZ104413,2024-01-29,Toys & Games,Puzzle 1000pc,9.0,1610.94,14498.46,central,Arjun Reddy,Net Banking
AMZ103229,2024-04-23,Furniture,Office Chair,1.0,5307.37,5307.37,West,Neha Bose,UPI
AMZ101955,2023-06-26,Books,Self-Help Book,2.0,600.7,1201.4,Central,Isha Joshi,Debit Card
AMZ103982,2023-07-24,Furniture,Bedside Table,9.0,2619.91,23579.19,South,Ananya Bose,Debit Card
AMZ100566,2023-09-29,Toys & Games,Board Game,6.0,297.96,1787.76,East,Priya Menon,Debit Card
AMZ104483,2023-04-21,Toys & Games,Board Game,8.0,1563.81,12510.48, West,Ritu Singh,Amazon Pay
AMZ101113,2023-05-30,Sports & Fitness,Yoga Mat,10.0,802.12,8021.2,north,Imran Das,Amazon Pay
AMZ105174,2024-09-01,Sports & Fitness,Cricket Bat,2.0,1356.18,2712.36,East,Karthik Kapoor,Cash on Delivery
AMZ102330,2024-02-23,Office Products,Notebook Pack,1.0,805.64,805.64,South,Shreya Rao,Cash on Delivery
AMZ103578,2023-07-06,Books,Biography,7.0,223.53,1564.71,central,Isha Reddy,UPI
AMZ101454,2023-10-15,Clothing,Formal Shirt,4.0,862.09,3448.36,North,Rahul Kumar,Cash on Delivery
AMZ103341,2023-07-25,Beauty & Personal Care,Perfume 100ml,9.0,775.09,6975.81,Central,Anusha Singh,Debit Card
AMZ104039,2024-05-22,Electronics,USB-C Cable,3.0,2776.46,8329.38,CENTRAL ,Sanjay Rao,Net Banking
AMZ105659,2024-06-05,Clothing,Denim Jacket,6.0,1211.14,7266.84, West,Pooja Pillai,Amazon Pay
AMZ102118,2023-09-10,Toys & Games,Building Blocks Set,9.0,1721.51,15493.59,central,Pooja Bose,Net Banking
AMZ104808,2024-08-18,Office Products,Gel Pens Set,9.0,507.58,4568.22,north,Deepak Singh,Credit Card
AMZ102609,2023-04-16,Furniture,Bookshelf,7.0,6446.08,45122.56,NORTH,Shreya Gupta,Cash on Delivery
AMZ102096,2024-01-25,Sports & Fitness,Yoga Mat,,1198.98,,North,Nikhil Rao,Net Banking
AMZ100371,2024-04-09,Furniture,Bookshelf,1.0,10310.9,10310.9, West,Aditya Malhotra,Amazon Pay
AMZ102624,2023-02-08,Office Products,Notebook Pack,1.0,983.8,983.8, West,Farhan Gupta,Debit Card
AMZ101058,2024-04-23,Toys & Games,Remote Control Car,3.0,311.59,934.77,North,Suresh Patel,UPI
AMZ100673,2024-12-03,Home & Kitchen,Bed Sheet Set,3.0,614.43,1843.29,South,Suresh Nair,
AMZ103285,2023-11-02,Electronics,Mechanical Keyboard,3.0,3776.38,11329.14,West,Nikhil Menon,Net Banking
AMZ105728,2023-10-13,Office Products,Printer Paper A4,4.0,305.33,1221.32,West,Divya Malhotra,Debit Card
AMZ102030,2024-04-03,Beauty & Personal Care,Face Serum,3.0,458.5,1375.5,East,Meera Menon,Amazon Pay
AMZ100535,2023-09-02,Office Products,Notebook Pack,4.0,113.51,454.04,NORTH,Karthik Chatterjee,Net Banking
AMZ100857,2023-01-18,Clothing,Winter Hoodie,6.0,953.49,5720.94,east,Vivek Reddy,Net Banking
AMZ103302,2023-03-17,Grocery & Gourmet,Almonds 500g,8.0,716.79,5734.32,Central,Ananya Das,Amazon Pay
AMZ103604,2024-09-19,Clothing,Running Shoes,6.0,914.38,5486.28,East,Tanvi Gupta,Credit Card
AMZ103726,2024-04-06,Grocery & Gourmet,Basmati Rice 5kg,10.0,732.32,7323.2,West,Isha Gupta,UPI
AMZ103055,2024-09-07,Electronics,USB-C Cable,9.0,3820.93,34388.37,NORTH,Yash Pillai,Amazon Pay
AMZ101979,2023-10-09,Home & Kitchen,Vacuum Cleaner,5.0,2145.73,10728.65,south,Tanvi Rao,Net Banking
AMZ104034,2023-10-31,Toys & Games,Building Blocks Set,7.0,1552.77,10869.39,West,Pooja Nair,Cash on Delivery
AMZ102599,2023-07-01,Clothing,Yoga Pants,7.0,1783.99,12487.93,West,Divya Kapoor,
AMZ103502,2023-03-18,Grocery & Gourmet,Basmati Rice 5kg,4.0,645.3,2581.2,south,Tanvi Sharma,Amazon Pay
AMZ103308,2023-04-27,Home & Kitchen,Storage Containers,2.0,538.94,1077.88,CENTRAL ,Arjun Menon,Cash on Delivery
AMZ100191,2023-06-06,Furniture,Study Table,3.0,11249.09,33747.27,Central,Arjun Chatterjee,UPI
AMZ102967,2024-04-23,Books,Self-Help Book,9.0,736.96,6632.64,NORTH,Tanvi Pillai,Net Banking
AMZ104894,2023-06-19,Electronics,Power Bank,-9.0,1565.94,14093.46,East,Imran Pillai,UPI
AMZ102889,2023-05-25,Clothing,Running Shoes,3.0,2427.33,7281.99, North,Priya Rao,Cash on Delivery
AMZ104839,2024-07-22,Beauty & Personal Care,Hair Dryer,3.0,1297.16,3891.48,CENTRAL ,Ritu Das,UPI
AMZ100346,2023-12-29,Grocery & Gourmet,Almonds 500g,2.0,126.32,252.64,Central,Yash Singh,UPI
AMZ105222,2023-07-07,Sports & Fitness,Dumbbell Set,5.0,2578.39,12891.95, North,Kavya Patel,Credit Card
AMZ101448,2023-12-15,Books,Fiction Novel,3.0,,,SOUTH,Divya Rao,Amazon Pay
AMZ103820,2023-07-28,Sports & Fitness,Cricket Bat,7.0,2104.37,14730.59,north,Isha Menon,Cash on Delivery
AMZ105716,2023-03-21,Toys & Games,Soft Toy,1.0,773.09,773.09,central,Yash Bhatt,Debit Card
AMZ100111,2024-04-20,Home & Kitchen,LED Desk Lamp,4.0,2683.43,10733.72,East,Rohan Iyer,Amazon Pay
AMZ103340,2023-02-23,Grocery & Gourmet,Green Tea Pack,2.0,352.41,704.82, West,Tanvi Reddy,
AMZ102785,2024-07-15,Grocery & Gourmet,Honey 500g,6.0,380.39,2282.34,East,Suresh Kapoor,Cash on Delivery
AMZ100004,2024-07-07,Electronics,Power Bank,9.0,5220.58,46985.22,North,Aditya Pillai,Debit Card
AMZ102454,2024-06-09,Beauty & Personal Care,Hair Dryer,4.0,1678.18,6712.72,CENTRAL ,Kavya Verma,Cash on Delivery
AMZ101761,2024-12-18,Clothing,Winter Hoodie,10.0,441.49,4414.9,NORTH,Farhan Gupta,Debit Card
AMZ105358,2023-06-23,Clothing,Running Shoes,3.0,1415.01,4245.03,west,Farhan Rao,Amazon Pay
AMZ100702,2023-08-03,Clothing,Women's Kurti,9.0,1385.17,12466.53,Central,Karthik Das,Cash on Delivery
AMZ103464,2023-07-31,Electronics,Portable SSD,3.0,2047.6,6142.8,central,Ananya Bhatt,Credit Card
AMZ103119,2023-07-23,Furniture,Study Table,6.0,9121.89,54731.34,South ,Priya Nair,UPI
AMZ105557,2023-07-20,Electronics,Wireless Earbuds,4.0,2795.13,11180.52,SOUTH,Vikram Chatterjee,Cash on Delivery
AMZ105729,2024-12-16,Beauty & Personal Care,Trimmer,6.0,1841.78,11050.68,South ,Suresh Patel,Cash on Delivery
AMZ100602,2024-08-05,Furniture,Bean Bag,3.0,3199.11,9597.33,central,Yash Malhotra,Credit Card
AMZ105582,2024-08-26,Home & Kitchen,Vacuum Cleaner,2.0,736.33,1472.66,CENTRAL ,Kavya Das,Amazon Pay
AMZ104769,2023-09-17,Furniture,Bookshelf,2.0,7922.14,15844.28,NORTH,Imran Menon,Debit Card
AMZ100514,2024-12-24,Electronics,Smart Watch,1.0,1487.96,1487.96,West,Aditya Chatterjee,UPI
AMZ103183,2023-06-22,Furniture,Bean Bag,7.0,8635.88,60451.16,,Ritu Rao,Cash on Delivery
AMZ101135,2024-12-16,Electronics,Portable SSD,2.0,3177.14,6354.28,central,Suresh Kumar,Credit Card
AMZ104098,2023-03-02,Beauty & Personal Care,Lipstick Set,3.0,1958.04,5874.12,Central,Vikram Singh,Net Banking
AMZ101190,2024-08-22,Books,Biography,4.0,698.59,2794.36,East,Divya Rao,Credit Card
AMZ103078,2023-02-08,Toys & Games,Building Blocks Set,10.0,1875.93,18759.3,South,Anusha Kapoor,
AMZ101294,2023-12-09,Clothing,Formal Shirt,2.0,973.36,1946.72,West,Sanjay Patel,Amazon Pay
AMZ103650,2024-06-13,Books,Cookbook,6.0,269.65,1617.9,central,Lakshmi Nair,Net Banking
AMZ104608,2024-07-18,Grocery & Gourmet,Honey 500g,9.0,245.09,2205.81,central,Tanvi Malhotra,Amazon Pay
AMZ103646,2024-10-29,Electronics,USB-C Cable,2.0,5218.14,10436.28,east,Neha Malhotra,Debit Card
AMZ103095,2023-11-28,Toys & Games,Remote Control Car,7.0,623.15,4362.05,,Sneha Verma,UPI
AMZ100885,2024-02-22,Furniture,Study Table,5.0,8312.91,41564.55,Central,Sneha Kumar,UPI
AMZ104748,2023-09-20,Home & Kitchen,Air Fryer,8.0,625.34,5002.72,North,Kavya Bhatt,
AMZ105519,2024-02-24,Clothing,Men's T-Shirt,1.0,912.09,912.09,east,Rohan Sharma,Amazon Pay
AMZ101671,2023-06-12,Furniture,Office Chair,7.0,2886.38,20204.66,north,Sanjay Sharma,UPI
AMZ105396,2023-05-02,Clothing,Formal Shirt,8.0,1102.99,8823.92,South,Priya Kapoor,Net Banking
AMZ105041,2023-07-31,Grocery & Gourmet,Basmati Rice 5kg,7.0,711.03,4977.21, West,Farhan Iyer,Credit Card
AMZ105093,2024-12-29,Office Products,Stapler,1.0,432.4,432.4,north,Suresh Bhatt,UPI
AMZ103475,2024-10-03,Home & Kitchen,LED Desk Lamp,10.0,3108.77,31087.7,Central,Imran Joshi,Cash on Delivery
AMZ101774,2024-01-01,Sports & Fitness,Resistance Bands,7.0,588.31,4118.17,West,Priya Nair,Credit Card
AMZ104200,2024-08-13,Furniture,Bedside Table,5.0,2884.01,14420.05,north,Priya Kapoor,Amazon Pay
AMZ100760,2024-05-02,Toys & Games,Board Game,2.0,739.65,1479.3,South ,Farhan Iyer,Debit Card
AMZ103355,2023-04-07,Furniture,Bedside Table,10.0,12908.34,129083.4,NORTH,Arjun Menon,Debit Card
AMZ103923,2023-05-16,Sports & Fitness,Skipping Rope,1.0,573.69,573.69,north,Vikram Agarwal,Credit Card
AMZ105626,2023-09-05,Toys & Games,Building Blocks Set,6.0,619.73,3718.38,west,Rahul Sharma,Cash on Delivery
AMZ104735,2023-09-02,Electronics,Smart Watch,10.0,5105.09,51050.9,Central,Suresh Bose,Cash on Delivery
AMZ101834,2023-09-22,Beauty & Personal Care,Face Serum,6.0,1993.15,11958.9,south,Meera Joshi,Debit Card
AMZ100881,2024-12-03,Clothing,Denim Jacket,5.0,2102.15,10510.75,East,Imran Iyer,Cash on Delivery
AMZ103952,2023-10-18,Electronics,Mechanical Keyboard,3.0,2368.56,7105.68,CENTRAL ,Vikram Bhatt,Debit Card
AMZ101682,2024-09-03,Toys & Games,Puzzle 1000pc,2.0,1550.2,3100.4,East,Nikhil Malhotra,Credit Card
AMZ105707,2024-01-19,Home & Kitchen,Bed Sheet Set,5.0,3701.53,18507.65,west,Shreya Iyer,
AMZ105022,2023-06-25,Toys & Games,Building Blocks Set,,1574.15,,east,Nikhil Chatterjee,Net Banking
AMZ103344,2023-06-30,Grocery & Gourmet,Honey 500g,5.0,540.52,2702.6,South,Ritu Verma,UPI
AMZ102955,2024-08-25,Home & Kitchen,Air Fryer,8.0,3277.72,26221.76,west,Shreya Pillai,Credit Card
AMZ104656,2023-11-20,Books,Biography,6.0,764.7,4588.2,EAST,Sanjay Singh,Debit Card
AMZ101497,2024-03-03,Grocery & Gourmet,Green Tea Pack,9.0,213.44,1920.96,South,Kavya Singh,Debit Card
AMZ100215,2024-10-22,Sports & Fitness,Cricket Bat,8.0,2432.7,19461.6,West,Sneha Iyer,UPI
AMZ103921,2024-02-22,Electronics,Mechanical Keyboard,6.0,1273.02,7638.12,Central,Divya Iyer,Debit Card
AMZ105080,2023-08-07,Electronics,Laptop Stand,6.0,3054.96,18329.76,east,Ananya Gupta,Credit Card
AMZ102665,2023-12-23,Office Products,Desk Organizer,6.0,286.26,1717.56,south,Deepak Iyer,Net Banking
AMZ103858,2023-01-22,Clothing,Women's Kurti,7.0,1298.47,9089.29,North,Deepak Malhotra,Amazon Pay
AMZ100076,2024-02-25,Toys & Games,Building Blocks Set,9.0,1187.61,10688.49,west,Nikhil Reddy,Credit Card
AMZ101301,2024-06-20,Books,Children's Story Book,9.0,719.16,6472.44,CENTRAL ,Rahul Sharma,
AMZ102037,2023-05-02,Clothing,Men's T-Shirt,1.0,1309.61,1309.61,South ,Lakshmi Das,Net Banking
AMZ104276,2023-11-20,Clothing,Formal Shirt,4.0,941.45,3765.8, North,Divya Patel,Amazon Pay
AMZ104230,2024-03-06,Grocery & Gourmet,Honey 500g,10.0,253.02,2530.2,,Anusha Nair,Cash on Delivery
AMZ102568,2024-02-06,Furniture,Study Table,7.0,1577.05,11039.35,South ,Neha Kapoor,Debit Card
AMZ100442,2024-06-14,Home & Kitchen,Air Fryer,5.0,4990.34,24951.7,South,Suresh Joshi,Cash on Delivery
AMZ104850,2023-12-22,Electronics,Mechanical Keyboard,2.0,5518.93,11037.86,West,Anusha Pillai,Amazon Pay
AMZ101037,2023-11-24,Electronics,Portable SSD,9.0,3231.93,29087.37, North,Vikram Kapoor,Net Banking
AMZ101937,2023-01-10,Toys & Games,Board Game,6.0,1748.58,10491.48,EAST,Farhan Reddy,Net Banking
AMZ102681,2024-01-20,Clothing,Running Shoes,2.0,890.25,1780.5,,Yash Menon,Credit Card
AMZ101896,2024-03-02,Toys & Games,Puzzle 1000pc,2.0,836.87,1673.74, West,Lakshmi Agarwal,Cash on Delivery
AMZ103809,2024-09-14,Sports & Fitness,Cricket Bat,10.0,566.78,5667.8,,Lakshmi Agarwal,UPI
AMZ100942,2023-06-14,Electronics,Portable SSD,2.0,1114.32,2228.64,South ,Rohan Nair,Credit Card
AMZ104243,2023-03-19,Home & Kitchen,Air Fryer,2.0,890.56,1781.12,SOUTH,Divya Das,Net Banking
AMZ104812,2024-04-26,Office Products,Gel Pens Set,,943.55,,,Pooja Menon,Amazon Pay
AMZ103610,2024-02-25,Office Products,Whiteboard Marker Set,,664.42,,South ,Neha Chatterjee,UPI
AMZ104932,2024-05-19,Office Products,Notebook Pack,3.0,787.53,2362.59,NORTH,Sanjay Joshi,Net Banking
AMZ104481,2023-06-02,Home & Kitchen,Blender,3.0,4530.42,13591.26,South ,Ananya Menon,Net Banking
AMZ102924,2024-06-27,Clothing,Formal Shirt,6.0,782.88,4697.28,North,Sneha Joshi,Net Banking
AMZ104462,2024-04-12,Electronics,Wireless Earbuds,2.0,1134.81,2269.62,EAST,Rahul Gupta,Debit Card
AMZ103185,2024-10-07,Home & Kitchen,Blender,6.0,4213.09,25278.54,East,Yash Menon,Net Banking
AMZ105013,2024-07-15,Toys & Games,Puzzle 1000pc,2.0,,,central,Neha Reddy,Debit Card
AMZ102973,2024-01-13,Office Products,Stapler,3.0,484.46,1453.38, North,Rohan Kumar,Amazon Pay
AMZ101748,2023-12-05,Furniture,Bean Bag,9.0,4729.28,42563.52,south,Kavya Das,Net Banking
AMZ102867,2024-10-25,Books,Fiction Novel,10.0,438.53,4385.3,South ,Zoya Nair,
AMZ103074,2023-02-27,Grocery & Gourmet,Green Tea Pack,2.0,582.9,1165.8,East,Farhan Iyer,Credit Card
AMZ100424,2023-04-14,Beauty & Personal Care,Lipstick Set,3.0,1587.46,4762.38,South ,Shreya Rao,Cash on Delivery
AMZ100947,2024-01-23,Sports & Fitness,Dumbbell Set,9.0,2421.62,21794.58,CENTRAL ,Lakshmi Bhatt,Cash on Delivery
AMZ103243,2023-10-20,Office Products,Stapler,8.0,262.28,2098.24,west,Ritu Chatterjee,Credit Card
AMZ105314,2023-01-14,Furniture,Bookshelf,7.0,12625.39,88377.73,west,Anusha Kumar,Net Banking
AMZ104609,2024-02-09,Clothing,Running Shoes,1.0,1030.68,1030.68,central,Nikhil Bose,Cash on Delivery
AMZ105571,2024-07-17,Furniture,Office Chair,6.0,7850.82,47104.92,East,Karthik Pillai,Credit Card
AMZ101817,2024-06-06,Home & Kitchen,Non-Stick Pan Set,5.0,932.92,4664.6,NORTH,Neha Verma,Net Banking
AMZ100444,2024-12-09,Beauty & Personal Care,Face Serum,6.0,1967.46,11804.76,Central,Rahul Rao,Cash on Delivery
AMZ104701,2023-07-23,Clothing,Winter Hoodie,1.0,1363.44,1363.44,SOUTH,Imran Chatterjee,Amazon Pay
AMZ103258,2024-10-22,Electronics,Portable SSD,3.0,1276.44,3829.32,South,Isha Singh,Amazon Pay
AMZ101134,2024-10-14,Toys & Games,Puzzle 1000pc,10.0,662.29,6622.9,NORTH,Ananya Rao,Debit Card
AMZ104053,2023-05-27,Office Products,Stapler,8.0,308.85,2470.8,south,Shreya Patel,Debit Card
AMZ102208,2024-04-08,Books,Fiction Novel,10.0,182.44,1824.4,central,Meera Menon,Amazon Pay
AMZ102018,2023-09-02,Grocery & Gourmet,Almonds 500g,5.0,617.12,3085.6,south,Lakshmi Patel,Amazon Pay
AMZ105323,2024-07-28,Sports & Fitness,Cricket Bat,10.0,2546.73,25467.3,east,Divya Nair,Debit Card
AMZ101392,2023-06-21,Toys & Games,Soft Toy,2.0,221.47,442.94,West,Divya Das,Cash on Delivery
AMZ101245,2024-05-13,Toys & Games,Puzzle 1000pc,2.0,1935.78,3871.56,west,Kavya Joshi,UPI
AMZ105693,2024-07-29,Electronics,Wireless Earbuds,2.0,5813.42,11626.84,east,Ritu Singh,Cash on Delivery
AMZ104323,2024-12-02,Electronics,USB-C Cable,7.0,4053.11,28371.77,SOUTH,Karthik Reddy,Credit Card
AMZ104341,2023-09-07,Sports & Fitness,Dumbbell Set,10.0,1215.93,12159.3,west,Manoj Singh,Net Banking
AMZ101722,2023-07-26,Grocery & Gourmet,Almonds 500g,6.0,448.51,2691.06,South ,Sanjay Nair,Amazon Pay
AMZ104818,2024-01-04,Office Products,Notebook Pack,1.0,553.34,553.34,north,Karthik Singh,Cash on Delivery
AMZ104974,2024-07-30,Sports & Fitness,Cricket Bat,3.0,3080.46,9241.38, North,Zoya Pillai,Net Banking
AMZ100598,2023-01-25,Grocery & Gourmet,Almonds 500g,10.0,126.91,1269.1,north,Ananya Agarwal,Net Banking
AMZ105527,2023-12-09,Beauty & Personal Care,Perfume 100ml,6.0,763.29,4579.74,SOUTH,Tanvi Verma,Credit Card
AMZ104772,2024-10-26,Toys & Games,Remote Control Car,5.0,1498.85,7494.25, North,Lakshmi Kapoor,Net Banking
AMZ104905,2023-11-21,Grocery & Gourmet,Instant Coffee Jar,9.0,207.64,1868.76,West,Rohan Chatterjee,Credit Card
AMZ102038,2024-03-02,Home & Kitchen,LED Desk Lamp,10.0,2591.58,25915.8,south,Deepak Das,Cash on Delivery
AMZ104021,2023-05-21,Home & Kitchen,Non-Stick Pan Set,10.0,3418.96,34189.6,SOUTH,Shreya Verma,Credit Card
AMZ101220,2023-12-21,Beauty & Personal Care,Perfume 100ml,1.0,,, West,Suresh Bhatt,Cash on Delivery
AMZ102595,2023-09-06,Beauty & Personal Care,Perfume 100ml,6.0,713.53,4281.18,south,Shreya Kapoor,Debit Card
AMZ104834,2023-09-11,Office Products,Stapler,6.0,935.09,5610.54, North,Lakshmi Sharma,Debit Card
AMZ102148,2024-08-18,Grocery & Gourmet,Almonds 500g,5.0,148.11,740.55,north,Zoya Reddy,UPI
AMZ100530,2024-01-11,Grocery & Gourmet,Honey 500g,3.0,394.5,1183.5,south,Nikhil Menon,UPI
AMZ102734,2023-08-15,Books,Cookbook,7.0,763.71,5345.97,NORTH,,Cash on Delivery
AMZ104306,2024-02-13,Books,Programming Guide,10.0,554.81,5548.1,South ,Isha Sharma,Debit Card
AMZ102124,2024-07-07,Grocery & Gourmet,Instant Coffee Jar,1.0,516.43,516.43,North,Imran Joshi,Debit Card
AMZ105113,2024-12-12,Grocery & Gourmet,Instant Coffee Jar,,547.02,,NORTH,Neha Malhotra,UPI
AMZ105063,2023-08-06,Toys & Games,Remote Control Car,7.0,263.96,1847.72,West,Sanjay Iyer,Credit Card
AMZ105560,2023-03-17,Electronics,Power Bank,1.0,3252.05,3252.05,CENTRAL ,Lakshmi Chatterjee,UPI
AMZ101171,2023-11-21,Clothing,Men's T-Shirt,10.0,948.26,9482.6,North,Vikram Das,UPI
AMZ101931,2024-02-07,Clothing,Denim Jacket,9.0,2101.09,18909.81,east,Meera Bose,Debit Card
AMZ103041,2023-09-17,Books,Fiction Novel,3.0,710.11,2130.33,east,Farhan Bose,Net Banking
AMZ100196,2024-10-14,Furniture,Bean Bag,8.0,5498.49,43987.92,east,Suresh Reddy,Debit Card
AMZ103217,2024-09-04,Books,Biography,9.0,773.7,6963.3,CENTRAL ,Deepak Pillai,Amazon Pay
AMZ102895,2024-07-29,Toys & Games,Soft Toy,1.0,880.02,880.02,North,Manoj Singh,Credit Card
AMZ105569,2024-05-05,Electronics,Wireless Earbuds,7.0,1606.11,11242.77,North,Meera Pillai,Amazon Pay
AMZ105568,2024-04-24,Beauty & Personal Care,Perfume 100ml,3.0,1587.11,4761.33,CENTRAL ,Karthik Patel,Amazon Pay
AMZ104164,2023-07-05,Toys & Games,Remote Control Car,1.0,1535.73,1535.73,North,Yash Nair,Debit Card
AMZ100030,2024-04-21,Toys & Games,Building Blocks Set,3.0,1986.6,5959.8,south,Anusha Nair,Cash on Delivery
AMZ101701,2024-04-16,Beauty & Personal Care,Lipstick Set,10.0,,,West,Neha Kumar,Credit Card
AMZ101942,2024-03-03,Grocery & Gourmet,Cooking Oil 1L,2.0,260.54,521.08, West,Lakshmi Kapoor,UPI
AMZ102467,2024-05-14,Office Products,Gel Pens Set,3.0,988.73,2966.19,north,Priya Nair,Debit Card
AMZ105794,2023-08-27,Grocery & Gourmet,Instant Coffee Jar,6.0,471.17,2827.02,South,Farhan Gupta,Debit Card
AMZ101377,2024-11-29,Home & Kitchen,Electric Kettle,6.0,1433.2,8599.2,EAST,Suresh Menon,Amazon Pay
AMZ104223,2023-12-17,Grocery & Gourmet,Cooking Oil 1L,7.0,428.85,3001.95,South,Arjun Singh,Net Banking
AMZ101453,2024-06-27,Clothing,Casual Sneakers,6.0,606.76,3640.56,CENTRAL ,Zoya Malhotra,Cash on Delivery
AMZ103586,2024-03-20,Sports & Fitness,Dumbbell Set,3.0,,,EAST,Farhan Rao,Debit Card
AMZ105599,2024-06-27,Books,Biography,4.0,258.67,1034.68,west,Farhan Reddy,Debit Card
AMZ101997,2024-02-01,Beauty & Personal Care,Face Serum,3.0,762.44,2287.32,south,Aditya Agarwal,Amazon Pay
AMZ101463,2023-11-29,Home & Kitchen,Electric Kettle,5.0,4238.12,21190.6,north,Vivek Malhotra,Debit Card
AMZ101956,2024-05-11,Grocery & Gourmet,Honey 500g,9.0,519.86,4678.74, North,Priya Singh,Net Banking
AMZ104517,2024-06-09,Home & Kitchen,Bed Sheet Set,4.0,3527.68,14110.72,east,Farhan Bhatt,Debit Card
AMZ100161,2024-03-22,Furniture,Bedside Table,5.0,8418.31,42091.55, West,Anusha Pillai,Credit Card
AMZ105380,2024-01-20,Books,Cookbook,5.0,717.6,3588.0, West,Rohan Sharma,Debit Card
AMZ100771,2024-08-09,Clothing,Casual Sneakers,6.0,1177.16,7062.96,EAST,Kavya Reddy,Amazon Pay
AMZ104113,2024-03-11,Grocery & Gourmet,Instant Coffee Jar,9.0,749.28,6743.52,SOUTH,Nikhil Agarwal,Debit Card
AMZ105025,2024-08-02,Electronics,Laptop Stand,4.0,5705.05,22820.2,east,Ananya Das,Net Banking
AMZ103206,2023-07-06,Clothing,Winter Hoodie,10.0,971.61,9716.1,West,Lakshmi Menon,UPI
AMZ104689,2023-12-28,Home & Kitchen,Blender,5.0,822.97,4114.85,Central,Arjun Kumar,Cash on Delivery
AMZ104717,2023-03-21,Books,Self-Help Book,1.0,500.57,500.57,East,Imran Sharma,UPI
AMZ100612,2023-07-22,Office Products,Printer Paper A4,8.0,498.41,3987.28,central,Meera Bose,Cash on Delivery
AMZ100655,2023-07-03,Toys & Games,Puzzle 1000pc,9.0,1682.82,15145.38,Central,Anusha Agarwal,Debit Card
AMZ105486,2023-01-23,Electronics,Laptop Stand,8.0,4738.25,37906.0,east,Arjun Chatterjee,Net Banking
AMZ104358,2023-02-19,Office Products,Desk Organizer,2.0,506.02,1012.04,east,Sneha Kumar,Debit Card
AMZ101165,2023-04-24,Furniture,Study Table,3.0,6351.96,19055.88,West,Pooja Bose,UPI
AMZ101839,2024-03-31,Home & Kitchen,Bed Sheet Set,3.0,1669.03,5007.09,north,Priya Gupta,Debit Card
AMZ101154,2023-10-05,Toys & Games,Board Game,3.0,431.67,1295.01,north,Anusha Singh,Cash on Delivery
AMZ100120,2024-02-20,Toys & Games,Remote Control Car,7.0,1821.94,12753.58,NORTH,Suresh Iyer,Credit Card
AMZ101582,2024-03-11,Beauty & Personal Care,Lipstick Set,1.0,762.02,762.02, West,Isha Malhotra,Debit Card
AMZ100622,2023-11-15,Toys & Games,Building Blocks Set,4.0,576.46,2305.84,north,Nikhil Nair,Debit Card
AMZ100553,2024-01-27,Sports & Fitness,Cricket Bat,4.0,1637.78,6551.12,Central,Ananya Menon,Cash on Delivery
AMZ103886,2023-04-14,Clothing,Men's T-Shirt,10.0,1323.15,13231.5,Central,Zoya Kapoor,Cash on Delivery
AMZ100905,2023-12-04,Furniture,Bookshelf,7.0,8171.05,57197.35,east,Vikram Kumar,UPI
AMZ100094,2023-07-11,Office Products,Gel Pens Set,5.0,152.56,762.8,East,Vivek Bose,Cash on Delivery
AMZ103942,2024-09-06,Toys & Games,Board Game,4.0,260.6,1042.4,,Shreya Reddy,Debit Card
AMZ100261,2023-02-17,Beauty & Personal Care,Sunscreen SPF50,7.0,1585.67,11099.69,West,Yash Chatterjee,Amazon Pay
AMZ103543,2023-11-02,Beauty & Personal Care,Hair Dryer,3.0,1628.41,4885.23,NORTH,Rohan Sharma,UPI
AMZ105818,2024-10-13,Books,Programming Guide,1.0,580.93,580.93,west,Meera Singh,Net Banking
AMZ103054,2024-09-19,Home & Kitchen,Electric Kettle,9.0,1867.4,16806.6,central,Vivek Joshi,Credit Card
AMZ104970,2024-07-29,Toys & Games,Board Game,3.0,588.52,1765.56,NORTH,Anusha Patel,Cash on Delivery
AMZ105749,2024-07-06,Clothing,Running Shoes,3.0,2074.88,6224.64,South ,Ritu Singh,Amazon Pay
AMZ102667,2024-10-18,Furniture,Bedside Table,10.0,2893.63,28936.3,south,Suresh Sharma,UPI
AMZ102990,2023-05-27,Beauty & Personal Care,Face Serum,5.0,1259.82,6299.1,central,Karthik Iyer,Debit Card
AMZ104929,2024-02-08,Furniture,Bookshelf,7.0,3740.76,26185.32,East,Karthik Kapoor,Cash on Delivery
AMZ102055,2023-05-06,Beauty & Personal Care,Trimmer,10.0,550.49,5504.9,EAST,Divya Pillai,Cash on Delivery
AMZ101721,2024-03-12,Books,Children's Story Book,1.0,293.2,293.2,Central,Rahul Sharma,Cash on Delivery
AMZ104232,2023-03-17,Beauty & Personal Care,Perfume 100ml,2.0,1948.55,3897.1,North,Yash Malhotra,UPI
AMZ105181,2024-12-14,Electronics,Action Camera,6.0,5061.36,30368.16,East,Deepak Rao,Amazon Pay
AMZ103013,2024-11-25,Home & Kitchen,Vacuum Cleaner,4.0,4097.4,16389.6,north,Sanjay Sharma,Amazon Pay
AMZ105267,2023-10-28,Office Products,Stapler,9.0,408.11,3672.99,South,Shreya Rao,Debit Card
AMZ103541,2024-05-23,Books,Biography,7.0,834.11,5838.77,NORTH,Lakshmi Das,Amazon Pay
AMZ104201,2024-06-10,Office Products,Stapler,9.0,447.11,4023.99,west,Isha Bhatt,Net Banking
AMZ100585,2023-07-26,Office Products,Gel Pens Set,10.0,819.33,8193.3,south,Isha Chatterjee,Net Banking
AMZ104633,2024-02-16,Books,Biography,8.0,409.06,3272.48,South,Lakshmi Reddy,Credit Card
AMZ100839,2023-12-19,Furniture,Bookshelf,2.0,12184.89,24369.78,West,,Debit Card
AMZ103459,2023-01-07,Sports & Fitness,Cricket Bat,4.0,551.15,2204.6,East,Vikram Bhatt,Debit Card
AMZ100907,2023-12-06,Beauty & Personal Care,Lipstick Set,1.0,839.5,839.5,NORTH,Suresh Malhotra,UPI
AMZ105274,2024-03-26,Beauty & Personal Care,Face Serum,3.0,1823.39,5470.17,NORTH,Imran Iyer,Debit Card
AMZ100172,2023-04-15,Sports & Fitness,Cricket Bat,6.0,730.05,4380.3,Central,Neha Rao,UPI
AMZ103621,2024-03-05,Books,Programming Guide,2.0,682.71,1365.42,EAST,Farhan Pillai,Net Banking
AMZ102194,2023-11-09,Office Products,Gel Pens Set,5.0,772.55,3862.75,EAST,Suresh Kumar,Credit Card
AMZ103267,2023-06-28,Sports & Fitness,Skipping Rope,3.0,933.61,2800.83,west,Priya Patel,Credit Card
AMZ104078,2023-11-16,Furniture,Office Chair,4.0,7014.95,28059.8,North,Vivek Iyer,Debit Card
AMZ103793,2024-10-05,Beauty & Personal Care,Face Wash,3.0,200.0,600.0,central,,Amazon Pay
AMZ104169,2024-11-26,Electronics,Laptop Stand,3.0,1740.91,5222.73,East,Vivek Gupta,Cash on Delivery
AMZ104718,2023-05-01,Toys & Games,Board Game,1.0,396.53,396.53, West,Meera Malhotra,Credit Card
AMZ102767,2023-10-09,Toys & Games,Remote Control Car,3.0,555.33,1665.99,East,Nikhil Singh,Net Banking
AMZ103826,2023-12-30,Sports & Fitness,Dumbbell Set,5.0,831.29,4156.45,North,Pooja Malhotra,Debit Card
AMZ103392,2024-05-29,Books,Self-Help Book,9.0,737.76,6639.84,East,Anusha Joshi,Credit Card
AMZ103159,2024-01-13,Home & Kitchen,Air Fryer,8.0,3602.5,28820.0, West,Farhan Das,Cash on Delivery
AMZ101983,2024-02-17,Furniture,Bookshelf,7.0,6166.11,43162.77, North,Manoj Singh,Amazon Pay
AMZ103667,2024-05-14,Beauty & Personal Care,Sunscreen SPF50,,1164.44,,North,Ritu Nair,Credit Card
AMZ104810,2024-05-09,Books,Children's Story Book,6.0,582.1,3492.6,Central,Vivek Gupta,Debit Card
AMZ102229,2023-12-16,Toys & Games,Remote Control Car,7.0,731.42,5119.94,SOUTH,Rahul Singh,Cash on Delivery
AMZ103049,2023-04-16,Electronics,Wireless Earbuds,4.0,4602.85,18411.4,East,Manoj Nair,Credit Card
AMZ104858,2023-04-20,Beauty & Personal Care,Face Wash,5.0,1385.17,6925.85, West,Pooja Patel,Amazon Pay
AMZ101697,2024-12-27,Grocery & Gourmet,Honey 500g,6.0,759.16,4554.96,south,Ritu Kapoor,Debit Card
AMZ102748,2023-10-18,Clothing,Casual Sneakers,2.0,878.05,1756.1,South,Anusha Pillai,Amazon Pay
AMZ103772,2023-06-27,Home & Kitchen,Storage Containers,8.0,785.37,6282.96,west,Ananya Reddy,Cash on Delivery
AMZ105788,2023-01-21,Beauty & Personal Care,Lipstick Set,5.0,817.76,4088.8,CENTRAL ,Vikram Kapoor,Amazon Pay
AMZ104789,2024-04-06,Clothing,Yoga Pants,3.0,2486.2,7458.6, West,Manoj Das,Cash on Delivery
AMZ105096,2024-01-17,Office Products,Printer Paper A4,2.0,994.11,1988.22,east,Ritu Malhotra,Net Banking
AMZ101397,2024-06-11,Home & Kitchen,Air Fryer,5.0,551.85,2759.25,West,Priya Iyer,UPI
AMZ102385,2024-09-17,Books,Fiction Novel,10.0,131.41,1314.1,east,Vivek Das,UPI
AMZ100884,2024-07-21,Home & Kitchen,Vacuum Cleaner,8.0,4361.22,34889.76,CENTRAL ,Yash Iyer,Cash on Delivery
AMZ101699,2023-10-20,Toys & Games,Building Blocks Set,8.0,609.98,4879.84, North,Imran Rao,Cash on Delivery
AMZ102025,2024-04-04,Electronics,Laptop Stand,6.0,5812.38,34874.28,South,Aditya Malhotra,Debit Card
AMZ103104,2024-11-18,Home & Kitchen,Storage Containers,10.0,3229.24,32292.4,South ,Divya Menon,Net Banking
AMZ104838,2023-10-03,Clothing,Formal Shirt,4.0,432.28,1729.12,,Kavya Chatterjee,Credit Card
AMZ102407,2023-04-14,Electronics,Mechanical Keyboard,9.0,5231.71,47085.39,west,Sneha Reddy,UPI
AMZ102635,2023-01-03,Sports & Fitness,Skipping Rope,7.0,403.62,2825.34,,Nikhil Patel,Cash on Delivery
AMZ104523,2023-10-31,Electronics,Portable SSD,6.0,2967.25,17803.5,EAST,Rohan Agarwal,Amazon Pay
AMZ101076,2024-06-11,Clothing,Men's T-Shirt,10.0,2054.57,20545.7,east,Imran Nair,UPI
AMZ104438,2024-03-18,Electronics,Bluetooth Speaker,3.0,5329.25,15987.75,south,Shreya Joshi,Cash on Delivery
AMZ100237,2023-12-06,Office Products,Desk Organizer,4.0,502.66,2010.64,East,Lakshmi Verma,Debit Card
AMZ101737,2024-08-30,Electronics,Wireless Earbuds,8.0,3228.38,25827.04,SOUTH,Sanjay Bhatt,Debit Card
AMZ103494,2024-03-10,Home & Kitchen,Electric Kettle,7.0,4886.38,34204.66,CENTRAL ,Divya Chatterjee,Cash on Delivery
AMZ103161,2024-12-10,Grocery & Gourmet,Instant Coffee Jar,9.0,341.08,3069.72, West,Ritu Chatterjee,
AMZ104495,2024-08-01,Books,Cookbook,7.0,109.11,763.77,central,Zoya Reddy,Net Banking
AMZ104009,2023-11-16,Clothing,Men's T-Shirt,4.0,1465.31,5861.24,North,Nikhil Gupta,UPI
AMZ104636,2023-07-01,Books,Self-Help Book,5.0,685.81,3429.05,EAST,Vikram Verma,Net Banking
AMZ105618,2023-01-23,Office Products,Gel Pens Set,5.0,562.13,2810.65,East,Shreya Kumar,Debit Card
AMZ105255,2024-09-01,Sports & Fitness,Badminton Racket,1.0,1190.91,1190.91,West,Neha Singh,Cash on Delivery
AMZ105793,2024-10-09,Beauty & Personal Care,Sunscreen SPF50,10.0,254.2,2542.0,west,Vivek Rao,Amazon Pay
AMZ105758,2023-04-11,Office Products,Whiteboard Marker Set,3.0,727.77,2183.31,CENTRAL ,Lakshmi Sharma,Debit Card
AMZ104082,2023-07-18,Grocery & Gourmet,Instant Coffee Jar,4.0,165.06,660.24,Central,,Debit Card
AMZ103519,2023-08-07,Furniture,Bean Bag,5.0,9284.52,46422.6,south,Sanjay Chatterjee,Debit Card
AMZ104651,2024-05-06,Furniture,Office Chair,10.0,9444.76,94447.6,EAST,Sanjay Kumar,Amazon Pay
AMZ103213,2024-08-16,Office Products,Stapler,7.0,124.66,872.62, West,Zoya Nair,Net Banking
AMZ105578,2024-03-01,Furniture,Bedside Table,5.0,10786.29,53931.45,East,Nikhil Joshi,Credit Card
AMZ105150,2024-05-10,Sports & Fitness,Skipping Rope,7.0,243.39,1703.73, North,Vikram Rao,Debit Card
AMZ102737,2024-11-05,Books,Cookbook,7.0,681.09,4767.63,NORTH,Nikhil Verma,Amazon Pay
AMZ104915,2024-09-16,Books,Programming Guide,3.0,446.19,1338.57,central,Neha Gupta,Credit Card
AMZ103456,2024-02-15,Electronics,Wireless Earbuds,4.0,2320.31,9281.24,South ,Arjun Malhotra,UPI
AMZ104404,2024-02-28,Office Products,Whiteboard Marker Set,2.0,367.03,734.06,South,Manoj Chatterjee,Amazon Pay
AMZ103837,2024-03-25,Clothing,Yoga Pants,7.0,1099.91,7699.37,west,Aditya Pillai,Cash on Delivery
AMZ100307,2023-04-28,Beauty & Personal Care,Perfume 100ml,6.0,1825.18,10951.08,,Vikram Gupta,UPI
AMZ101150,2023-11-02,Books,Cookbook,4.0,384.95,1539.8, West,Isha Patel,Net Banking
AMZ103313,2023-09-19,Books,Children's Story Book,7.0,305.67,2139.69, West,Suresh Verma,
AMZ104933,2024-09-20,Clothing,Casual Sneakers,6.0,675.18,4051.08,,Divya Kapoor,Net Banking
AMZ100221,2024-12-26,Beauty & Personal Care,Perfume 100ml,5.0,1271.76,6358.8,,Deepak Joshi,Net Banking
AMZ103108,2023-04-04,Books,Biography,4.0,813.71,3254.84,central,Zoya Reddy,Cash on Delivery
AMZ104155,2023-08-08,Furniture,Bookshelf,10.0,10736.27,107362.7,NORTH,Neha Menon,Credit Card
AMZ102642,2024-11-02,Sports & Fitness,Resistance Bands,1.0,1055.8,1055.8,central,Rohan Verma,Credit Card
AMZ105467,2023-07-30,Home & Kitchen,Bed Sheet Set,6.0,709.98,4259.88,central,Aditya Pillai,UPI
AMZ100963,2024-08-29,Toys & Games,Remote Control Car,8.0,1250.27,10002.16,CENTRAL ,Ritu Patel,Amazon Pay
AMZ104841,2024-01-16,Toys & Games,Puzzle 1000pc,4.0,1948.42,7793.68,SOUTH,Divya Pillai,Cash on Delivery
AMZ104668,2024-04-24,Clothing,Yoga Pants,2.0,676.55,1353.1,CENTRAL ,Divya Agarwal,Credit Card
AMZ102512,2024-06-03,Sports & Fitness,Dumbbell Set,4.0,2549.99,10199.96,south,Tanvi Patel,Cash on Delivery
AMZ100949,2023-07-22,Office Products,Desk Organizer,4.0,584.4,2337.6,NORTH,Zoya Joshi,UPI
AMZ100940,2023-08-12,Office Products,Gel Pens Set,5.0,963.28,4816.4, West,Pooja Patel,UPI
AMZ103191,2024-08-25,Toys & Games,Soft Toy,4.0,1240.99,4963.96, West,Pooja Iyer,Cash on Delivery
AMZ101871,2023-02-05,Office Products,Printer Paper A4,2.0,56.12,112.24,NORTH,Nikhil Bose,Amazon Pay
AMZ103661,2024-05-24,Clothing,Running Shoes,8.0,746.25,5970.0,SOUTH,Pooja Chatterjee,UPI
AMZ102694,2023-02-16,Toys & Games,Puzzle 1000pc,10.0,1651.98,16519.8,EAST,Kavya Singh,Credit Card
AMZ104979,2023-11-25,Clothing,Women's Kurti,7.0,1858.7,13010.9,West,Isha Bhatt,Credit Card
AMZ102068,2023-11-05,Grocery & Gourmet,Instant Coffee Jar,,237.07,,east,Pooja Reddy,Credit Card
AMZ105471,2023-11-05,Office Products,Whiteboard Marker Set,6.0,454.24,2725.44,South ,Anusha Iyer,Cash on Delivery
AMZ101601,2023-02-08,Furniture,Study Table,5.0,9061.88,45309.4,SOUTH,Neha Kapoor,Amazon Pay
AMZ102727,2023-05-05,Grocery & Gourmet,Honey 500g,4.0,128.61,514.44,South,Aditya Agarwal,Debit Card
AMZ102524,2024-02-13,Grocery & Gourmet,Honey 500g,-4.0,336.05,1344.2,central,Manoj Bhatt,Cash on Delivery
AMZ103040,2024-12-28,Office Products,Whiteboard Marker Set,3.0,157.63,472.89,EAST,Vikram Verma,UPI
AMZ102000,2024-01-06,Clothing,Running Shoes,9.0,2340.51,21064.59, West,Divya Kapoor,Debit Card
AMZ104193,2024-11-13,Beauty & Personal Care,Face Wash,1.0,1390.17,1390.17,South ,Ritu Chatterjee,Cash on Delivery
AMZ101458,2023-12-11,Grocery & Gourmet,Green Tea Pack,6.0,483.69,2902.14,south,Sneha Kumar,Credit Card
AMZ100902,2024-04-10,Grocery & Gourmet,Cooking Oil 1L,5.0,707.36,3536.8,central,Ananya Gupta,Net Banking
AMZ101964,2024-07-13,Toys & Games,Remote Control Car,4.0,949.75,3799.0,east,Isha Chatterjee,Net Banking
AMZ102572,2023-02-24,Toys & Games,Building Blocks Set,7.0,752.4,5266.8,CENTRAL ,Priya Kapoor,Credit Card
AMZ104510,2024-04-13,Sports & Fitness,Yoga Mat,5.0,1919.34,9596.7, West,Nikhil Gupta,Cash on Delivery
AMZ105107,2023-01-24,Clothing,Running Shoes,1.0,604.19,604.19,South,Arjun Patel,Debit Card
AMZ104790,2024-09-13,Furniture,Bean Bag,6.0,8206.49,49238.94,Central,Deepak Sharma,Credit Card
AMZ100159,2023-11-23,Office Products,Notebook Pack,2.0,801.37,1602.74,SOUTH,Lakshmi Rao,UPI
AMZ104249,2024-06-19,Clothing,Casual Sneakers,2.0,2397.15,4794.3, North,Suresh Kapoor,UPI
AMZ100426,2024-08-19,Clothing,Men's T-Shirt,1.0,651.32,651.32,SOUTH,Pooja Das,Debit Card
AMZ105179,2023-09-14,Sports & Fitness,Resistance Bands,5.0,1750.44,8752.2,East,,Debit Card
AMZ101855,2024-10-24,Home & Kitchen,Bed Sheet Set,10.0,4750.01,47500.1, West,Nikhil Reddy,Credit Card
AMZ100529,2023-12-30,Furniture,Bedside Table,1.0,1776.59,1776.59,SOUTH,Anusha Menon,Debit Card
AMZ100728,2024-03-26,Home & Kitchen,Air Fryer,4.0,1056.88,4227.52,CENTRAL ,Ananya Malhotra,Debit Card
AMZ104658,2024-10-12,Beauty & Personal Care,Face Serum,10.0,1212.37,12123.7,West,Priya Verma,Net Banking
AMZ102116,2023-02-14,Clothing,Men's T-Shirt,6.0,2202.7,13216.2,central,Pooja Chatterjee,UPI
AMZ101960,2024-06-22,Home & Kitchen,Vacuum Cleaner,5.0,1140.86,5704.3,east,Kavya Reddy,Credit Card
AMZ104874,2024-07-22,Clothing,Casual Sneakers,1.0,1897.35,1897.35,Central,Manoj Kapoor,UPI
AMZ100737,2023-08-05,Toys & Games,Soft Toy,8.0,693.12,5544.96,CENTRAL ,Zoya Pillai,Net Banking
AMZ103396,2024-09-23,Electronics,Smart Watch,5.0,3632.24,18161.2,Central,Isha Kapoor,Credit Card
AMZ105101,2024-03-02,Beauty & Personal Care,Trimmer,10.0,1806.28,18062.8,NORTH,Sneha Singh,Cash on Delivery
AMZ100705,2023-07-22,Clothing,Winter Hoodie,6.0,787.95,4727.7, North,Anusha Gupta,Amazon Pay
AMZ103788,2024-12-03,Office Products,Printer Paper A4,4.0,289.56,1158.24,NORTH,Shreya Pillai,Cash on Delivery
AMZ105813,2024-01-11,Clothing,Denim Jacket,5.0,2495.73,12478.65,central,Shreya Bhatt,Amazon Pay
AMZ105398,2023-02-18,Grocery & Gourmet,Basmati Rice 5kg,1.0,181.61,181.61,EAST,Imran Kumar,Debit Card
AMZ101536,2023-02-12,Furniture,Bean Bag,9.0,3231.36,29082.24,west,Suresh Das,Net Banking
AMZ105262,2024-10-30,Electronics,Wireless Mouse,7.0,4571.32,31999.24,north,Aditya Verma,Amazon Pay
AMZ100202,2024-08-10,Clothing,Women's Kurti,7.0,1888.89,13222.23,North,Tanvi Joshi,Cash on Delivery
AMZ100689,2023-10-15,Toys & Games,Remote Control Car,3.0,1952.56,5857.68,East,Arjun Gupta,UPI
AMZ100840,2023-08-18,Office Products,Printer Paper A4,4.0,567.5,2270.0,South,Vikram Chatterjee,Amazon Pay
AMZ102143,2024-01-11,Beauty & Personal Care,Face Serum,2.0,1759.65,3519.3,south,Lakshmi Kapoor,
AMZ103931,2023-01-24,Electronics,Portable SSD,6.0,4382.35,26294.1,NORTH,Arjun Joshi,UPI
AMZ104540,2024-07-02,Clothing,Denim Jacket,10.0,1921.21,19212.1,West,Deepak Nair,Amazon Pay
AMZ101575,2024-11-04,Electronics,Smart Watch,9.0,5052.23,45470.07, North,Ritu Reddy,Credit Card
AMZ100842,2024-04-27,Toys & Games,Building Blocks Set,1.0,733.73,733.73,central,Lakshmi Joshi,Net Banking
AMZ100351,2023-08-10,Office Products,Printer Paper A4,10.0,540.15,5401.5,SOUTH,Karthik Kumar,Cash on Delivery
AMZ101968,2023-06-10,Home & Kitchen,Air Fryer,5.0,2977.9,14889.5,west,Ritu Singh,Net Banking
AMZ102669,2024-06-14,Furniture,Study Table,9.0,5007.75,45069.75,SOUTH,Karthik Rao,UPI
AMZ104738,2023-11-30,Sports & Fitness,Dumbbell Set,4.0,2218.54,8874.16, North,Lakshmi Patel,Debit Card
AMZ102956,2024-12-27,Home & Kitchen,Non-Stick Pan Set,4.0,1807.01,7228.04,South ,Shreya Joshi,Amazon Pay
AMZ100163,2023-12-23,Toys & Games,Building Blocks Set,4.0,718.0,2872.0,central,Isha Patel,Credit Card
AMZ103482,2023-06-02,Office Products,Notebook Pack,9.0,261.83,2356.47,SOUTH,Rohan Reddy,Debit Card
AMZ104639,2023-06-07,Home & Kitchen,Storage Containers,2.0,4236.46,8472.92,east,Ritu Sharma,Credit Card
AMZ102707,2023-12-24,Furniture,Office Chair,10.0,12777.97,127779.7,North,Arjun Patel,Amazon Pay
AMZ102181,2024-02-13,Home & Kitchen,Blender,6.0,666.08,3996.48, West,Aditya Kumar,Amazon Pay
AMZ100295,2024-07-29,Clothing,Denim Jacket,7.0,709.42,4965.94,east,Tanvi Das,Net Banking
AMZ104645,2023-09-26,Clothing,Yoga Pants,3.0,2320.64,6961.92,,Yash Kapoor,Amazon Pay
AMZ105504,2024-06-25,Furniture,Office Chair,1.0,2545.26,2545.26,East,Farhan Joshi,Amazon Pay
AMZ100496,2024-03-23,Beauty & Personal Care,Hair Dryer,1.0,1883.4,1883.4,EAST,Kavya Menon,Cash on Delivery
AMZ101760,2024-05-08,Grocery & Gourmet,Instant Coffee Jar,,191.16,, North,Aditya Kapoor,Net Banking
AMZ104828,2024-10-17,Beauty & Personal Care,Face Wash,5.0,1804.98,9024.9,SOUTH,Farhan Reddy,Amazon Pay
AMZ101328,2023-10-20,Electronics,Laptop Stand,6.0,4048.76,24292.56,CENTRAL ,Ananya Joshi,UPI
AMZ102638,2024-03-04,Sports & Fitness,Yoga Mat,5.0,1954.22,9771.1,CENTRAL ,Aditya Joshi,Net Banking
AMZ103201,2023-12-30,Books,Cookbook,6.0,303.05,1818.3,north,Neha Kapoor,Debit Card
AMZ104881,2024-10-22,Grocery & Gourmet,Cooking Oil 1L,10.0,810.56,8105.6,West,Zoya Kapoor,Debit Card
AMZ103911,2023-03-05,Office Products,Stapler,6.0,375.38,2252.28,CENTRAL ,Rohan Bhatt,
AMZ101203,2024-12-08,Toys & Games,Soft Toy,5.0,1142.66,5713.3,South ,Ananya Patel,Debit Card
AMZ102195,2023-12-07,Home & Kitchen,LED Desk Lamp,7.0,1741.39,12189.73,CENTRAL ,Anusha Gupta,Cash on Delivery
AMZ102440,2023-01-16,Beauty & Personal Care,Lipstick Set,10.0,1709.88,17098.8,west,Ritu Nair,Credit Card
AMZ101887,2024-06-07,Books,Self-Help Book,9.0,764.66,6881.94,SOUTH,Yash Pillai,Credit Card
AMZ100081,2023-09-22,Beauty & Personal Care,Face Serum,6.0,1177.37,7064.22,,Neha Singh,UPI
AMZ102485,2023-05-29,Clothing,Women's Kurti,8.0,1788.67,14309.36,EAST,Tanvi Malhotra,UPI
AMZ100931,2023-10-03,Electronics,Portable SSD,2.0,4838.5,9677.0,West,Manoj Reddy,Credit Card
AMZ100599,2023-08-16,Toys & Games,Building Blocks Set,9.0,722.79,6505.11,South,Ritu Verma,Credit Card
AMZ105777,2024-12-30,Beauty & Personal Care,Lipstick Set,10.0,1549.48,15494.8,East,Manoj Nair,Debit Card
AMZ100414,2024-12-08,Furniture,Bean Bag,4.0,9531.72,38126.88, North,Manoj Patel,Cash on Delivery
AMZ103585,2023-06-04,Home & Kitchen,Electric Kettle,9.0,2391.13,21520.17, North,Zoya Pillai,Net Banking
AMZ101060,2023-02-08,Clothing,Casual Sneakers,1.0,987.71,987.71,south,Imran Verma,Cash on Delivery
AMZ102513,2023-05-22,Clothing,Women's Kurti,7.0,1541.0,10787.0,east,Nikhil Das,Cash on Delivery
AMZ101986,2024-10-19,Beauty & Personal Care,Hair Dryer,2.0,730.92,1461.84,South ,Sneha Malhotra,Cash on Delivery
AMZ103520,2023-06-26,Grocery & Gourmet,Green Tea Pack,6.0,430.9,2585.4,south,Sanjay Iyer,Amazon Pay
AMZ105638,2024-10-07,Furniture,Bean Bag,9.0,4684.18,42157.62,EAST,Nikhil Kumar,UPI
AMZ105035,2024-05-03,Home & Kitchen,Storage Containers,10.0,3565.64,35656.4, North,Imran Chatterjee,Credit Card
AMZ102005,2023-10-16,Clothing,Running Shoes,6.0,816.53,4899.18,South ,Vivek Kumar,Debit Card
AMZ104389,2024-02-16,Office Products,Whiteboard Marker Set,5.0,259.67,1298.35, West,Manoj Gupta,Net Banking
AMZ102342,2024-08-20,Clothing,Casual Sneakers,7.0,1521.92,10653.44,South ,Pooja Joshi,Debit Card
AMZ104488,2023-03-28,Home & Kitchen,Non-Stick Pan Set,8.0,3328.33,26626.64,South ,Lakshmi Patel,Amazon Pay
AMZ100735,2024-10-29,Electronics,Power Bank,6.0,700.67,4204.02,South ,Isha Joshi,Net Banking
AMZ103900,2024-03-19,Electronics,Laptop Stand,3.0,2641.89,7925.67,North,Rahul Gupta,Net Banking
AMZ102419,2023-05-05,Toys & Games,Soft Toy,5.0,1092.29,5461.45, West,Farhan Gupta,UPI
AMZ101715,2024-10-10,Toys & Games,Puzzle 1000pc,6.0,1772.59,10635.54, West,Rahul Das,UPI
AMZ101533,2024-11-04,Home & Kitchen,Air Fryer,2.0,1430.77,2861.54,north,Neha Pillai,Net Banking
AMZ102916,2023-12-27,Sports & Fitness,Badminton Racket,8.0,2378.01,19024.08,South,Lakshmi Verma,UPI
AMZ101963,2023-07-04,Electronics,Wireless Earbuds,7.0,1107.03,7749.21,NORTH,Deepak Nair,UPI
AMZ102282,2023-09-12,Clothing,Women's Kurti,9.0,782.24,7040.16, West,Ritu Malhotra,Debit Card
AMZ101984,2024-02-20,Books,Children's Story Book,7.0,131.48,920.36,SOUTH,Manoj Agarwal,Cash on Delivery
AMZ103859,2023-02-12,Beauty & Personal Care,Face Serum,8.0,1758.88,14071.04,West,Pooja Sharma,Debit Card
AMZ100633,2024-08-16,Toys & Games,Remote Control Car,4.0,1624.97,6499.88,EAST,Farhan Bhatt,Credit Card
AMZ102075,2023-12-01,Clothing,Women's Kurti,8.0,1998.94,15991.52,west,Shreya Nair,UPI
AMZ101623,2024-06-10,Clothing,Denim Jacket,2.0,2103.92,4207.84,East,Imran Joshi,Cash on Delivery
AMZ100615,2024-06-05,Furniture,Bedside Table,1.0,11192.99,11192.99, North,Nikhil Bose,UPI
AMZ101053,2023-08-08,Toys & Games,Remote Control Car,7.0,1470.15,10291.05,west,Karthik Bose,Credit Card
AMZ103093,2023-01-09,Home & Kitchen,LED Desk Lamp,10.0,3736.77,37367.7,East,Yash Nair,Debit Card
AMZ105253,2023-11-29,Clothing,Formal Shirt,7.0,1846.82,12927.74,EAST,Kavya Iyer,
AMZ102490,2024-05-16,Sports & Fitness,Skipping Rope,9.0,1041.43,9372.87,east,Tanvi Singh,Amazon Pay
AMZ103117,2023-12-13,Grocery & Gourmet,Basmati Rice 5kg,2.0,238.8,477.6,east,Vikram Nair,Amazon Pay
AMZ100945,2024-04-28,Grocery & Gourmet,Almonds 500g,8.0,629.09,5032.72,central,Lakshmi Singh,Credit Card
AMZ102390,2024-07-21,Furniture,Study Table,1.0,11661.7,11661.7,CENTRAL ,Rahul Kumar,Cash on Delivery
AMZ100861,2024-03-31,Furniture,Bean Bag,1.0,6094.52,6094.52,South ,Kavya Reddy,Amazon Pay
AMZ105738,2024-01-31,Books,Fiction Novel,1.0,894.7,894.7,South ,Sanjay Chatterjee,Debit Card
AMZ100886,2023-11-21,Grocery & Gourmet,Basmati Rice 5kg,3.0,663.64,1990.92,North,Farhan Pillai,UPI
AMZ105596,2023-01-02,Toys & Games,Puzzle 1000pc,9.0,745.56,6710.04,North,Nikhil Kumar,UPI
AMZ104447,2023-01-20,Home & Kitchen,Storage Containers,1.0,2586.32,2586.32,SOUTH,Zoya Joshi,Amazon Pay
AMZ103127,2023-10-24,Grocery & Gourmet,Honey 500g,2.0,583.62,1167.24,south,Ananya Bhatt,Net Banking
AMZ100176,2024-10-24,Furniture,Bean Bag,4.0,11895.05,47580.2, North,Suresh Agarwal,Cash on Delivery
AMZ105567,2023-09-07,Toys & Games,Soft Toy,9.0,1581.4,14232.6,SOUTH,,UPI
AMZ102367,2023-02-06,Sports & Fitness,Skipping Rope,5.0,2733.69,13668.45,West,Farhan Malhotra,Credit Card
AMZ105512,2023-04-02,Toys & Games,Soft Toy,3.0,595.61,1786.83, West,Imran Kumar,Credit Card
AMZ102789,2023-08-08,Books,Programming Guide,7.0,122.68,858.76,east,Arjun Kapoor,Amazon Pay
AMZ101216,2024-12-04,Toys & Games,Soft Toy,10.0,284.38,2843.8,East,Tanvi Das,Credit Card
AMZ100711,2024-01-08,Furniture,Bedside Table,8.0,9914.8,79318.4,,Neha Agarwal,Debit Card
AMZ100506,2024-06-06,Home & Kitchen,Air Fryer,9.0,1064.24,9578.16,South ,Ritu Kumar,Credit Card
AMZ102017,2023-05-08,Beauty & Personal Care,Perfume 100ml,4.0,437.73,1750.92,east,Lakshmi Kapoor,Cash on Delivery
AMZ100844,2023-02-14,Furniture,Bean Bag,2.0,12479.71,24959.42,south,Priya Kapoor,Amazon Pay
AMZ102766,2024-10-11,Office Products,Whiteboard Marker Set,5.0,252.4,1262.0,south,Ananya Iyer,Credit Card
AMZ103844,2023-03-17,Books,Cookbook,5.0,212.83,1064.15,south,Sanjay Rao,Amazon Pay
AMZ103444,2024-04-18,Furniture,Bookshelf,1.0,3408.97,3408.97,,Yash Rao,Net Banking
AMZ105194,2023-09-16,Home & Kitchen,Vacuum Cleaner,1.0,3989.62,3989.62,South ,Priya Nair,Net Banking
AMZ104522,2024-06-15,Toys & Games,Building Blocks Set,5.0,702.51,3512.55,CENTRAL ,Karthik Patel,Credit Card
AMZ105108,2023-07-25,Beauty & Personal Care,Face Serum,8.0,258.4,2067.2,south,Ananya Rao,
AMZ101840,2024-11-21,Clothing,Formal Shirt,4.0,1694.72,6778.88,north,Priya Bhatt,Cash on Delivery
AMZ104364,2023-07-26,Grocery & Gourmet,Green Tea Pack,5.0,779.09,3895.45,Central,Suresh Patel,UPI
AMZ103616,2023-01-14,Electronics,Mechanical Keyboard,4.0,5602.75,22411.0,South,Vivek Sharma,Amazon Pay
AMZ103359,2024-09-15,Clothing,Winter Hoodie,7.0,750.79,5255.53,Central,Aditya Pillai,UPI
AMZ105117,2023-04-24,Furniture,Bean Bag,7.0,2633.82,18436.74, West,Anusha Gupta,Cash on Delivery
AMZ100938,2024-06-25,Office Products,Notebook Pack,10.0,79.46,794.6,north,Rahul Nair,Cash on Delivery
AMZ101936,2024-04-03,Office Products,Whiteboard Marker Set,2.0,321.72,643.44,EAST,Karthik Iyer,Amazon Pay
AMZ100943,2023-01-03,Clothing,Men's T-Shirt,5.0,1103.36,5516.8,central,Zoya Rao,Net Banking
AMZ105598,2024-01-11,Clothing,Formal Shirt,8.0,1030.78,8246.24,north,Ananya Kapoor,Cash on Delivery
AMZ101303,2024-08-26,Beauty & Personal Care,Perfume 100ml,7.0,312.31,2186.17,East,Aditya Verma,Amazon Pay
AMZ104984,2023-12-31,Beauty & Personal Care,Hair Dryer,3.0,1754.66,5263.98,North,Suresh Iyer,Amazon Pay
AMZ102393,2024-10-31,Furniture,Study Table,4.0,12376.3,49505.2,east,Zoya Rao,Amazon Pay
AMZ100904,2023-12-03,Office Products,Gel Pens Set,5.0,399.76,1998.8,South,Vivek Bhatt,Credit Card
AMZ103763,2024-10-19,Sports & Fitness,Dumbbell Set,10.0,1537.53,15375.3,north,Shreya Kumar,Credit Card
AMZ100273,2024-07-17,Home & Kitchen,Bed Sheet Set,3.0,2240.26,6720.78,EAST,Vikram Sharma,Net Banking
AMZ104680,2024-04-18,Books,Biography,3.0,624.03,1872.09,central,Imran Singh,Net Banking
AMZ100719,2024-06-06,Office Products,Printer Paper A4,4.0,941.43,3765.72,West,Rohan Menon,UPI
AMZ104256,2024-03-24,Clothing,Denim Jacket,5.0,1694.12,8470.6,east,Manoj Iyer,Cash on Delivery
AMZ100280,2023-01-11,Toys & Games,Board Game,6.0,272.28,1633.68, West,Deepak Verma,Net Banking
AMZ103198,2023-09-07,Grocery & Gourmet,Cooking Oil 1L,6.0,447.72,2686.32,north,Ananya Das,Amazon Pay
AMZ103028,2024-06-07,Books,Children's Story Book,10.0,323.82,3238.2,east,Lakshmi Reddy,Amazon Pay
AMZ101243,2024-02-10,Clothing,Formal Shirt,1.0,2066.65,2066.65,North,Zoya Bhatt,Net Banking
AMZ102139,2024-08-21,Beauty & Personal Care,Lipstick Set,8.0,1059.31,8474.48, West,Priya Das,Cash on Delivery
AMZ104604,2024-05-21,Grocery & Gourmet,Almonds 500g,3.0,476.1,1428.3,CENTRAL ,Sanjay Nair,UPI
AMZ104801,2023-06-11,Sports & Fitness,Resistance Bands,9.0,1127.03,10143.27,SOUTH,Neha Verma,Amazon Pay
AMZ101634,2024-08-30,Home & Kitchen,Bed Sheet Set,6.0,2516.03,15096.18,East,Divya Agarwal,
AMZ102012,2023-06-04,Grocery & Gourmet,Almonds 500g,7.0,859.72,6018.04, North,Pooja Das,Cash on Delivery
AMZ104029,2023-10-01,Office Products,Notebook Pack,5.0,313.04,1565.2,South ,Divya Malhotra,Net Banking
AMZ103743,2023-08-03,Sports & Fitness,Resistance Bands,5.0,2427.05,12135.25,EAST,Yash Malhotra,Credit Card
AMZ102922,2024-07-15,Electronics,Power Bank,5.0,1491.09,7455.45,SOUTH,Rohan Gupta,Amazon Pay
AMZ103203,2024-10-16,Home & Kitchen,Blender,1.0,,, West,Shreya Verma,Credit Card
AMZ102605,2023-11-20,Clothing,Men's T-Shirt,3.0,953.47,2860.41,CENTRAL ,Rohan Chatterjee,Amazon Pay
AMZ100483,2023-10-09,Grocery & Gourmet,Basmati Rice 5kg,6.0,273.71,1642.26,North,Pooja Nair,Net Banking
AMZ105307,2023-10-02,Home & Kitchen,Storage Containers,5.0,1477.22,7386.1,East,Yash Pillai,UPI
AMZ100567,2024-05-28,Home & Kitchen,Non-Stick Pan Set,3.0,4020.18,12060.54,east,Nikhil Kumar,UPI
AMZ104550,2024-04-10,Office Products,Gel Pens Set,4.0,757.6,3030.4,EAST,Priya Singh,Credit Card
AMZ100285,2023-04-20,Beauty & Personal Care,Lipstick Set,7.0,486.46,3405.22,SOUTH,Lakshmi Agarwal,Cash on Delivery
AMZ102324,2024-01-28,Furniture,Office Chair,10.0,12913.44,129134.4,EAST,Sneha Gupta,Cash on Delivery
AMZ104035,2024-08-09,Beauty & Personal Care,Face Serum,9.0,301.98,2717.82,South,Divya Chatterjee,UPI
AMZ101913,2023-09-15,Beauty & Personal Care,Lipstick Set,6.0,1243.02,7458.12,NORTH,Isha Verma,Cash on Delivery
AMZ102868,2024-03-29,Sports & Fitness,Badminton Racket,8.0,2309.02,18472.16,South,Suresh Pillai,UPI
AMZ105017,2023-03-28,Furniture,Study Table,1.0,8957.08,8957.08,West,Sanjay Sharma,Net Banking
AMZ103897,2023-01-07,Grocery & Gourmet,Honey 500g,8.0,820.93,6567.44,north,Vivek Verma,Credit Card
AMZ105191,2024-10-21,Clothing,Formal Shirt,8.0,1974.88,15799.04, North,Neha Bhatt,UPI
AMZ102552,2023-02-27,Furniture,Bean Bag,6.0,5620.02,33720.12,east,Anusha Bhatt,Debit Card
AMZ101350,2024-11-11,Grocery & Gourmet,Almonds 500g,7.0,395.47,2768.29,South ,Rohan Verma,Credit Card
AMZ102880,2024-01-16,Electronics,Wireless Mouse,5.0,1368.0,6840.0,south,Karthik Das,UPI
AMZ100229,2023-03-07,Home & Kitchen,Non-Stick Pan Set,1.0,2918.69,2918.69, North,Imran Chatterjee,Net Banking
AMZ100667,2024-06-17,Home & Kitchen,Air Fryer,5.0,2681.4,13407.0,north,Neha Patel,Credit Card
AMZ105156,2024-01-30,Sports & Fitness,Skipping Rope,9.0,2632.18,23689.62,east,Priya Gupta,Amazon Pay
AMZ103821,2024-04-23,Clothing,Casual Sneakers,6.0,872.59,5235.54,East,Aditya Reddy,Amazon Pay
AMZ104295,2023-11-19,Home & Kitchen,Vacuum Cleaner,2.0,1022.13,2044.26,central,Zoya Reddy,Credit Card
AMZ103972,2024-05-01,Books,Fiction Novel,3.0,513.3,1539.9,East,Ritu Rao,Debit Card
AMZ105617,2024-02-23,Sports & Fitness,Cricket Bat,6.0,3035.23,18211.38,East,Pooja Joshi,Amazon Pay
AMZ105234,2024-07-31,Beauty & Personal Care,Trimmer,10.0,1659.45,16594.5,NORTH,Ananya Agarwal,UPI
AMZ103868,2023-01-24,Electronics,Wireless Mouse,9.0,5721.64,51494.76,Central,Isha Verma,Net Banking
AMZ102958,2023-10-19,Office Products,Printer Paper A4,5.0,791.17,3955.85,CENTRAL ,Manoj Patel,Amazon Pay
AMZ101962,2023-11-16,Books,Self-Help Book,8.0,432.2,3457.6,west,Suresh Iyer,UPI
AMZ100785,2023-12-06,Office Products,Printer Paper A4,5.0,646.22,3231.1,NORTH,Vivek Bhatt,Credit Card
AMZ105797,2024-06-23,Clothing,Casual Sneakers,4.0,1457.22,5828.88, West,Arjun Verma,Cash on Delivery
AMZ102733,2023-04-08,Toys & Games,Puzzle 1000pc,3.0,317.13,951.39,North,Sneha Chatterjee,UPI
AMZ100288,2023-04-20,Furniture,Office Chair,10.0,2457.02,24570.2,West,Arjun Kapoor,Cash on Delivery
AMZ105573,2023-05-25,Books,Self-Help Book,4.0,202.97,811.88,South ,Sanjay Bose,Amazon Pay
AMZ103322,2023-10-09,Sports & Fitness,Resistance Bands,7.0,2558.95,17912.65,North,Meera Chatterjee,Amazon Pay
AMZ104876,2023-01-06,Toys & Games,Puzzle 1000pc,6.0,1165.72,6994.32,west,Anusha Bhatt,Debit Card
AMZ101846,2023-12-29,Office Products,Gel Pens Set,7.0,684.51,4791.57,south,Ritu Chatterjee,Credit Card
AMZ103522,2024-10-19,Electronics,Smart Watch,6.0,2088.79,12532.74,EAST,Deepak Nair,Net Banking
AMZ104291,2023-12-02,Sports & Fitness,Cricket Bat,7.0,2931.68,20521.76,West,Neha Kumar,UPI
AMZ100315,2024-02-26,Beauty & Personal Care,Lipstick Set,4.0,1931.67,7726.68,East,Arjun Verma,UPI
AMZ103461,2024-09-22,Books,Self-Help Book,4.0,775.03,3100.12,NORTH,Imran Chatterjee,UPI
AMZ103538,2024-04-16,Electronics,Bluetooth Speaker,,1876.55,,South,Sneha Kapoor,Amazon Pay
AMZ100729,2023-02-09,Grocery & Gourmet,Cooking Oil 1L,1.0,883.25,883.25,North,Imran Rao,Net Banking
AMZ105545,2024-10-02,Electronics,Wireless Earbuds,9.0,1268.98,11420.82,CENTRAL ,Lakshmi Kumar,Amazon Pay
AMZ102236,2023-09-08,Office Products,Desk Organizer,3.0,219.21,657.63, West,Pooja Nair,UPI
AMZ100308,2023-11-07,Furniture,Office Chair,7.0,1478.98,10352.86,north,Arjun Pillai,Debit Card
AMZ104698,2024-12-19,Office Products,Whiteboard Marker Set,5.0,643.14,3215.7, West,Vivek Kapoor,
AMZ100117,2024-10-16,Grocery & Gourmet,Cooking Oil 1L,7.0,180.11,1260.77,North,Divya Malhotra,Debit Card
AMZ101567,2023-02-28,Beauty & Personal Care,Face Wash,6.0,745.23,4471.38,central,Vivek Bhatt,Credit Card
AMZ105611,2024-05-18,Electronics,Smart Watch,7.0,2536.5,17755.5,central,Anusha Sharma,Credit Card
AMZ100541,2024-02-01,Electronics,Portable SSD,8.0,4153.48,33227.84,SOUTH,Sneha Verma,Debit Card
AMZ101116,2024-07-12,Toys & Games,Building Blocks Set,9.0,1264.41,11379.69,NORTH,Yash Iyer,Amazon Pay
AMZ102200,2024-12-09,Toys & Games,Building Blocks Set,8.0,1165.61,9324.88,south,Shreya Bose,UPI
AMZ102100,2023-08-10,Grocery & Gourmet,Almonds 500g,5.0,890.89,4454.45,SOUTH,Tanvi Patel,Net Banking
AMZ100574,2024-12-21,Beauty & Personal Care,Hair Dryer,3.0,440.09,1320.27,EAST,Rohan Chatterjee,UPI
AMZ101274,2024-03-31,Sports & Fitness,Resistance Bands,7.0,1554.13,10878.91,central,Vikram Nair,Credit Card
AMZ103100,2023-04-09,Home & Kitchen,LED Desk Lamp,7.0,1031.16,7218.12,,Zoya Joshi,Amazon Pay
AMZ103896,2023-07-01,Home & Kitchen,Non-Stick Pan Set,10.0,2495.56,24955.6,Central,Arjun Gupta,Cash on Delivery
AMZ100449,2023-09-23,Sports & Fitness,Cricket Bat,8.0,2418.97,19351.76,SOUTH,Nikhil Bose,Debit Card
AMZ100394,2024-11-15,Furniture,Study Table,7.0,9329.27,65304.89,NORTH,Neha Chatterjee,Cash on Delivery
AMZ102858,2023-06-06,Grocery & Gourmet,Basmati Rice 5kg,6.0,593.23,3559.38,central,Deepak Verma,Cash on Delivery
AMZ100474,2024-12-15,Books,Programming Guide,5.0,458.73,2293.65,NORTH,Anusha Patel,Cash on Delivery
AMZ100266,2024-08-06,Books,Self-Help Book,9.0,328.73,2958.57,north,Pooja Bhatt,Amazon Pay
AMZ105034,2023-01-04,Grocery & Gourmet,Green Tea Pack,1.0,460.37,460.37,NORTH,Pooja Iyer,Credit Card
AMZ101407,2023-08-01,Furniture,Bedside Table,5.0,4429.38,22146.9,EAST,Ritu Kumar,UPI
AMZ104545,2024-05-21,Furniture,Bedside Table,7.0,5592.93,39150.51,,Imran Gupta,Cash on Delivery
AMZ105416,2023-01-21,Sports & Fitness,Yoga Mat,9.0,3469.98,31229.82,South,Rohan Verma,UPI
AMZ104031,2023-04-05,Grocery & Gourmet,Honey 500g,4.0,777.62,3110.48,Central,Arjun Singh,UPI
AMZ104512,2023-12-14,Grocery & Gourmet,Almonds 500g,7.0,330.74,2315.18,Central,Sanjay Reddy,Credit Card
AMZ104752,2024-07-09,Office Products,Whiteboard Marker Set,8.0,994.41,7955.28,Central,Deepak Gupta,Amazon Pay
AMZ103433,2023-01-01,Sports & Fitness,Badminton Racket,9.0,1543.7,13893.3,North,Divya Menon,Net Banking
AMZ103778,2024-08-19,Office Products,Whiteboard Marker Set,3.0,822.29,2466.87,East,Ritu Kapoor,Net Banking
AMZ105535,2023-08-07,Grocery & Gourmet,Green Tea Pack,3.0,491.23,1473.69,central,Priya Verma,Cash on Delivery
AMZ104860,2024-08-31,Clothing,Denim Jacket,8.0,1899.0,15192.0,north,Suresh Rao,Credit Card
AMZ100010,2023-04-06,Sports & Fitness,Badminton Racket,10.0,1838.03,18380.3,east,Farhan Chatterjee,Credit Card
AMZ100989,2024-11-26,Beauty & Personal Care,Trimmer,4.0,806.74,3226.96,west,Meera Nair,UPI
AMZ100162,2023-10-22,Home & Kitchen,Vacuum Cleaner,1.0,2827.04,2827.04,West,Kavya Reddy,Cash on Delivery
AMZ102284,2023-02-15,Home & Kitchen,Air Fryer,5.0,1037.3,5186.5,West,Ananya Menon,Credit Card
AMZ101765,2024-04-04,Grocery & Gourmet,Honey 500g,7.0,548.24,3837.68,south,Farhan Bose,Credit Card
AMZ101837,2024-02-05,Beauty & Personal Care,Perfume 100ml,8.0,215.11,1720.88,SOUTH,Isha Sharma,Debit Card
AMZ100628,2024-06-26,Clothing,Denim Jacket,3.0,2045.13,6135.39,,Lakshmi Patel,Net Banking
AMZ102489,2023-07-27,Grocery & Gourmet,Cooking Oil 1L,8.0,232.98,1863.84,West,Vivek Sharma,Net Banking
AMZ104649,2024-09-11,Toys & Games,Soft Toy,8.0,702.97,5623.76, North,Ananya Agarwal,Cash on Delivery
AMZ103178,2023-07-31,Office Products,Gel Pens Set,2.0,140.42,280.84,CENTRAL ,Priya Kumar,UPI
AMZ102601,2023-04-25,Home & Kitchen,Non-Stick Pan Set,9.0,1822.81,16405.29,West,Lakshmi Reddy,
AMZ103891,2023-11-29,Furniture,Office Chair,9.0,2657.0,23913.0, West,Priya Iyer,Credit Card
AMZ102201,2023-07-16,Grocery & Gourmet,Honey 500g,4.0,324.75,1299.0,NORTH,Arjun Reddy,Amazon Pay
AMZ103513,2023-07-06,Furniture,Bedside Table,9.0,2486.07,22374.63,Central,Rohan Rao,Cash on Delivery
AMZ103573,2024-05-27,Office Products,Stapler,5.0,342.23,1711.15,SOUTH,Karthik Reddy,Net Banking
AMZ105321,2024-03-31,Office Products,Gel Pens Set,7.0,57.62,403.34, West,Nikhil Agarwal,Amazon Pay
AMZ104943,2023-10-27,Toys & Games,Building Blocks Set,1.0,395.79,395.79,EAST,Neha Singh,Amazon Pay
AMZ103360,2024-05-01,Books,Programming Guide,9.0,679.4,6114.6,South,Pooja Verma,Debit Card
AMZ102696,2023-12-15,Clothing,Formal Shirt,6.0,1010.05,6060.3, West,Sanjay Bhatt,Cash on Delivery
AMZ104962,2023-07-23,Books,Cookbook,4.0,638.84,2555.36,SOUTH,Sneha Rao,Amazon Pay
AMZ103033,2024-07-29,Home & Kitchen,Non-Stick Pan Set,4.0,2814.38,11257.52, West,Meera Gupta,Cash on Delivery
AMZ100707,2023-02-13,Electronics,Wireless Earbuds,4.0,5379.84,21519.36,west,Neha Joshi,Amazon Pay
AMZ104625,2023-03-07,Home & Kitchen,LED Desk Lamp,5.0,921.05,4605.25,west,Karthik Agarwal,Cash on Delivery
AMZ100671,2024-10-05,Toys & Games,Building Blocks Set,2.0,325.82,651.64,South,Sanjay Rao,UPI
AMZ103901,2023-05-10,Toys & Games,Soft Toy,7.0,908.67,6360.69,West,Suresh Verma,Debit Card
AMZ102651,2023-02-12,Beauty & Personal Care,Face Serum,2.0,801.12,1602.24,north,Suresh Malhotra,Debit Card
AMZ100792,2023-05-18,Electronics,Wireless Mouse,2.0,2294.26,4588.52,,Priya Nair,Net Banking
AMZ104806,2024-01-08,Electronics,Action Camera,9.0,1994.05,17946.45,CENTRAL ,Pooja Menon,UPI
AMZ101599,2024-08-21,Sports & Fitness,Resistance Bands,2.0,856.96,1713.92,north,Meera Iyer,Credit Card
AMZ103670,2023-09-04,Beauty & Personal Care,Sunscreen SPF50,8.0,1951.11,15608.88,north,Lakshmi Bose,UPI
AMZ100419,2024-04-12,Sports & Fitness,Skipping Rope,10.0,665.23,6652.3, West,Yash Kumar,Debit Card
AMZ104028,2023-11-18,Books,Self-Help Book,7.0,118.51,829.57,SOUTH,Yash Singh,Amazon Pay
AMZ105141,2023-11-18,Grocery & Gourmet,Almonds 500g,6.0,653.47,3920.82,EAST,Shreya Malhotra,Amazon Pay
AMZ102593,2023-11-28,Clothing,Formal Shirt,7.0,1880.24,13161.68,central,Sanjay Kapoor,Net Banking
AMZ101430,2024-10-12,Office Products,Notebook Pack,4.0,457.7,1830.8,EAST,Arjun Kapoor,
AMZ104504,2024-02-10,Clothing,Running Shoes,3.0,2252.93,6758.79,north,Anusha Rao,Debit Card
AMZ103594,2023-05-26,Sports & Fitness,Cricket Bat,6.0,1442.07,8652.42,west,Tanvi Reddy,UPI
AMZ105284,2023-04-05,Office Products,Gel Pens Set,8.0,966.84,7734.72,west,Arjun Patel,Debit Card
AMZ100054,2023-09-06,Clothing,Men's T-Shirt,7.0,2214.18,15499.26,NORTH,Deepak Das,Cash on Delivery
AMZ103515,2024-03-30,Home & Kitchen,Non-Stick Pan Set,6.0,4926.25,29557.5,NORTH,Isha Nair,Net Banking
AMZ104595,2024-06-16,Office Products,Notebook Pack,3.0,563.21,1689.63,central,Kavya Kapoor,Debit Card
AMZ102851,2023-01-14,Beauty & Personal Care,Face Wash,4.0,1452.53,5810.12,South,Imran Rao,UPI
AMZ105635,2023-06-16,Furniture,Study Table,10.0,5360.24,53602.4,West,Shreya Malhotra,UPI
AMZ105621,2023-10-27,Furniture,Bedside Table,9.0,3135.43,28218.87,central,Arjun Reddy,Net Banking
AMZ102758,2023-11-12,Clothing,Formal Shirt,7.0,2477.17,17340.19,,Ananya Malhotra,Debit Card
AMZ104610,2024-03-29,Clothing,Winter Hoodie,,1780.08,,north,Priya Reddy,Net Banking
AMZ102731,2023-12-15,Office Products,Printer Paper A4,1.0,70.14,70.14,west,Rohan Bhatt,UPI
AMZ104005,2024-04-17,Clothing,Denim Jacket,7.0,693.03,4851.21,South ,Vivek Verma,Debit Card
AMZ100429,2024-02-16,Home & Kitchen,Blender,3.0,3721.73,11165.19,West,Suresh Kumar,Amazon Pay
AMZ101285,2024-10-08,Office Products,Notebook Pack,2.0,176.57,353.14,South,Rahul Iyer,Cash on Delivery
AMZ103862,2023-05-20,Electronics,Wireless Earbuds,8.0,2654.78,21238.24,,Priya Rao,Amazon Pay
AMZ100661,2024-03-08,Grocery & Gourmet,Cooking Oil 1L,8.0,533.87,4270.96,West,Anusha Patel,Debit Card
AMZ100899,2023-03-19,Grocery & Gourmet,Instant Coffee Jar,6.0,488.14,2928.84,central,Imran Rao,Net Banking
AMZ102552,2023-02-27,Furniture,Bean Bag,6.0,5620.02,33720.12,east,Anusha Bhatt,Debit Card
AMZ101356,2024-01-08,Home & Kitchen,Storage Containers,9.0,2785.99,25073.91,west,Ananya Bose,
AMZ103321,2023-01-08,Books,Children's Story Book,6.0,196.85,1181.1,west,Ananya Agarwal,Cash on Delivery
AMZ103286,2024-10-10,Toys & Games,Building Blocks Set,7.0,839.32,5875.24, North,Imran Rao,Net Banking
AMZ103813,2024-09-30,Furniture,Bookshelf,4.0,6723.44,26893.76, West,Deepak Bose,Debit Card
AMZ101780,2023-06-12,Books,Children's Story Book,2.0,435.01,870.02,South,Tanvi Singh,Debit Card
AMZ105722,2023-08-11,Electronics,Portable SSD,8.0,4378.58,35028.64,EAST,Ananya Kumar,Amazon Pay
AMZ101016,2023-05-14,Beauty & Personal Care,Lipstick Set,1.0,738.19,738.19,SOUTH,Ritu Kapoor,Debit Card
AMZ101104,2023-03-31,Home & Kitchen,Non-Stick Pan Set,2.0,1296.48,2592.96,central,Imran Gupta,Credit Card
AMZ100634,2024-07-13,Sports & Fitness,Resistance Bands,5.0,2842.5,14212.5,central,Neha Gupta,Cash on Delivery
AMZ102843,2024-04-01,Books,Biography,5.0,898.63,4493.15,south,Rohan Pillai,Cash on Delivery
AMZ105774,2023-06-06,Books,Biography,9.0,687.95,6191.55,north,Kavya Reddy,UPI
AMZ101299,2023-08-25,Grocery & Gourmet,Basmati Rice 5kg,9.0,384.81,3463.29,east,Sanjay Bose,Cash on Delivery
AMZ102315,2024-01-20,Clothing,Formal Shirt,5.0,299.09,1495.45,south,Pooja Chatterjee,Amazon Pay
AMZ104265,2023-12-24,Office Products,Printer Paper A4,4.0,443.1,1772.4,East,Manoj Bose,Net Banking
AMZ105277,2024-03-31,Sports & Fitness,Dumbbell Set,9.0,2187.46,19687.14,South,Vikram Reddy,Cash on Delivery
AMZ104653,2024-08-26,Electronics,Power Bank,-9.0,4456.76,40110.84,North,Yash Verma,Cash on Delivery
AMZ103010,2023-07-16,Toys & Games,Remote Control Car,7.0,862.95,6040.65,central,Manoj Reddy,Credit Card
AMZ102459,2024-06-22,Books,Cookbook,9.0,701.51,6313.59,East,Kavya Agarwal,Net Banking
AMZ101186,2023-06-07,Office Products,Whiteboard Marker Set,6.0,815.34,4892.04,South ,Aditya Verma,UPI
AMZ102328,2024-06-24,Beauty & Personal Care,Face Wash,4.0,1982.62,7930.48,West,Priya Sharma,Net Banking
AMZ100147,2024-06-03,Furniture,Bedside Table,3.0,5957.14,17871.42,South ,Ritu Bhatt,Amazon Pay
AMZ100997,2024-11-21,Home & Kitchen,Air Fryer,2.0,1561.68,3123.36,south,Farhan Pillai,UPI
AMZ105342,2023-12-07,Office Products,Printer Paper A4,1.0,553.73,553.73,central,Suresh Gupta,Cash on Delivery
AMZ103138,2024-09-16,Sports & Fitness,Skipping Rope,9.0,2726.17,24535.53,,Divya Das,Amazon Pay
AMZ103017,2024-02-26,Office Products,Printer Paper A4,9.0,360.74,3246.66,West,Rahul Iyer,Net Banking
AMZ103705,2023-01-24,Office Products,Gel Pens Set,1.0,920.54,920.54,South ,Manoj Agarwal,Cash on Delivery
AMZ104121,2024-08-22,Beauty & Personal Care,Face Wash,5.0,1380.15,6900.75,SOUTH,Shreya Singh,Amazon Pay
AMZ105583,2023-11-04,Clothing,Formal Shirt,8.0,1854.68,14837.44,Central,Arjun Malhotra,Credit Card
AMZ100316,2024-05-09,Beauty & Personal Care,Face Wash,3.0,401.62,1204.86,East,Shreya Bose,Amazon Pay
AMZ104234,2023-06-23,Sports & Fitness,Resistance Bands,1.0,315.23,315.23,south,Farhan Chatterjee,Amazon Pay
AMZ102389,2023-05-26,Furniture,Office Chair,7.0,5630.5,39413.5,Central,Imran Joshi,Net Banking
AMZ101173,2023-08-15,Beauty & Personal Care,Sunscreen SPF50,10.0,967.42,9674.2,West,Aditya Nair,Net Banking
AMZ100516,2023-01-22,Office Products,Stapler,5.0,812.44,4062.2,east,Anusha Pillai,Cash on Delivery
AMZ101665,2024-11-02,Books,Biography,2.0,895.6,1791.2,SOUTH,Zoya Bose,Debit Card
AMZ103485,2023-04-29,Furniture,Study Table,9.0,9651.25,86861.25,EAST,Rahul Sharma,Amazon Pay
AMZ103817,2023-08-15,Sports & Fitness,Cricket Bat,2.0,950.9,1901.8,Central,Vikram Bhatt,Amazon Pay
AMZ100299,2024-02-19,Grocery & Gourmet,Cooking Oil 1L,4.0,226.38,905.52,west,Karthik Rao,Amazon Pay
AMZ101210,2023-04-04,Office Products,Desk Organizer,9.0,60.61,545.49,West,Ritu Menon,UPI
AMZ103535,2023-12-05,Sports & Fitness,Yoga Mat,2.0,2790.22,5580.44,West,Sanjay Sharma,Net Banking
AMZ105387,2023-08-30,Sports & Fitness,Badminton Racket,10.0,1358.19,13581.9,central,Karthik Nair,UPI
AMZ101753,2023-02-22,Grocery & Gourmet,Instant Coffee Jar,3.0,832.79,2498.37,West,Vivek Sharma,Credit Card
AMZ103953,2024-07-27,Electronics,Portable SSD,1.0,4743.54,4743.54,Central,Sneha Kumar,Amazon Pay
AMZ105137,2023-06-21,Home & Kitchen,LED Desk Lamp,5.0,4202.25,21011.25,South,Imran Iyer,Debit Card
AMZ100023,2024-12-07,Books,Cookbook,9.0,117.48,1057.32,South,Ritu Verma,Debit Card
AMZ103797,2024-11-26,Clothing,Winter Hoodie,5.0,2253.64,11268.2,CENTRAL ,Ananya Joshi,Debit Card
AMZ102458,2024-01-18,Books,Fiction Novel,5.0,198.42,992.1,South ,Farhan Joshi,Net Banking
AMZ105732,2023-06-29,Home & Kitchen,Non-Stick Pan Set,9.0,4211.37,37902.33,NORTH,Yash Das,Cash on Delivery
AMZ103784,2024-06-27,Furniture,Bookshelf,7.0,7684.04,53788.28,CENTRAL ,Aditya Chatterjee,UPI
AMZ100069,2024-08-18,Office Products,Desk Organizer,4.0,919.73,3678.92,,Yash Rao,Credit Card
AMZ104487,2024-10-27,Sports & Fitness,Cricket Bat,4.0,3361.81,13447.24, North,Shreya Menon,Cash on Delivery
AMZ101811,2023-02-16,Sports & Fitness,Dumbbell Set,6.0,1002.6,6015.6,east,Zoya Das,Net Banking
AMZ101592,2023-08-18,Books,Cookbook,8.0,105.69,845.52,,Ananya Singh,Cash on Delivery
AMZ100650,2024-01-14,Sports & Fitness,Yoga Mat,4.0,1711.39,6845.56,EAST,Aditya Chatterjee,Amazon Pay
AMZ104139,2024-10-19,Sports & Fitness,Resistance Bands,4.0,1989.18,7956.72,west,,Cash on Delivery
AMZ101020,2023-07-30,Office Products,Stapler,9.0,312.44,2811.96,West,Ritu Bose,Debit Card
AMZ102995,2024-06-08,Office Products,Desk Organizer,3.0,84.88,254.64,EAST,Priya Pillai,Cash on Delivery
AMZ104913,2023-04-28,Beauty & Personal Care,Face Serum,7.0,1944.97,13614.79,south,Neha Rao,Cash on Delivery
AMZ105800,2024-01-27,Beauty & Personal Care,Sunscreen SPF50,5.0,1119.4,5597.0,North,Pooja Verma,UPI
AMZ102363,2023-01-15,Grocery & Gourmet,Green Tea Pack,3.0,356.28,1068.84, North,Arjun Bhatt,Credit Card
AMZ101733,2024-04-20,Clothing,Denim Jacket,6.0,496.89,2981.34,NORTH,Shreya Patel,UPI
AMZ105523,2023-11-04,Furniture,Bookshelf,7.0,6237.14,43659.98, North,Suresh Kapoor,Debit Card
AMZ101694,2024-04-28,Grocery & Gourmet,Instant Coffee Jar,4.0,111.87,447.48,,Vikram Bhatt,Net Banking
AMZ103803,2023-07-25,Clothing,Women's Kurti,2.0,877.82,1755.64,west,Nikhil Patel,Net Banking
AMZ102813,2024-08-27,Sports & Fitness,Yoga Mat,3.0,1935.76,5807.28,Central,Vikram Pillai,Amazon Pay
AMZ100508,2023-08-02,Electronics,Portable SSD,5.0,3012.95,15064.75,Central,Deepak Sharma,Cash on Delivery
AMZ101436,2024-09-26,Grocery & Gourmet,Honey 500g,2.0,142.74,285.48,east,Pooja Menon,Cash on Delivery
AMZ101013,2024-03-11,Books,Fiction Novel,4.0,154.07,616.28,central,Shreya Rao,Net Banking
AMZ101242,2023-05-29,Furniture,Bookshelf,3.0,,,West,Kavya Pillai,Cash on Delivery
AMZ104665,2023-08-11,Electronics,Action Camera,8.0,4492.21,35937.68,EAST,Isha Kapoor,Amazon Pay
AMZ102584,2024-03-02,Beauty & Personal Care,Perfume 100ml,9.0,428.38,3855.42,west,Yash Pillai,Net Banking
AMZ101542,2024-10-11,Sports & Fitness,Badminton Racket,9.0,750.64,6755.76,Central,Manoj Patel,Credit Card
AMZ102507,2024-08-24,Home & Kitchen,Bed Sheet Set,,3911.44,,CENTRAL ,Neha Malhotra,Cash on Delivery
AMZ102303,2023-01-13,Clothing,Denim Jacket,5.0,947.06,4735.3,West,Lakshmi Menon,Cash on Delivery
AMZ102887,2024-07-03,Electronics,Wireless Mouse,5.0,5187.21,25936.05,west,Priya Singh,Amazon Pay
AMZ104181,2023-04-13,Toys & Games,Soft Toy,4.0,1437.97,5751.88,North,Yash Patel,Credit Card
AMZ102915,2024-03-25,Toys & Games,Building Blocks Set,4.0,1878.84,7515.36,EAST,Kavya Kapoor,Debit Card
AMZ103389,2023-04-23,Beauty & Personal Care,Perfume 100ml,8.0,530.6,4244.8,central,Manoj Verma,Net Banking
AMZ105065,2024-08-20,Books,Programming Guide,10.0,109.46,1094.6, West,Suresh Gupta,Net Banking
AMZ102323,2024-08-02,Office Products,Whiteboard Marker Set,9.0,188.84,1699.56, West,Vivek Iyer,UPI
AMZ105129,2024-04-01,Beauty & Personal Care,Perfume 100ml,7.0,1923.95,13467.65,South ,Imran Malhotra,Net Banking
AMZ103606,2024-01-04,Clothing,Winter Hoodie,10.0,1039.15,10391.5,central,Neha Sharma,Debit Card
AMZ103558,2024-10-22,Books,Self-Help Book,5.0,398.35,1991.75,South,Vikram Menon,UPI
AMZ105196,2023-07-31,Sports & Fitness,Yoga Mat,7.0,1752.21,12265.47,central,Nikhil Singh,Amazon Pay
AMZ104093,2023-05-24,Sports & Fitness,Resistance Bands,4.0,394.87,1579.48,north,Rahul Singh,Net Banking
AMZ100549,2024-04-08,Furniture,Bookshelf,3.0,3810.72,11432.16, North,Arjun Reddy,Cash on Delivery
AMZ100795,2024-12-24,Office Products,Whiteboard Marker Set,6.0,977.97,5867.82,CENTRAL ,Sneha Gupta,UPI
AMZ101631,2024-05-15,Clothing,Formal Shirt,8.0,726.47,5811.76,east,Divya Bhatt,Cash on Delivery
AMZ103320,2023-09-05,Home & Kitchen,Bed Sheet Set,5.0,2527.06,12635.3,SOUTH,Shreya Bose,Net Banking
AMZ104254,2024-05-17,Home & Kitchen,Electric Kettle,9.0,834.02,7506.18,south,Tanvi Kumar,Credit Card
AMZ101232,2024-04-10,Office Products,Stapler,7.0,988.63,6920.41,CENTRAL ,Yash Iyer,Cash on Delivery
AMZ103616,2023-01-14,Electronics,Mechanical Keyboard,4.0,5602.75,22411.0,South,Vivek Sharma,Amazon Pay
AMZ104725,2023-01-17,Electronics,Mechanical Keyboard,2.0,4966.93,9933.86, North,Aditya Chatterjee,Debit Card
AMZ100185,2024-10-19,Office Products,Gel Pens Set,3.0,931.95,2795.85,south,Priya Rao,Net Banking
AMZ102066,2024-02-27,Furniture,Bookshelf,5.0,12417.43,62087.15,South ,Pooja Chatterjee,Amazon Pay
AMZ101802,2024-11-22,Electronics,Bluetooth Speaker,3.0,2811.69,8435.07,west,Arjun Singh,Credit Card
AMZ101196,2023-11-24,Books,Fiction Novel,10.0,497.47,4974.7, West,Vikram Nair,Credit Card
AMZ101577,2023-03-17,Electronics,Power Bank,3.0,3397.84,10193.52,EAST,Shreya Patel,Credit Card
AMZ101108,2024-04-08,Clothing,Men's T-Shirt,5.0,393.34,1966.7,South,,Amazon Pay
AMZ102369,2023-10-30,Furniture,Bedside Table,1.0,4182.81,4182.81,central,Sneha Das,Amazon Pay
AMZ102646,2024-12-04,Grocery & Gourmet,Basmati Rice 5kg,8.0,586.84,4694.72,south,Karthik Rao,Cash on Delivery
AMZ101717,2023-03-30,Books,Biography,7.0,592.35,4146.45,CENTRAL ,Meera Das,UPI
AMZ102629,2024-10-08,Books,Biography,8.0,545.51,4364.08,SOUTH,Sneha Iyer,Credit Card
AMZ103537,2023-04-27,Sports & Fitness,Resistance Bands,6.0,647.78,3886.68,east,Rohan Reddy,Net Banking
AMZ100669,2023-03-31,Beauty & Personal Care,Trimmer,4.0,1373.45,5493.8,NORTH,Vikram Rao,Net Banking
AMZ103387,2023-08-22,Office Products,Whiteboard Marker Set,4.0,103.44,413.76,West,Imran Das,Credit Card
AMZ103556,2024-11-25,Toys & Games,Building Blocks Set,2.0,1767.14,3534.28,north,Ananya Nair,Debit Card
AMZ104062,2023-07-03,Clothing,Formal Shirt,1.0,2344.9,2344.9,Central,Rahul Agarwal,UPI
AMZ101486,2024-06-19,Electronics,Wireless Mouse,7.0,4417.02,30919.14,Central,Sneha Agarwal,Amazon Pay
AMZ105232,2024-02-24,Home & Kitchen,Storage Containers,7.0,2279.58,15957.06,East,Ritu Nair,Amazon Pay
AMZ100045,2023-09-22,Books,Fiction Novel,5.0,703.62,3518.1,South ,Zoya Pillai,Amazon Pay
AMZ105418,2024-04-04,Sports & Fitness,Cricket Bat,2.0,1832.7,3665.4,,Nikhil Joshi,Cash on Delivery
AMZ100876,2023-08-28,Beauty & Personal Care,Perfume 100ml,6.0,670.88,4025.28,Central,,Credit Card
AMZ102079,2024-10-02,Home & Kitchen,Non-Stick Pan Set,2.0,3552.38,7104.76,South,Farhan Kapoor,Cash on Delivery
AMZ104773,2024-10-29,Office Products,Stapler,1.0,525.38,525.38,South ,Sanjay Gupta,Debit Card
AMZ100820,2023-12-09,Books,Children's Story Book,9.0,287.94,2591.46,east,Farhan Iyer,Cash on Delivery
AMZ105325,2024-07-07,Clothing,Denim Jacket,10.0,2299.91,22999.1,west,Priya Agarwal,Net Banking
AMZ100998,2023-04-18,Clothing,Yoga Pants,2.0,438.94,877.88,NORTH,Sanjay Bhatt,Net Banking
AMZ100486,2024-03-10,Furniture,Bedside Table,4.0,10336.07,41344.28,NORTH,Anusha Kapoor,UPI
AMZ102875,2024-01-24,Beauty & Personal Care,Face Wash,1.0,769.14,769.14,East,Arjun Sharma,Debit Card
AMZ101469,2024-11-04,Grocery & Gourmet,Almonds 500g,1.0,490.36,490.36,East,Ritu Chatterjee,UPI
AMZ105538,2024-09-14,Toys & Games,Board Game,3.0,1877.9,5633.7,West,Rahul Verma,Net Banking
AMZ103440,2024-12-23,Furniture,Office Chair,2.0,12679.76,25359.52,west,,Amazon Pay
AMZ105357,2023-11-23,Grocery & Gourmet,Honey 500g,3.0,650.53,1951.59,SOUTH,Lakshmi Menon,Credit Card
AMZ103491,2024-03-11,Grocery & Gourmet,Instant Coffee Jar,5.0,242.05,1210.25,SOUTH,Lakshmi Gupta,
AMZ101167,2024-01-10,Books,Fiction Novel,1.0,397.15,397.15,Central,Arjun Joshi,Debit Card
AMZ105394,2023-08-15,Grocery & Gourmet,Basmati Rice 5kg,,706.86,,north,Imran Iyer,Net Banking
AMZ104044,2023-07-15,Furniture,Study Table,3.0,12784.84,38354.52,central,Deepak Gupta,UPI
AMZ102786,2024-10-28,Beauty & Personal Care,Lipstick Set,8.0,1390.5,11124.0,south,Vivek Singh,Net Banking
AMZ104135,2023-11-06,Books,Children's Story Book,7.0,486.08,3402.56,EAST,Vikram Sharma,Amazon Pay
AMZ104013,2023-05-06,Home & Kitchen,LED Desk Lamp,8.0,4149.74,33197.92,West,Shreya Singh,Amazon Pay
AMZ104215,2024-01-05,Toys & Games,Soft Toy,10.0,1380.24,13802.4,West,Priya Reddy,Amazon Pay
AMZ101872,2023-03-17,Furniture,Office Chair,10.0,11619.81,116198.1,SOUTH,Farhan Iyer,Debit Card
AMZ103935,2023-03-13,Grocery & Gourmet,Cooking Oil 1L,3.0,674.18,2022.54,north,Ritu Singh,
AMZ104318,2024-01-08,Office Products,Printer Paper A4,6.0,666.49,3998.94,West,Divya Kumar,Amazon Pay
AMZ102321,2024-05-27,Toys & Games,Remote Control Car,1.0,1827.84,1827.84,north,Zoya Agarwal,UPI
AMZ103883,2024-09-08,Beauty & Personal Care,Lipstick Set,1.0,1646.71,1646.71,central,Rahul Malhotra,Cash on Delivery
AMZ101007,2023-04-27,Grocery & Gourmet,Basmati Rice 5kg,3.0,490.18,1470.54,EAST,Rohan Das,Net Banking
AMZ103565,2024-04-30,Office Products,Whiteboard Marker Set,9.0,901.18,8110.62,east,Rahul Bose,UPI
AMZ104466,2023-08-24,Toys & Games,Building Blocks Set,7.0,1672.02,11704.14,South,Ananya Kumar,Debit Card
AMZ105555,2024-08-06,Office Products,Notebook Pack,1.0,357.11,357.11,east,Vivek Pillai,Debit Card
AMZ101265,2024-11-15,Toys & Games,Building Blocks Set,3.0,1432.99,4298.97,NORTH,Vikram Rao,Net Banking
AMZ105632,2024-08-10,Grocery & Gourmet,Instant Coffee Jar,9.0,598.95,5390.55,South,Manoj Das,Net Banking
AMZ105783,2023-11-26,Books,Biography,3.0,772.82,2318.46, North,Vivek Malhotra,Amazon Pay
AMZ105162,2024-12-20,Toys & Games,Board Game,4.0,1128.18,4512.72,central,Ananya Iyer,UPI
AMZ100055,2023-12-03,Electronics,Mechanical Keyboard,3.0,1978.7,5936.1,SOUTH,Anusha Menon,UPI
AMZ104016,2024-07-27,Grocery & Gourmet,Basmati Rice 5kg,10.0,833.46,8334.6,central,Ananya Agarwal,Credit Card
AMZ100957,2023-11-05,Beauty & Personal Care,Face Wash,8.0,1603.52,12828.16, North,Suresh Menon,Amazon Pay
AMZ103334,2024-03-11,Electronics,Smart Watch,7.0,4206.44,29445.08,north,Zoya Verma,Cash on Delivery
AMZ101689,2023-11-12,Books,Fiction Novel,3.0,738.53,2215.59,East,Pooja Agarwal,Amazon Pay
AMZ102655,2023-08-28,Grocery & Gourmet,Honey 500g,8.0,144.47,1155.76,Central,Vikram Singh,Net Banking
AMZ101762,2023-08-19,Toys & Games,Puzzle 1000pc,7.0,1029.21,7204.47,South ,Nikhil Reddy,Credit Card
AMZ101349,2023-11-09,Furniture,Study Table,9.0,6420.01,57780.09,South,Vivek Sharma,Net Banking
AMZ105054,2024-12-18,Furniture,Bedside Table,9.0,4562.31,41060.79,West,,Amazon Pay
AMZ101333,2023-05-17,Grocery & Gourmet,Almonds 500g,4.0,863.14,3452.56,EAST,Tanvi Iyer,UPI
AMZ100900,2023-08-15,Home & Kitchen,Vacuum Cleaner,9.0,2284.88,20563.92,south,Deepak Rao,Debit Card
AMZ105545,2024-10-02,Electronics,Wireless Earbuds,9.0,1268.98,11420.82,CENTRAL ,Lakshmi Kumar,Amazon Pay
AMZ104601,2023-08-14,Clothing,Winter Hoodie,10.0,1269.43,12694.3,EAST,Anusha Patel,Amazon Pay
AMZ104981,2024-03-09,Office Products,Notebook Pack,3.0,759.77,2279.31,North,Divya Bose,Debit Card
AMZ103237,2023-05-26,Home & Kitchen,Bed Sheet Set,7.0,2941.17,20588.19,north,Divya Iyer,Amazon Pay
AMZ102832,2023-05-28,Electronics,Bluetooth Speaker,1.0,5989.43,5989.43,EAST,Divya Verma,Cash on Delivery
AMZ104287,2024-05-09,Beauty & Personal Care,Lipstick Set,2.0,1843.54,3687.08,north,Sneha Agarwal,
AMZ105564,2024-09-03,Sports & Fitness,Cricket Bat,10.0,2311.39,23113.9,North,Nikhil Kapoor,UPI
AMZ101949,2023-02-16,Books,Fiction Novel,9.0,610.64,5495.76,south,Deepak Pillai,Cash on Delivery
AMZ101929,2024-10-20,Books,Biography,9.0,525.95,4733.55,west,Neha Verma,Debit Card
AMZ101493,2024-08-02,Office Products,Notebook Pack,2.0,189.89,379.78,west,Anusha Kapoor,Credit Card
AMZ102145,2024-06-22,Sports & Fitness,Badminton Racket,9.0,948.03,8532.27, West,Vivek Singh,Debit Card
AMZ101218,2024-02-11,Home & Kitchen,LED Desk Lamp,2.0,3720.81,7441.62,Central,Lakshmi Sharma,Amazon Pay
AMZ105058,2024-02-05,Electronics,Power Bank,4.0,1871.24,7484.96,NORTH,Anusha Kumar,Credit Card
AMZ101235,2023-02-25,Furniture,Study Table,3.0,9413.85,28241.55,CENTRAL ,Manoj Nair,Net Banking
AMZ104163,2023-08-06,Toys & Games,Soft Toy,9.0,1566.76,14100.84,South,Rahul Kumar,Amazon Pay
AMZ105810,2024-03-21,Furniture,Bookshelf,-8.0,3548.52,28388.16,SOUTH,Kavya Pillai,Cash on Delivery
AMZ100846,2023-08-03,Furniture,Bookshelf,1.0,4249.3,4249.3,Central,Pooja Rao,Amazon Pay
AMZ102150,2023-03-22,Beauty & Personal Care,Trimmer,10.0,1092.47,10924.7,Central,Vikram Kapoor,Net Banking
AMZ104111,2024-10-01,Office Products,Whiteboard Marker Set,1.0,401.72,401.72,East,Kavya Nair,Amazon Pay
AMZ100827,2023-05-31,Toys & Games,Puzzle 1000pc,2.0,733.22,1466.44,north,Yash Rao,Cash on Delivery
AMZ100440,2024-07-01,Sports & Fitness,Dumbbell Set,7.0,2031.46,14220.22,EAST,Sneha Singh,Amazon Pay
AMZ103527,2023-12-25,Electronics,Power Bank,2.0,3397.44,6794.88,West,Neha Menon,Debit Card
AMZ100551,2023-03-17,Home & Kitchen,Non-Stick Pan Set,2.0,1657.16,3314.32,EAST,Arjun Nair,Net Banking
AMZ102221,2024-11-26,Toys & Games,Remote Control Car,8.0,415.95,3327.6,West,Vikram Chatterjee,Amazon Pay
AMZ102899,2024-01-31,Clothing,Denim Jacket,10.0,2327.5,23275.0,,Ananya Gupta,Cash on Delivery
AMZ100625,2023-01-23,Clothing,Denim Jacket,1.0,484.03,484.03,east,Arjun Iyer,Credit Card
AMZ102223,2024-12-25,Toys & Games,Board Game,1.0,531.32,531.32,,Tanvi Kapoor,UPI
AMZ103632,2024-09-18,Home & Kitchen,Storage Containers,6.0,1992.47,11954.82,NORTH,Priya Rao,Cash on Delivery
AMZ105704,2024-03-09,Toys & Games,Board Game,5.0,1146.1,5730.5,Central,Suresh Gupta,UPI
AMZ105678,2024-04-10,Furniture,Study Table,9.0,10523.23,94709.07,central,Meera Bose,Debit Card
AMZ100311,2023-12-20,Furniture,Bedside Table,4.0,9171.83,36687.32,North,Rahul Kumar,Debit Card
AMZ102106,2023-07-09,Beauty & Personal Care,Face Serum,5.0,1064.31,5321.55,NORTH,Deepak Iyer,Cash on Delivery
AMZ103018,2024-03-26,Beauty & Personal Care,Face Serum,4.0,694.31,2777.24,NORTH,Farhan Agarwal,Cash on Delivery
AMZ102724,2023-07-23,Books,Cookbook,7.0,413.31,2893.17,central,Sanjay Gupta,Net Banking
AMZ102415,2023-04-24,Toys & Games,Board Game,10.0,417.44,4174.4,north,Ananya Verma,Debit Card
AMZ105086,2024-11-28,Grocery & Gourmet,Honey 500g,5.0,200.12,1000.6,east,Suresh Sharma,Debit Card
AMZ100872,2024-12-14,Sports & Fitness,Cricket Bat,5.0,2920.69,14603.45,South,Farhan Verma,Amazon Pay
AMZ104112,2024-12-21,Beauty & Personal Care,Perfume 100ml,6.0,157.43,944.58, North,Rahul Pillai,Cash on Delivery
AMZ103050,2023-12-05,Grocery & Gourmet,Instant Coffee Jar,6.0,567.92,3407.52,North,Lakshmi Chatterjee,Amazon Pay
AMZ105335,2024-05-06,Clothing,Winter Hoodie,10.0,363.45,3634.5,CENTRAL ,Vivek Reddy,Net Banking
AMZ102263,2024-01-03,Books,Self-Help Book,7.0,594.62,4162.34,east,Karthik Kumar,Credit Card
AMZ104116,2023-09-12,Books,Cookbook,10.0,580.1,5801.0,CENTRAL ,Sanjay Bose,Credit Card
AMZ102267,2024-03-17,Furniture,Office Chair,3.0,9155.79,27467.37,West,Manoj Reddy,Debit Card
AMZ101650,2023-09-03,Toys & Games,Soft Toy,4.0,1800.49,7201.96,Central,Ananya Menon,Amazon Pay
AMZ103082,2024-06-07,Books,Fiction Novel,2.0,480.78,961.56,west,Shreya Agarwal,Cash on Delivery
AMZ103263,2024-06-22,Toys & Games,Board Game,7.0,667.47,4672.29,West,Aditya Gupta,UPI
AMZ104553,2023-07-22,Sports & Fitness,Badminton Racket,10.0,1023.42,10234.2,North,Vikram Agarwal,Debit Card
AMZ100375,2024-05-25,Clothing,Denim Jacket,9.0,362.89,3266.01,south,Isha Singh,Net Banking
AMZ104809,2023-07-24,Sports & Fitness,Yoga Mat,3.0,1932.38,5797.14,North,Imran Iyer,Amazon Pay
AMZ105168,2024-01-08,Office Products,Printer Paper A4,3.0,969.28,2907.84,Central,Lakshmi Agarwal,Amazon Pay
AMZ101804,2023-11-25,Books,Cookbook,9.0,200.98,1808.82,south,Zoya Das,Debit Card
AMZ102036,2024-10-26,Clothing,Yoga Pants,2.0,,,EAST,Tanvi Pillai,UPI
AMZ103773,2024-11-04,Office Products,Gel Pens Set,10.0,661.02,6610.2,South,Vivek Malhotra,UPI
AMZ102102,2023-08-11,Sports & Fitness,Badminton Racket,7.0,2149.41,15045.87,East,Farhan Bose,Amazon Pay
AMZ101229,2024-03-22,Office Products,Gel Pens Set,8.0,565.85,4526.8,CENTRAL ,Neha Patel,Debit Card
AMZ101312,2024-11-04,Beauty & Personal Care,Lipstick Set,8.0,920.97,7367.76,Central,Sneha Gupta,Debit Card
AMZ104023,2023-04-04,Toys & Games,Building Blocks Set,3.0,556.43,1669.29,CENTRAL ,Anusha Das,Credit Card
AMZ102545,2023-02-14,Electronics,Wireless Earbuds,1.0,2441.34,2441.34,South,Neha Kumar,Debit Card
AMZ101109,2024-05-16,Clothing,Yoga Pants,3.0,1731.23,5193.69,Central,Yash Kapoor,Net Banking
AMZ100306,2023-01-26,Office Products,Whiteboard Marker Set,5.0,216.57,1082.85,South ,Karthik Verma,Net Banking
AMZ103766,2023-11-19,Beauty & Personal Care,Perfume 100ml,4.0,1858.96,7435.84,South ,Manoj Rao,Amazon Pay
AMZ104503,2024-10-20,Sports & Fitness,Skipping Rope,8.0,924.91,7399.28,Central,Vivek Patel,UPI
AMZ105293,2023-02-25,Sports & Fitness,Dumbbell Set,6.0,2072.0,12432.0,west,Divya Singh,UPI
AMZ105763,2024-11-10,Grocery & Gourmet,Instant Coffee Jar,9.0,640.46,5764.14, West,Rahul Kumar,Credit Card
AMZ104920,2023-09-12,Grocery & Gourmet,Green Tea Pack,5.0,329.91,1649.55,south,Deepak Chatterjee,Net Banking
AMZ102349,2024-09-22,Electronics,Wireless Earbuds,1.0,1086.52,1086.52,Central,Priya Gupta,Net Banking
AMZ101077,2023-01-05,Sports & Fitness,Cricket Bat,9.0,,, West,Anusha Iyer,Credit Card
AMZ105180,2024-12-11,Home & Kitchen,Electric Kettle,5.0,535.53,2677.65,CENTRAL ,Isha Reddy,UPI
AMZ100948,2023-04-29,Home & Kitchen,Non-Stick Pan Set,10.0,4363.7,43637.0,south,Tanvi Das,Credit Card
AMZ100556,2024-02-15,Office Products,Desk Organizer,7.0,133.5,934.5,south,,Net Banking
AMZ105235,2024-08-20,Clothing,Formal Shirt,2.0,2197.5,4395.0, West,Imran Iyer,Amazon Pay
AMZ103823,2024-03-18,Grocery & Gourmet,Basmati Rice 5kg,2.0,526.42,1052.84,West,Shreya Pillai,
AMZ104365,2024-02-20,Grocery & Gourmet,Instant Coffee Jar,9.0,510.44,4593.96,west,Neha Kapoor,Debit Card
AMZ104897,2023-10-12,Clothing,Denim Jacket,7.0,1979.48,13856.36,South ,,Credit Card
AMZ101710,2024-12-14,Furniture,Bookshelf,6.0,10016.8,60100.8,South ,Vivek Kumar,Cash on Delivery
AMZ103462,2024-02-14,Clothing,Women's Kurti,7.0,462.0,3234.0,SOUTH,Divya Rao,Amazon Pay
AMZ104583,2024-11-27,Sports & Fitness,Cricket Bat,7.0,2079.51,14556.57,East,Meera Agarwal,Debit Card
AMZ100314,2023-06-28,Clothing,Casual Sneakers,1.0,2394.06,2394.06,south,Zoya Malhotra,UPI
AMZ102634,2024-12-01,Sports & Fitness,Badminton Racket,2.0,1823.01,3646.02,West,Aditya Chatterjee,Net Banking
AMZ101009,2024-03-21,Sports & Fitness,Resistance Bands,2.0,2719.23,5438.46,CENTRAL ,Ananya Menon,Net Banking
AMZ101450,2023-07-25,Beauty & Personal Care,Lipstick Set,1.0,1102.03,1102.03,East,Pooja Joshi,Amazon Pay
AMZ102212,2023-11-12,Beauty & Personal Care,Hair Dryer,1.0,953.19,953.19,East,Nikhil Kumar,Amazon Pay
AMZ102782,2024-11-13,Books,Programming Guide,2.0,228.89,457.78,EAST,Rohan Kumar,Debit Card
AMZ103085,2024-06-13,Furniture,Bedside Table,6.0,4721.7,28330.2,south,Rahul Agarwal,Debit Card
AMZ104781,2023-05-13,Toys & Games,Puzzle 1000pc,5.0,1719.35,8596.75,EAST,Pooja Joshi,Debit Card
AMZ100676,2023-06-09,Electronics,Smart Watch,9.0,4492.61,40433.49,NORTH,Imran Singh,Amazon Pay
AMZ101437,2024-11-17,Clothing,Running Shoes,8.0,2074.66,16597.28,NORTH,Sneha Rao,UPI
AMZ104246,2023-04-22,Office Products,Desk Organizer,1.0,158.3,158.3,North,Pooja Kapoor,Debit Card
AMZ104103,2024-03-08,Grocery & Gourmet,Almonds 500g,4.0,782.57,3130.28,EAST,Tanvi Bose,Debit Card
AMZ100008,2024-03-04,Grocery & Gourmet,Cooking Oil 1L,8.0,329.35,2634.8,East,Priya Iyer,Cash on Delivery
AMZ101754,2024-12-05,Sports & Fitness,Yoga Mat,4.0,1498.65,5994.6,East,Nikhil Gupta,Debit Card
AMZ102497,2023-08-26,Electronics,Power Bank,8.0,1823.22,14585.76,,Nikhil Rao,Amazon Pay
AMZ103126,2024-02-13,Sports & Fitness,Yoga Mat,1.0,2086.07,2086.07,South ,Suresh Pillai,Debit Card
AMZ105227,2023-08-15,Clothing,Winter Hoodie,4.0,1404.5,5618.0,South ,,Amazon Pay
AMZ104401,2024-08-08,Home & Kitchen,Storage Containers,10.0,3596.91,35969.1,CENTRAL ,Manoj Chatterjee,Amazon Pay
AMZ104384,2024-10-30,Books,Self-Help Book,3.0,811.96,2435.88,South,Isha Malhotra,UPI
AMZ102549,2024-05-15,Toys & Games,Remote Control Car,2.0,513.94,1027.88,Central,Ananya Gupta,UPI
AMZ105525,2024-04-14,Furniture,Bean Bag,8.0,8940.58,71524.64,West,Rohan Patel,Debit Card
AMZ103131,2023-01-07,Clothing,Casual Sneakers,4.0,1176.6,4706.4,west,Tanvi Joshi,Cash on Delivery
AMZ103324,2023-09-04,Books,Fiction Novel,4.0,790.55,3162.2,west,Yash Verma,Debit Card
AMZ100808,2024-02-28,Office Products,Stapler,3.0,213.61,640.83,CENTRAL ,Meera Kapoor,Credit Card
AMZ102262,2023-12-26,Clothing,Running Shoes,4.0,2103.97,8415.88,South,Rohan Bhatt,Net Banking
AMZ104324,2024-03-26,Office Products,Desk Organizer,2.0,588.82,1177.64, West,Rohan Joshi,UPI
AMZ105356,2024-05-20,Books,Programming Guide,4.0,533.81,2135.24,central,Vikram Nair,Amazon Pay
AMZ105079,2024-08-14,Grocery & Gourmet,Basmati Rice 5kg,7.0,523.04,3661.28,Central,Sanjay Nair,Debit Card
AMZ104041,2024-08-31,Electronics,Power Bank,9.0,1027.6,9248.4,west,Anusha Nair,Net Banking
AMZ104137,2023-08-17,Furniture,Bean Bag,3.0,8169.82,24509.46,east,Ritu Iyer,Net Banking
AMZ103776,2024-08-21,Electronics,Action Camera,10.0,5775.39,57753.9,CENTRAL ,Ananya Bose,Net Banking
AMZ101550,2023-05-26,Sports & Fitness,Resistance Bands,2.0,863.18,1726.36,,Manoj Joshi,UPI
AMZ103656,2024-06-27,Office Products,Stapler,10.0,991.71,9917.1,CENTRAL ,Divya Iyer,Debit Card
AMZ104046,2024-01-05,Books,Children's Story Book,9.0,342.76,3084.84,east,Shreya Joshi,Amazon Pay
AMZ104868,2024-11-26,Sports & Fitness,Badminton Racket,6.0,2568.3,15409.8,South ,Vivek Agarwal,UPI
AMZ105166,2024-04-21,Books,Programming Guide,6.0,475.54,2853.24,West,Meera Rao,Cash on Delivery
AMZ103076,2024-09-19,Clothing,Winter Hoodie,5.0,615.22,3076.1,north,Vivek Chatterjee,Net Banking
AMZ105404,2023-12-31,Clothing,Women's Kurti,9.0,2397.06,21573.54,east,Kavya Agarwal,Debit Card
AMZ103633,2024-07-19,Clothing,Winter Hoodie,5.0,398.09,1990.45,east,Ritu Nair,Net Banking
AMZ105247,2024-03-30,Clothing,Women's Kurti,7.0,403.65,2825.55,South ,Kavya Malhotra,Net Banking
AMZ103399,2024-05-14,Home & Kitchen,Electric Kettle,,1217.37,,east,Aditya Rao,UPI
AMZ100600,2023-07-26,Beauty & Personal Care,Hair Dryer,3.0,853.09,2559.27,west,Shreya Reddy,Net Banking
AMZ100140,2024-06-08,Electronics,Wireless Earbuds,3.0,2099.34,6298.02,SOUTH,Lakshmi Pillai,Net Banking
AMZ104418,2024-09-04,Grocery & Gourmet,Honey 500g,10.0,690.9,6909.0,west,Anusha Joshi,Cash on Delivery
AMZ102291,2023-10-03,Home & Kitchen,Vacuum Cleaner,4.0,3648.4,14593.6,NORTH,Yash Bhatt,Cash on Delivery
AMZ101440,2023-08-04,Home & Kitchen,Non-Stick Pan Set,2.0,3668.19,7336.38,,Imran Joshi,Credit Card
AMZ104310,2023-03-02,Beauty & Personal Care,Lipstick Set,6.0,1731.82,10390.92,central,Divya Gupta,Amazon Pay
AMZ104432,2023-08-17,Home & Kitchen,Non-Stick Pan Set,6.0,3167.88,19007.28,East,Lakshmi Singh,Amazon Pay
AMZ104145,2023-07-13,Beauty & Personal Care,Sunscreen SPF50,1.0,1635.6,1635.6,south,Neha Malhotra,Cash on Delivery
AMZ102896,2024-10-31,Furniture,Study Table,4.0,7440.25,29761.0,North,Suresh Singh,Debit Card
AMZ101539,2024-09-05,Books,Fiction Novel,6.0,172.36,1034.16,north,Tanvi Iyer,Debit Card
AMZ105710,2023-09-14,Electronics,USB-C Cable,2.0,548.87,1097.74,north,Priya Pillai,Net Banking
AMZ101989,2023-07-13,Books,Self-Help Book,1.0,845.1,845.1,West,Tanvi Joshi,Amazon Pay
AMZ103319,2023-08-04,Furniture,Bookshelf,8.0,2584.96,20679.68,west,Tanvi Singh,Amazon Pay
AMZ104362,2023-06-24,Books,Self-Help Book,5.0,594.89,2974.45,East,Isha Joshi,Amazon Pay
AMZ104250,2023-04-14,Furniture,Bookshelf,8.0,3136.78,25094.24,CENTRAL ,Farhan Kapoor,UPI
AMZ104209,2023-02-05,Office Products,Desk Organizer,6.0,404.24,2425.44,west,Kavya Joshi,Cash on Delivery
AMZ102926,2024-08-16,Sports & Fitness,Resistance Bands,7.0,2546.67,17826.69,,Suresh Bose,Debit Card
AMZ105472,2023-10-22,Books,Biography,4.0,214.29,857.16,Central,Pooja Menon,Amazon Pay
AMZ102069,2024-08-24,Office Products,Gel Pens Set,8.0,793.47,6347.76,East,Nikhil Malhotra,Debit Card
AMZ101796,2024-08-21,Clothing,Denim Jacket,8.0,2256.95,18055.6,South ,Kavya Iyer,Net Banking
AMZ103599,2024-06-03,Beauty & Personal Care,Face Serum,6.0,1143.96,6863.76,East,Shreya Chatterjee,Debit Card
AMZ104570,2024-12-01,Electronics,Action Camera,6.0,3867.19,23203.14, West,Vivek Bose,Credit Card
AMZ101261,2024-11-14,Books,Biography,8.0,776.72,6213.76, West,Pooja Gupta,Net Banking
AMZ102884,2023-06-18,Home & Kitchen,Blender,7.0,3115.1,21805.7,South ,Priya Malhotra,Debit Card
AMZ104057,2024-09-22,Sports & Fitness,Resistance Bands,2.0,336.48,672.96, West,Deepak Singh,
AMZ100451,2023-08-31,Home & Kitchen,Electric Kettle,4.0,1427.5,5710.0,east,Ananya Chatterjee,Cash on Delivery
AMZ104025,2023-09-25,Grocery & Gourmet,Honey 500g,3.0,211.7,635.1,SOUTH,Nikhil Iyer,UPI
AMZ105700,2023-03-13,Toys & Games,Soft Toy,5.0,659.47,3297.35, West,Lakshmi Rao,Cash on Delivery
AMZ101626,2024-11-11,Home & Kitchen,Non-Stick Pan Set,7.0,2868.0,20076.0,central,,Net Banking
AMZ100892,2023-08-31,Clothing,Casual Sneakers,1.0,2346.49,2346.49,Central,Rahul Singh,Credit Card
AMZ101561,2023-01-03,Toys & Games,Soft Toy,4.0,1139.43,4557.72,West,Manoj Bose,UPI
AMZ100708,2023-07-10,Grocery & Gourmet,Cooking Oil 1L,9.0,237.39,2136.51,SOUTH,Lakshmi Gupta,Amazon Pay
AMZ101446,2023-07-04,Sports & Fitness,Dumbbell Set,7.0,2368.2,16577.4,SOUTH,Yash Nair,UPI
AMZ100648,2023-12-18,Furniture,Bookshelf,9.0,6968.81,62719.29,North,Ananya Kumar,Debit Card
AMZ100208,2023-01-15,Electronics,Bluetooth Speaker,10.0,4325.42,43254.2, West,Divya Chatterjee,Credit Card
AMZ105561,2023-06-04,Grocery & Gourmet,Almonds 500g,8.0,555.2,4441.6,SOUTH,Lakshmi Agarwal,Credit Card
AMZ101330,2023-12-12,Beauty & Personal Care,Trimmer,6.0,1329.43,7976.58,North,Priya Bhatt,Cash on Delivery
AMZ104621,2024-09-27,Furniture,Bookshelf,1.0,5784.3,5784.3,EAST,Sanjay Joshi,Debit Card
AMZ104356,2023-07-15,Sports & Fitness,Skipping Rope,5.0,970.24,4851.2,EAST,Ritu Patel,Cash on Delivery
AMZ102076,2024-04-29,Beauty & Personal Care,Sunscreen SPF50,6.0,1800.42,10802.52,East,Anusha Patel,Net Banking
AMZ101604,2024-07-26,Books,Cookbook,6.0,277.13,1662.78, North,Manoj Reddy,Amazon Pay
AMZ100797,2023-11-10,Furniture,Bookshelf,4.0,9335.16,37340.64,South,Anusha Iyer,Debit Card
AMZ102437,2023-08-13,Sports & Fitness,Resistance Bands,8.0,698.29,5586.32,central,Divya Rao,Credit Card
AMZ100459,2024-08-01,Toys & Games,Soft Toy,1.0,1735.29,1735.29,NORTH,Vikram Singh,Net Banking
AMZ104160,2023-01-31,Grocery & Gourmet,Almonds 500g,4.0,245.27,981.08, North,Suresh Kapoor,Debit Card
AMZ104804,2024-08-16,Toys & Games,Soft Toy,2.0,286.14,572.28,Central,Divya Singh,Debit Card
AMZ102134,2023-03-23,Sports & Fitness,Yoga Mat,4.0,3201.72,12806.88,CENTRAL ,Karthik Sharma,Net Banking
AMZ100245,2024-05-22,Clothing,Running Shoes,2.0,2122.74,4245.48,central,Tanvi Bhatt,Amazon Pay
AMZ104211,2023-08-27,Sports & Fitness,Skipping Rope,4.0,909.32,3637.28,,Anusha Chatterjee,Cash on Delivery
AMZ100197,2024-06-06,Electronics,Wireless Earbuds,1.0,4253.23,4253.23,central,Yash Kumar,Credit Card
AMZ102684,2023-01-06,Office Products,Stapler,3.0,941.5,2824.5,SOUTH,Ananya Pillai,Cash on Delivery
AMZ101249,2023-01-12,Beauty & Personal Care,Perfume 100ml,4.0,941.9,3767.6,NORTH,Vivek Patel,Debit Card
AMZ102836,2023-10-28,Electronics,Bluetooth Speaker,3.0,3624.34,10873.02,South ,Arjun Joshi,Cash on Delivery
AMZ102086,2023-01-14,Grocery & Gourmet,Almonds 500g,1.0,320.14,320.14,SOUTH,Divya Pillai,Debit Card
AMZ104562,2024-10-22,Grocery & Gourmet,Instant Coffee Jar,10.0,694.33,6943.3, North,Rahul Nair,Credit Card
AMZ101092,2024-08-27,Furniture,Office Chair,6.0,11632.17,69793.02, North,Isha Kapoor,
AMZ102338,2023-05-18,Beauty & Personal Care,Perfume 100ml,6.0,1878.35,11270.1,west,Ritu Bhatt,Amazon Pay
AMZ105110,2024-03-03,Home & Kitchen,Electric Kettle,2.0,3394.42,6788.84,central,Ananya Singh,Credit Card
AMZ102095,2024-02-01,Sports & Fitness,Cricket Bat,3.0,1012.02,3036.06,Central,Lakshmi Verma,Cash on Delivery
AMZ103390,2023-03-05,Office Products,Desk Organizer,10.0,883.27,8832.7, North,Deepak Malhotra,Amazon Pay
AMZ102473,2023-06-21,Toys & Games,Board Game,5.0,229.17,1145.85,,Zoya Joshi,UPI
AMZ103452,2024-07-22,Beauty & Personal Care,Perfume 100ml,10.0,149.49,1494.9,west,Nikhil Bose,Net Banking
AMZ104572,2024-12-23,Grocery & Gourmet,Honey 500g,7.0,508.75,3561.25,central,Zoya Reddy,Net Banking
AMZ102948,2023-02-27,Grocery & Gourmet,Green Tea Pack,5.0,517.97,2589.85,South,Neha Bose,Credit Card
AMZ101866,2024-04-27,Sports & Fitness,Resistance Bands,6.0,1558.25,9349.5,SOUTH,Kavya Gupta,Net Banking
AMZ100937,2024-07-08,Beauty & Personal Care,Trimmer,7.0,291.12,2037.84,Central,Vikram Iyer,UPI
AMZ100542,2023-08-11,Electronics,Laptop Stand,4.0,585.09,2340.36,,Pooja Reddy,Net Banking
AMZ104766,2024-09-25,Furniture,Bedside Table,10.0,2981.8,29818.0,EAST,Priya Agarwal,Amazon Pay
AMZ100469,2023-07-11,Books,Fiction Novel,5.0,876.18,4380.9,central,Isha Verma,Amazon Pay
AMZ105309,2024-02-15,Toys & Games,Remote Control Car,4.0,923.67,3694.68,Central,Arjun Rao,Net Banking
AMZ103479,2023-11-09,Books,Cookbook,8.0,352.87,2822.96,west,Isha Gupta,Net Banking
AMZ102420,2023-10-18,Furniture,Bookshelf,9.0,1188.69,10698.21,SOUTH,Zoya Gupta,Amazon Pay
AMZ103672,2024-05-08,Beauty & Personal Care,Face Serum,3.0,1937.9,5813.7,central,Vivek Das,Amazon Pay
AMZ104902,2024-06-25,Sports & Fitness,Yoga Mat,5.0,3385.86,16929.3,CENTRAL ,Arjun Das,UPI
AMZ101340,2024-04-13,Beauty & Personal Care,Trimmer,10.0,176.83,1768.3,East,Manoj Rao,Net Banking
AMZ100110,2023-07-12,Beauty & Personal Care,Trimmer,3.0,602.88,1808.64,SOUTH,Sneha Das,Cash on Delivery
AMZ101424,2024-06-11,Home & Kitchen,Electric Kettle,3.0,4904.66,14713.98,East,Tanvi Kapoor,Amazon Pay
AMZ104043,2023-01-30,Sports & Fitness,Dumbbell Set,4.0,1554.72,6218.88,north,Zoya Malhotra,Amazon Pay
AMZ101075,2023-09-19,Office Products,Desk Organizer,4.0,381.56,1526.24,west,Rahul Reddy,UPI
AMZ103638,2024-05-06,Home & Kitchen,Blender,5.0,396.08,1980.4,Central,Vikram Rao,Net Banking
AMZ100274,2024-09-13,Home & Kitchen,Bed Sheet Set,10.0,1002.28,10022.8,West,Imran Menon,Cash on Delivery
AMZ104259,2024-05-09,Furniture,Office Chair,10.0,1570.49,15704.9,SOUTH,Aditya Agarwal,Debit Card
AMZ101725,2023-11-23,Books,Children's Story Book,,203.51,,south,Manoj Verma,UPI
AMZ100253,2023-01-19,Books,Children's Story Book,1.0,114.56,114.56,CENTRAL ,Yash Rao,UPI
AMZ105121,2023-07-23,Toys & Games,Building Blocks Set,6.0,1508.38,9050.28,south,Priya Gupta,Amazon Pay
AMZ103091,2023-05-16,Clothing,Denim Jacket,2.0,313.09,626.18,East,Sanjay Rao,Amazon Pay
AMZ101365,2024-11-12,Clothing,Men's T-Shirt,10.0,1729.15,17291.5,,Imran Malhotra,Cash on Delivery
AMZ104233,2023-06-10,Beauty & Personal Care,Lipstick Set,4.0,1126.52,4506.08,West,Sneha Gupta,Net Banking
AMZ104188,2023-12-05,Beauty & Personal Care,Perfume 100ml,4.0,994.14,3976.56,West,Rohan Agarwal,Credit Card
AMZ102744,2024-09-02,Office Products,Gel Pens Set,8.0,950.98,7607.84,west,Rohan Chatterjee,UPI
AMZ104561,2024-01-02,Clothing,Women's Kurti,2.0,1070.97,2141.94,North,Ritu Singh,Amazon Pay
AMZ101152,2024-01-22,Sports & Fitness,Badminton Racket,8.0,3207.99,25663.92,south,Suresh Menon,Amazon Pay
AMZ100272,2023-10-11,Clothing,Winter Hoodie,6.0,607.72,3646.32,EAST,Kavya Bhatt,Cash on Delivery
AMZ101909,2024-02-09,Books,Children's Story Book,4.0,788.88,3155.52,South ,Tanvi Bhatt,Net Banking
AMZ103021,2023-08-31,Toys & Games,Remote Control Car,8.0,1240.95,9927.6,west,Arjun Pillai,Net Banking
AMZ104880,2023-08-19,Home & Kitchen,Vacuum Cleaner,1.0,2871.4,2871.4,West,Imran Reddy,Amazon Pay
AMZ101362,2024-02-14,Furniture,Bean Bag,2.0,4982.91,9965.82,East,Rohan Pillai,Credit Card
AMZ104237,2023-03-30,Clothing,Casual Sneakers,3.0,366.16,1098.48,North,Divya Chatterjee,Debit Card
AMZ102225,2023-06-29,Office Products,Stapler,7.0,719.21,5034.47,South ,Sanjay Menon,Cash on Delivery
AMZ100725,2023-06-24,Books,Children's Story Book,9.0,541.02,4869.18,SOUTH,Ananya Nair,Amazon Pay
AMZ103517,2024-09-17,Furniture,Bedside Table,1.0,12416.41,12416.41, North,Pooja Das,Debit Card
AMZ102457,2023-12-10,Electronics,Wireless Mouse,3.0,3432.02,10296.06,West,Shreya Patel,Cash on Delivery
AMZ103346,2023-04-17,Furniture,Bedside Table,5.0,2248.32,11241.6,CENTRAL ,Pooja Malhotra,Cash on Delivery
AMZ102394,2023-08-13,Electronics,Smart Watch,5.0,3105.19,15525.95,South ,Shreya Agarwal,Cash on Delivery
AMZ100709,2024-07-17,Grocery & Gourmet,Green Tea Pack,3.0,625.93,1877.79,CENTRAL ,Imran Kumar,UPI
AMZ104453,2023-02-13,Clothing,Yoga Pants,4.0,1619.71,6478.84,South,Suresh Pillai,Credit Card
AMZ101195,2024-07-01,Office Products,Desk Organizer,6.0,120.44,722.64,north,Neha Verma,Amazon Pay
AMZ103898,2023-04-01,Toys & Games,Soft Toy,8.0,1142.88,9143.04,west,Deepak Patel,Debit Card
AMZ103493,2024-10-05,Sports & Fitness,Badminton Racket,7.0,235.97,1651.79,east,Neha Kapoor,Net Banking
AMZ101162,2024-05-11,Electronics,Bluetooth Speaker,6.0,5681.4,34088.4,south,Sneha Gupta,Debit Card
AMZ104162,2024-07-18,Office Products,Whiteboard Marker Set,7.0,947.3,6631.1,SOUTH,Farhan Kapoor,Amazon Pay
AMZ103856,2024-12-17,Sports & Fitness,Skipping Rope,9.0,2568.95,23120.55, West,Imran Menon,Cash on Delivery
AMZ100524,2023-09-19,Office Products,Whiteboard Marker Set,5.0,923.67,4618.35,central,Pooja Gupta,Credit Card
AMZ100562,2024-02-27,Home & Kitchen,Bed Sheet Set,1.0,1231.09,1231.09,CENTRAL ,Anusha Bhatt,Cash on Delivery
AMZ105695,2023-01-08,Office Products,Whiteboard Marker Set,9.0,563.46,5071.14, West,Rahul Bose,Cash on Delivery
AMZ103955,2024-07-01,Toys & Games,Building Blocks Set,6.0,760.2,4561.2,EAST,Manoj Bose,Amazon Pay
AMZ100837,2023-06-02,Beauty & Personal Care,Face Serum,1.0,307.2,307.2,EAST,Karthik Iyer,Net Banking
AMZ101543,2023-10-06,Home & Kitchen,Blender,7.0,3118.29,21828.03,west,Tanvi Kapoor,UPI
AMZ100005,2023-04-10,Furniture,Bookshelf,3.0,2235.67,6707.01,CENTRAL ,Ananya Rao,UPI
AMZ103890,2023-05-10,Office Products,Notebook Pack,2.0,799.01,1598.02,West,Anusha Agarwal,UPI
AMZ102406,2024-06-05,Beauty & Personal Care,Hair Dryer,4.0,1738.3,6953.2,central,Aditya Reddy,Credit Card
AMZ102251,2024-06-07,Home & Kitchen,Electric Kettle,2.0,932.05,1864.1,east,Zoya Sharma,Credit Card
AMZ100126,2024-07-29,Sports & Fitness,Yoga Mat,4.0,3402.28,13609.12,South,Zoya Rao,Credit Card
AMZ105300,2023-01-16,Grocery & Gourmet,Honey 500g,2.0,147.03,294.06,South ,Rohan Nair,Credit Card
AMZ105803,2024-02-08,Clothing,Winter Hoodie,7.0,1181.84,8272.88,west,Vivek Patel,UPI
AMZ102376,2024-08-05,Clothing,Casual Sneakers,8.0,2476.19,19809.52,SOUTH,Imran Agarwal,Net Banking
AMZ103426,2023-06-13,Sports & Fitness,Skipping Rope,7.0,3213.13,22491.91,NORTH,Anusha Singh,Net Banking
AMZ100119,2023-07-21,Furniture,Bookshelf,7.0,1217.56,8522.92,west,Isha Verma,Amazon Pay
AMZ102351,2024-09-25,Beauty & Personal Care,Hair Dryer,9.0,887.43,7986.87,North,Farhan Pillai,UPI
AMZ104441,2024-08-01,Furniture,Bookshelf,-1.0,2816.93,2816.93,south,Priya Agarwal,Debit Card
AMZ102063,2023-06-27,Grocery & Gourmet,Almonds 500g,8.0,722.22,5777.76,north,Kavya Gupta,Debit Card
AMZ104892,2024-05-10,Books,Children's Story Book,7.0,305.03,2135.21,South,Kavya Singh,UPI
AMZ102730,2024-02-18,Grocery & Gourmet,Basmati Rice 5kg,5.0,436.54,2182.7,NORTH,Lakshmi Malhotra,Amazon Pay
AMZ102974,2023-01-27,Furniture,Study Table,10.0,8039.0,80390.0,west,Arjun Gupta,UPI
AMZ104225,2024-04-15,Electronics,Smart Watch,10.0,3952.08,39520.8,south,Vikram Kumar,UPI
AMZ105653,2023-05-04,Electronics,Bluetooth Speaker,1.0,4390.18,4390.18,South,Rahul Rao,Credit Card
AMZ105200,2023-03-23,Furniture,Study Table,3.0,2475.55,7426.65,East,Kavya Das,UPI
AMZ104898,2023-09-17,Toys & Games,Building Blocks Set,5.0,1146.67,5733.35,EAST,Divya Kapoor,Amazon Pay
AMZ105221,2024-01-02,Books,Biography,6.0,273.24,1639.44,Central,Rahul Patel,Credit Card
AMZ103725,2023-02-25,Electronics,Smart Watch,8.0,4493.35,35946.8,North,Manoj Reddy,UPI
AMZ104449,2023-01-26,Books,Programming Guide,9.0,623.21,5608.89,west,Anusha Das,Credit Card
AMZ105244,2024-10-04,Beauty & Personal Care,Trimmer,4.0,1227.37,4909.48,South,Yash Menon,Cash on Delivery
AMZ105040,2024-09-02,Toys & Games,Puzzle 1000pc,7.0,1058.89,7412.23,CENTRAL ,Ananya Patel,Net Banking
AMZ101002,2024-11-04,Toys & Games,Puzzle 1000pc,,487.51,,central,Aditya Bose,UPI
AMZ104400,2023-01-11,Books,Biography,9.0,275.89,2483.01,Central,Rahul Patel,
AMZ104001,2023-10-27,Furniture,Study Table,6.0,9940.31,59641.86,central,Isha Verma,Cash on Delivery
AMZ104774,2023-04-05,Toys & Games,Soft Toy,2.0,297.73,595.46,CENTRAL ,Nikhil Bhatt,Net Banking
AMZ104281,2024-12-06,Clothing,Yoga Pants,2.0,1903.43,3806.86,East,Shreya Patel,Amazon Pay
AMZ104220,2024-08-09,Office Products,Desk Organizer,4.0,911.58,3646.32,West,Aditya Nair,Cash on Delivery
AMZ105697,2023-11-10,Toys & Games,Soft Toy,2.0,747.58,1495.16,North,Ananya Kapoor,Amazon Pay
AMZ102914,2023-10-14,Office Products,Desk Organizer,6.0,55.87,335.22,central,Yash Agarwal,Amazon Pay
AMZ102945,2024-03-14,Toys & Games,Building Blocks Set,8.0,1686.7,13493.6,west,Ananya Agarwal,Cash on Delivery
AMZ101224,2024-10-28,Books,Self-Help Book,9.0,789.05,7101.45,central,Yash Singh,Credit Card
AMZ100678,2024-08-02,Books,Biography,9.0,791.09,7119.81,EAST,Ananya Chatterjee,Amazon Pay
AMZ105449,2024-06-26,Office Products,Desk Organizer,9.0,707.08,6363.72,South,Priya Singh,Cash on Delivery
AMZ101655,2024-11-10,Home & Kitchen,Bed Sheet Set,4.0,3325.67,13302.68,Central,Suresh Patel,Net Banking
AMZ101502,2024-08-21,Furniture,Office Chair,2.0,7124.02,14248.04,SOUTH,Shreya Bose,Amazon Pay
AMZ104944,2023-02-17,Grocery & Gourmet,Basmati Rice 5kg,2.0,611.88,1223.76,east,Lakshmi Das,Cash on Delivery
AMZ103031,2023-05-02,Office Products,Gel Pens Set,7.0,861.35,6029.45,east,Ritu Rao,Debit Card
AMZ100368,2023-04-06,Electronics,Laptop Stand,-6.0,807.1,4842.6,Central,Vivek Kumar,Debit Card
AMZ100844,2023-02-14,Furniture,Bean Bag,2.0,12479.71,24959.42,south,Priya Kapoor,Amazon Pay
AMZ103336,2023-03-01,Electronics,USB-C Cable,5.0,3456.93,17284.65,South ,Ritu Kumar,Credit Card
AMZ100618,2023-11-27,Grocery & Gourmet,Cooking Oil 1L,5.0,191.33,956.65,South ,Tanvi Sharma,Cash on Delivery
AMZ100480,2024-10-26,Clothing,Running Shoes,9.0,573.87,5164.83,South ,Aditya Patel,Amazon Pay
AMZ105206,2024-01-11,Beauty & Personal Care,Hair Dryer,10.0,1992.38,19923.8,West,Zoya Menon,UPI
AMZ101442,2024-08-29,Home & Kitchen,LED Desk Lamp,4.0,3058.37,12233.48,East,Suresh Nair,Net Banking
AMZ103176,2023-04-22,Electronics,Laptop Stand,9.0,1019.41,9174.69,SOUTH,Anusha Chatterjee,UPI
AMZ100698,2023-08-22,Books,Cookbook,8.0,888.6,7108.8, West,Rahul Joshi,Net Banking
AMZ104936,2023-07-15,Grocery & Gourmet,Honey 500g,7.0,129.58,907.06,South,Yash Kumar,Credit Card
AMZ103483,2023-07-10,Furniture,Study Table,,3584.63,,West,Lakshmi Kumar,Net Banking
AMZ105143,2024-09-30,Home & Kitchen,Vacuum Cleaner,5.0,4609.89,23049.45,Central,Tanvi Nair,Cash on Delivery
AMZ101439,2024-09-19,Clothing,Denim Jacket,10.0,2265.73,22657.3,North,Shreya Sharma,UPI
AMZ101908,2024-11-15,Office Products,Printer Paper A4,3.0,323.01,969.03,West,Yash Iyer,Debit Card
AMZ105401,2023-07-30,Sports & Fitness,Cricket Bat,1.0,216.26,216.26, North,Rohan Verma,Amazon Pay
AMZ103677,2023-01-14,Home & Kitchen,Non-Stick Pan Set,1.0,2421.26,2421.26,SOUTH,Sanjay Verma,Credit Card
AMZ105594,2024-04-13,Books,Self-Help Book,1.0,403.49,403.49,,Meera Singh,Cash on Delivery
AMZ100281,2023-06-07,Home & Kitchen,Blender,7.0,2058.75,14411.25,north,Divya Malhotra,Cash on Delivery
AMZ101564,2023-09-25,Grocery & Gourmet,Honey 500g,3.0,804.8,2414.4,east,Suresh Patel,Amazon Pay
AMZ100467,2023-02-19,Office Products,Whiteboard Marker Set,5.0,356.99,1784.95,EAST,Zoya Agarwal,Net Banking
AMZ102094,2024-07-01,Books,Biography,4.0,795.59,3182.36,SOUTH,Sanjay Reddy,UPI
AMZ105192,2024-05-03,Beauty & Personal Care,Face Serum,8.0,1448.74,11589.92,central,Anusha Patel,Debit Card
AMZ103619,2023-01-28,Grocery & Gourmet,Almonds 500g,7.0,496.84,3477.88,West,Zoya Reddy,Cash on Delivery
AMZ101712,2023-08-23,Home & Kitchen,Air Fryer,10.0,1603.63,16036.3,South ,Sanjay Reddy,Amazon Pay
AMZ101820,2023-04-29,Toys & Games,Soft Toy,7.0,1576.17,11033.19, West,Anusha Joshi,UPI
AMZ103283,2023-04-07,Grocery & Gourmet,Green Tea Pack,1.0,142.92,142.92,CENTRAL ,,Amazon Pay
AMZ100105,2024-01-06,Clothing,Men's T-Shirt,3.0,1634.96,4904.88,EAST,Neha Kumar,Net Banking
AMZ103582,2023-05-21,Sports & Fitness,Cricket Bat,3.0,2971.16,8913.48,EAST,Rohan Iyer,Debit Card
AMZ102189,2023-03-15,Office Products,Desk Organizer,3.0,337.2,1011.6, North,Deepak Gupta,UPI
AMZ105814,2024-07-12,Grocery & Gourmet,Instant Coffee Jar,2.0,364.03,728.06, North,Sanjay Rao,Amazon Pay
AMZ102755,2024-05-31,Beauty & Personal Care,Face Serum,6.0,1923.04,11538.24, North,Manoj Verma,UPI
AMZ103575,2023-05-16,Sports & Fitness,Cricket Bat,8.0,1904.1,15232.8,West,Isha Das,Net Banking
AMZ105112,2024-04-24,Beauty & Personal Care,Lipstick Set,2.0,1011.84,2023.68,South ,Divya Chatterjee,Credit Card
AMZ104835,2023-09-12,Clothing,Men's T-Shirt,6.0,775.15,4650.9,west,Rahul Sharma,UPI
AMZ100730,2023-06-26,Grocery & Gourmet,Cooking Oil 1L,5.0,603.34,3016.7,SOUTH,Vivek Singh,Cash on Delivery
AMZ104059,2024-04-05,Beauty & Personal Care,Face Wash,4.0,1849.07,7396.28,central,Suresh Bhatt,Debit Card
AMZ104480,2023-05-26,Books,Programming Guide,4.0,211.62,846.48,Central,Arjun Chatterjee,Amazon Pay
AMZ105228,2024-01-30,Beauty & Personal Care,Trimmer,7.0,1531.25,10718.75,central,Sneha Nair,Credit Card
AMZ101419,2023-05-13,Electronics,Smart Watch,6.0,5528.36,33170.16,South ,Zoya Das,UPI
AMZ100756,2023-08-23,Grocery & Gourmet,Almonds 500g,2.0,174.3,348.6,central,Ritu Bose,UPI
AMZ100277,2023-12-05,Clothing,Formal Shirt,7.0,,,SOUTH,Ananya Singh,Credit Card
AMZ100777,2023-03-30,Home & Kitchen,Electric Kettle,1.0,382.81,382.81,west,Manoj Pillai,Cash on Delivery
AMZ104702,2023-09-11,Toys & Games,Puzzle 1000pc,6.0,282.37,1694.22,South ,Tanvi Singh,Credit Card
AMZ100804,2024-05-21,Home & Kitchen,Electric Kettle,2.0,2963.1,5926.2,west,Imran Pillai,UPI
AMZ100397,2024-04-29,Sports & Fitness,Yoga Mat,4.0,3248.03,12992.12,CENTRAL ,Isha Menon,UPI
AMZ101114,2024-05-13,Clothing,Denim Jacket,2.0,882.78,1765.56,SOUTH,Isha Bhatt,UPI
AMZ104226,2023-05-23,Books,Fiction Novel,1.0,506.43,506.43,West,Tanvi Sharma,Credit Card
AMZ101854,2023-01-17,Grocery & Gourmet,Instant Coffee Jar,5.0,790.75,3953.75,East,Isha Patel,Amazon Pay
AMZ104369,2023-07-16,Clothing,Casual Sneakers,8.0,2179.56,17436.48,NORTH,Nikhil Nair,Debit Card
AMZ104157,2024-11-30,Home & Kitchen,Electric Kettle,10.0,3678.41,36784.1,EAST,Sanjay Menon,Cash on Delivery
AMZ103852,2023-06-14,Grocery & Gourmet,Cooking Oil 1L,4.0,889.01,3556.04,EAST,Farhan Pillai,Credit Card
AMZ101473,2024-06-17,Beauty & Personal Care,Face Wash,7.0,1176.11,8232.77,north,Farhan Joshi,Net Banking
AMZ104613,2024-03-14,Toys & Games,Board Game,1.0,1250.46,1250.46,north,Vivek Bose,UPI
AMZ103731,2024-06-23,Office Products,Printer Paper A4,10.0,301.39,3013.9,central,Rohan Patel,UPI
AMZ105134,2024-12-21,Office Products,Stapler,10.0,766.64,7666.4,EAST,Tanvi Kapoor,Amazon Pay
AMZ102701,2024-01-08,Toys & Games,Remote Control Car,7.0,1419.25,9934.75,CENTRAL ,Vikram Chatterjee,UPI
AMZ103810,2023-07-21,Sports & Fitness,Badminton Racket,9.0,402.01,3618.09,North,Deepak Verma,Credit Card
AMZ103115,2023-12-22,Sports & Fitness,Skipping Rope,4.0,,, West,Isha Bhatt,Cash on Delivery
AMZ102024,2024-07-04,Toys & Games,Puzzle 1000pc,8.0,1540.78,12326.24,east,Sneha Agarwal,Amazon Pay
AMZ104459,2024-04-16,Clothing,Yoga Pants,2.0,433.71,867.42,,Neha Rao,Cash on Delivery
AMZ102663,2023-11-19,Grocery & Gourmet,Instant Coffee Jar,2.0,461.39,922.78, West,Shreya Reddy,Debit Card
AMZ101039,2023-05-18,Clothing,Winter Hoodie,1.0,1514.48,1514.48,CENTRAL ,Kavya Malhotra,Credit Card
AMZ102787,2023-11-13,Furniture,Study Table,7.0,5987.71,41913.97,South,Tanvi Reddy,Cash on Delivery
AMZ101769,2023-11-14,Electronics,Wireless Mouse,5.0,2499.52,12497.6,North,Divya Menon,Amazon Pay
AMZ104133,2024-09-12,Home & Kitchen,Non-Stick Pan Set,3.0,2781.58,8344.74,CENTRAL ,Arjun Das,Debit Card
AMZ102071,2023-11-05,Furniture,Bookshelf,9.0,10148.65,91337.85,south,Ananya Sharma,Cash on Delivery
AMZ104151,2023-02-21,Clothing,Women's Kurti,10.0,1890.36,18903.6,central,Sneha Kapoor,Amazon Pay
AMZ101281,2024-09-07,Grocery & Gourmet,Cooking Oil 1L,3.0,112.59,337.77,East,Shreya Gupta,Debit Card
AMZ101055,2023-11-10,Home & Kitchen,Air Fryer,5.0,4612.39,23061.95,north,Neha Gupta,Amazon Pay
AMZ103061,2024-10-03,Office Products,Whiteboard Marker Set,10.0,208.8,2088.0,east,Aditya Reddy,Debit Card
AMZ102142,2023-05-11,Beauty & Personal Care,Face Wash,3.0,1169.21,3507.63,,Divya Gupta,Credit Card
AMZ100727,2023-10-12,Toys & Games,Remote Control Car,3.0,770.96,2312.88,Central,Lakshmi Pillai,Net Banking
AMZ101925,2023-04-14,Home & Kitchen,Non-Stick Pan Set,2.0,2737.06,5474.12,NORTH,Meera Rao,Amazon Pay
AMZ102476,2023-04-12,Electronics,Smart Watch,2.0,3514.37,7028.74,south,Suresh Joshi,Credit Card
AMZ102433,2023-07-10,Clothing,Women's Kurti,4.0,1118.17,4472.68,central,Ananya Kapoor,Amazon Pay
AMZ101456,2023-08-07,Electronics,Wireless Earbuds,3.0,2326.68,6980.04,central,Vivek Patel,Credit Card
AMZ102621,2023-02-17,Office Products,Stapler,9.0,290.54,2614.86,East,Nikhil Joshi,Debit Card
AMZ103664,2024-11-24,Sports & Fitness,Yoga Mat,6.0,400.3,2401.8,NORTH,Suresh Chatterjee,
AMZ100681,2024-12-21,Toys & Games,Soft Toy,1.0,1156.29,1156.29,South ,Meera Iyer,Amazon Pay
AMZ105692,2023-05-04,Office Products,Printer Paper A4,9.0,685.27,6167.43,west,Rahul Sharma,Cash on Delivery
AMZ100341,2023-04-06,Grocery & Gourmet,Basmati Rice 5kg,7.0,534.44,3741.08,West,Kavya Agarwal,Net Banking
AMZ104729,2023-04-30,Office Products,Gel Pens Set,9.0,211.09,1899.81,South,Sneha Patel,Cash on Delivery
AMZ101894,2024-12-20,Clothing,Men's T-Shirt,7.0,2263.38,15843.66,north,Anusha Nair,Credit Card
AMZ102359,2023-01-02,Furniture,Study Table,6.0,10810.99,64865.94,CENTRAL ,Deepak Nair,Net Banking
AMZ102451,2023-09-29,Grocery & Gourmet,Green Tea Pack,7.0,369.06,2583.42,EAST,Sanjay Bhatt,Credit Card
AMZ100012,2023-03-02,Toys & Games,Puzzle 1000pc,8.0,838.84,6710.72,north,Vivek Iyer,Net Banking
AMZ105367,2024-07-02,Toys & Games,Soft Toy,1.0,1556.0,1556.0,central,Karthik Pillai,Net Banking
AMZ104484,2023-11-07,Toys & Games,Puzzle 1000pc,5.0,1479.85,7399.25,EAST,Farhan Rao,Debit Card
AMZ104367,2023-02-21,Grocery & Gourmet,Cooking Oil 1L,4.0,534.59,2138.36,,Ritu Menon,Credit Card
AMZ103226,2023-07-20,Clothing,Men's T-Shirt,2.0,467.98,935.96,South,Farhan Verma,Net Banking
AMZ102244,2024-10-04,Toys & Games,Remote Control Car,3.0,1637.63,4912.89,east,Anusha Kumar,Credit Card
AMZ103771,2024-11-25,Sports & Fitness,Yoga Mat,10.0,3089.16,30891.6,east,Yash Malhotra,UPI
AMZ103437,2023-02-02,Toys & Games,Remote Control Car,7.0,313.68,2195.76,central,Vikram Reddy,UPI
AMZ100812,2024-10-03,Home & Kitchen,Bed Sheet Set,6.0,2979.78,17878.68, West,Lakshmi Gupta,Debit Card
AMZ105640,2023-01-12,Electronics,Action Camera,9.0,2414.88,21733.92,East,Tanvi Bhatt,Cash on Delivery
AMZ105378,2023-11-12,Clothing,Running Shoes,8.0,2424.08,19392.64,north,Lakshmi Chatterjee,Cash on Delivery
AMZ105819,2024-10-05,Home & Kitchen,Air Fryer,7.0,4674.31,32720.17,east,Kavya Gupta,Net Banking
AMZ105373,2024-10-19,Books,Fiction Novel,8.0,318.0,2544.0,central,Ritu Kapoor,Debit Card
AMZ103922,2024-06-06,Electronics,Portable SSD,6.0,2199.1,13194.6,South ,Imran Reddy,Amazon Pay
AMZ105163,2024-04-30,Books,Children's Story Book,8.0,387.69,3101.52,SOUTH,Arjun Iyer,Credit Card
AMZ100995,2023-04-15,Sports & Fitness,Dumbbell Set,2.0,1490.49,2980.98,South,Karthik Joshi,Cash on Delivery
AMZ103338,2024-01-19,Grocery & Gourmet,Instant Coffee Jar,6.0,578.17,3469.02,East,Pooja Bose,Amazon Pay
AMZ101023,2023-05-16,Sports & Fitness,Skipping Rope,5.0,401.03,2005.15,CENTRAL ,Ritu Rao,Amazon Pay
AMZ104731,2023-11-05,Electronics,Mechanical Keyboard,4.0,5314.57,21258.28,west,Priya Agarwal,Amazon Pay
AMZ105605,2024-06-27,Office Products,Whiteboard Marker Set,8.0,424.93,3399.44,North,Priya Sharma,Debit Card
AMZ103695,2023-01-05,Sports & Fitness,Dumbbell Set,6.0,275.44,1652.64,central,Tanvi Bose,Net Banking
AMZ104491,2023-02-25,Furniture,Office Chair,4.0,11502.21,46008.84,West,Priya Bose,Cash on Delivery
AMZ104938,2024-01-16,Grocery & Gourmet,Basmati Rice 5kg,6.0,662.19,3973.14,EAST,Suresh Gupta,UPI
AMZ105674,2024-08-08,Electronics,Smart Watch,5.0,2026.14,10130.7,Central,,Credit Card
AMZ105652,2024-04-22,Office Products,Desk Organizer,8.0,556.49,4451.92,north,Arjun Gupta,Debit Card
AMZ101794,2024-03-09,Office Products,Desk Organizer,7.0,353.9,2477.3, West,Pooja Nair,Credit Card
AMZ101201,2023-08-25,Furniture,Bean Bag,4.0,8756.4,35025.6,SOUTH,Deepak Singh,Net Banking
AMZ103655,2024-06-09,Clothing,Running Shoes,7.0,641.78,4492.46,South,Arjun Kapoor,Credit Card
AMZ102881,2023-09-22,Toys & Games,Remote Control Car,4.0,227.85,911.4,South,Pooja Bhatt,Credit Card
AMZ104507,2024-08-11,Beauty & Personal Care,Trimmer,7.0,491.47,3440.29,West,Nikhil Gupta,Credit Card
AMZ102527,2024-04-18,Toys & Games,Puzzle 1000pc,3.0,1635.23,4905.69,south,Deepak Reddy,Net Banking
AMZ100063,2023-03-18,Grocery & Gourmet,Instant Coffee Jar,9.0,151.84,1366.56,NORTH,Nikhil Bose,
AMZ102715,2023-10-02,Electronics,Smart Watch,1.0,4274.62,4274.62,north,Priya Agarwal,
AMZ104569,2023-05-08,Sports & Fitness,Yoga Mat,10.0,3393.63,33936.3,south,Karthik Joshi,Net Banking
AMZ101347,2023-12-26,Toys & Games,Building Blocks Set,8.0,1664.38,13315.04,Central,Ritu Kapoor,Cash on Delivery
AMZ101682,2024-09-03,Toys & Games,Puzzle 1000pc,2.0,1550.2,3100.4,East,Nikhil Malhotra,Credit Card
AMZ104579,2023-07-07,Clothing,Running Shoes,9.0,1504.84,13543.56,South ,Vikram Pillai,Cash on Delivery
AMZ105423,2024-08-05,Books,Fiction Novel,5.0,102.0,510.0,CENTRAL ,Nikhil Iyer,Debit Card
AMZ101238,2024-12-08,Clothing,Denim Jacket,10.0,2321.4,23214.0,EAST,Shreya Sharma,
AMZ103259,2023-10-17,Sports & Fitness,Skipping Rope,8.0,2013.22,16105.76,CENTRAL ,Neha Malhotra,UPI
AMZ103372,2024-07-11,Sports & Fitness,Badminton Racket,3.0,1144.7,3434.1,NORTH,Pooja Singh,Net Banking
AMZ102709,2023-06-22,Home & Kitchen,Non-Stick Pan Set,7.0,1459.75,10218.25,west,,
AMZ105744,2023-12-22,Beauty & Personal Care,Perfume 100ml,10.0,394.67,3946.7,West,Ritu Singh,Cash on Delivery
AMZ100573,2023-07-16,Beauty & Personal Care,Face Wash,4.0,1097.67,4390.68,north,Kavya Chatterjee,Cash on Delivery
AMZ101139,2023-07-17,Sports & Fitness,Cricket Bat,3.0,2228.63,6685.89,central,Yash Patel,Net Banking
AMZ100509,2024-03-15,Clothing,Casual Sneakers,2.0,1856.89,3713.78,South,Nikhil Rao,Amazon Pay
AMZ105661,2024-06-12,Toys & Games,Remote Control Car,2.0,1893.95,3787.9,central,Pooja Menon,Credit Card
AMZ101522,2023-07-22,Books,Fiction Novel,,884.51,,East,Isha Bhatt,UPI
AMZ103417,2024-11-10,Home & Kitchen,Blender,9.0,4534.05,40806.45, West,Zoya Sharma,Credit Card
AMZ103220,2024-04-10,Electronics,Bluetooth Speaker,9.0,4746.18,42715.62,Central,Zoya Patel,Net Banking
AMZ101401,2023-03-03,Clothing,Men's T-Shirt,7.0,1704.48,11931.36,North,Sneha Malhotra,Amazon Pay
AMZ100367,2024-04-19,Electronics,Bluetooth Speaker,6.0,4766.78,28600.68,Central,Vivek Joshi,UPI
AMZ101952,2024-01-23,Books,Biography,9.0,319.04,2871.36, West,Sneha Verma,Amazon Pay
AMZ101739,2024-01-13,Clothing,Running Shoes,1.0,2087.98,2087.98,north,Shreya Das,Amazon Pay
AMZ103762,2023-07-17,Electronics,Wireless Earbuds,3.0,4060.39,12181.17,south,Aditya Pillai,Net Banking
AMZ100027,2023-07-21,Office Products,Whiteboard Marker Set,6.0,125.51,753.06,east,Vikram Singh,Net Banking
AMZ100301,2024-09-14,Books,Biography,10.0,890.98,8909.8, West,Sanjay Singh,Net Banking
AMZ104094,2023-02-02,Electronics,Power Bank,5.0,3789.34,18946.7,North,Divya Kapoor,Amazon Pay
AMZ101892,2024-10-26,Home & Kitchen,Air Fryer,4.0,4945.65,19782.6, West,Rohan Kumar,Credit Card
AMZ101865,2023-02-23,Furniture,Office Chair,4.0,11855.77,47423.08, North,Isha Rao,Debit Card
AMZ101738,2024-08-26,Electronics,Wireless Mouse,5.0,4470.38,22351.9,West,Divya Kapoor,Credit Card
AMZ105805,2023-11-18,Home & Kitchen,Storage Containers,9.0,2612.23,23510.07, West,Vikram Reddy,Cash on Delivery
AMZ104988,2024-12-04,Clothing,Running Shoes,8.0,377.4,3019.2,south,Meera Malhotra,Debit Card
AMZ103723,2024-02-21,Toys & Games,Soft Toy,5.0,859.51,4297.55,NORTH,Meera Gupta,UPI
AMZ103454,2023-05-07,Office Products,Printer Paper A4,1.0,996.53,996.53,south,Meera Malhotra,Debit Card
AMZ105319,2024-01-30,Grocery & Gourmet,Honey 500g,10.0,289.45,2894.5,south,Zoya Nair,Credit Card
AMZ103202,2023-12-30,Home & Kitchen,Vacuum Cleaner,9.0,2787.99,25091.91, North,Farhan Agarwal,Net Banking
AMZ101501,2024-02-03,Electronics,Laptop Stand,3.0,1286.07,3858.21,South,Kavya Pillai,UPI
AMZ100518,2024-07-04,Clothing,Women's Kurti,6.0,1234.0,7404.0,North,Neha Verma,Credit Card
AMZ104099,2023-01-10,Office Products,Notebook Pack,5.0,590.18,2950.9,north,Ritu Patel,Debit Card
AMZ104467,2024-03-31,Furniture,Bookshelf,4.0,3408.19,13632.76,North,Isha Bhatt,Cash on Delivery
AMZ104429,2023-06-08,Electronics,Portable SSD,1.0,2254.9,2254.9,West,Rahul Malhotra,Credit Card
AMZ101728,2024-11-22,Books,Programming Guide,1.0,159.65,159.65,North,Meera Singh,Debit Card
AMZ104992,2023-02-26,Books,Biography,10.0,132.17,1321.7, West,Arjun Bose,Amazon Pay
AMZ104437,2023-11-04,Electronics,Wireless Earbuds,5.0,1173.57,5867.85,east,Arjun Sharma,Cash on Delivery
AMZ104180,2024-11-26,Beauty & Personal Care,Face Serum,5.0,1445.17,7225.85,west,Arjun Sharma,Cash on Delivery
AMZ100768,2023-04-12,Toys & Games,Building Blocks Set,4.0,924.69,3698.76, North,Rohan Sharma,Cash on Delivery
AMZ100867,2023-12-07,Office Products,Gel Pens Set,3.0,607.08,1821.24,Central,Pooja Nair,Debit Card
AMZ105453,2023-09-24,Furniture,Bookshelf,1.0,10834.72,10834.72,Central,Anusha Joshi,UPI
AMZ101518,2024-10-31,Furniture,Bean Bag,5.0,2227.72,11138.6,east,Neha Sharma,UPI
AMZ104782,2023-04-02,Electronics,Smart Watch,6.0,5568.46,33410.76,east,Kavya Kapoor,Amazon Pay
AMZ102855,2024-05-21,Books,Children's Story Book,1.0,390.53,390.53,West,Tanvi Rao,UPI
AMZ105516,2023-08-24,Toys & Games,Board Game,7.0,343.13,2401.91, West,Isha Bhatt,UPI
AMZ105784,2024-10-15,Clothing,Women's Kurti,9.0,737.15,6634.35,South ,Karthik Gupta,Credit Card
AMZ101207,2023-07-13,Office Products,Stapler,9.0,686.0,6174.0, North,Imran Sharma,Debit Card
AMZ101607,2024-05-11,Clothing,Denim Jacket,3.0,2470.15,7410.45,North,Kavya Malhotra,UPI
AMZ103782,2023-01-22,Home & Kitchen,Blender,7.0,1418.73,9931.11,EAST,Neha Menon,Debit Card
AMZ102073,2023-03-18,Toys & Games,Puzzle 1000pc,8.0,1059.41,8475.28,South,Yash Rao,Credit Card
AMZ105171,2024-02-11,Office Products,Desk Organizer,4.0,265.93,1063.72, North,Ananya Sharma,UPI
AMZ102852,2023-05-06,Office Products,Gel Pens Set,3.0,689.97,2069.91,,Neha Pillai,Debit Card
AMZ105169,2023-08-31,Beauty & Personal Care,Perfume 100ml,9.0,1728.03,15552.27,west,Kavya Singh,Amazon Pay
AMZ102020,2024-12-24,Toys & Games,Board Game,3.0,950.46,2851.38,South,Ananya Rao,Net Banking
AMZ104105,2024-10-20,Clothing,Men's T-Shirt,7.0,1267.07,8869.49,west,Arjun Iyer,Amazon Pay
AMZ105550,2024-09-10,Furniture,Bookshelf,3.0,1532.45,4597.35,NORTH,Farhan Nair,Credit Card
AMZ105256,2024-06-09,Sports & Fitness,Cricket Bat,4.0,851.1,3404.4,NORTH,Ananya Malhotra,Cash on Delivery
AMZ105189,2024-03-08,Office Products,Printer Paper A4,5.0,645.29,3226.45,NORTH,,Credit Card
AMZ105008,2024-04-13,Grocery & Gourmet,Cooking Oil 1L,6.0,270.06,1620.36,central,Lakshmi Reddy,UPI
AMZ104115,2023-11-27,Electronics,Mechanical Keyboard,6.0,4404.31,26425.86,east,Tanvi Patel,Debit Card
AMZ104815,2024-07-31,Toys & Games,Puzzle 1000pc,6.0,1120.04,6720.24,west,Farhan Iyer,Credit Card
AMZ101073,2023-09-25,Grocery & Gourmet,Honey 500g,10.0,498.04,4980.4,west,Ritu Malhotra,Debit Card
AMZ105260,2024-08-15,Office Products,Whiteboard Marker Set,10.0,434.84,4348.4,west,Nikhil Nair,Net Banking
AMZ104240,2023-05-10,Books,Fiction Novel,5.0,248.61,1243.05,North,Anusha Singh,Net Banking
AMZ101406,2023-03-22,Clothing,Men's T-Shirt,3.0,926.24,2778.72,central,Arjun Reddy,Debit Card
AMZ105209,2024-09-01,Office Products,Whiteboard Marker Set,5.0,417.65,2088.25,West,Manoj Singh,UPI
AMZ105036,2023-01-18,Sports & Fitness,Yoga Mat,7.0,697.43,4882.01,East,Pooja Chatterjee,Net Banking
AMZ102231,2023-02-10,Office Products,Printer Paper A4,8.0,755.52,6044.16,SOUTH,Arjun Joshi,Cash on Delivery
AMZ103981,2024-11-24,Beauty & Personal Care,Lipstick Set,4.0,1421.75,5687.0,East,Ritu Chatterjee,Credit Card
AMZ104899,2023-08-23,Furniture,Bedside Table,,7322.94,,west,Nikhil Singh,Debit Card
AMZ105526,2024-04-25,Beauty & Personal Care,Hair Dryer,1.0,626.32,626.32,East,Sanjay Agarwal,Credit Card
AMZ104284,2024-09-16,Electronics,Mechanical Keyboard,8.0,4628.19,37025.52, West,Ananya Rao,
AMZ103211,2023-01-04,Home & Kitchen,Air Fryer,9.0,4142.85,37285.65,CENTRAL ,Priya Iyer,Amazon Pay
AMZ104110,2024-05-25,Toys & Games,Remote Control Car,9.0,1975.46,17779.14,EAST,Nikhil Singh,Amazon Pay
AMZ102737,2024-11-05,Books,Cookbook,7.0,681.09,4767.63,NORTH,Nikhil Verma,Amazon Pay
AMZ100174,2023-02-04,Books,Self-Help Book,2.0,323.64,647.28,North,Tanvi Joshi,Net Banking
AMZ104619,2023-12-21,Furniture,Bean Bag,10.0,7790.46,77904.6,north,Pooja Pillai,Net Banking
AMZ105681,2023-09-19,Furniture,Bean Bag,10.0,4826.44,48264.4,CENTRAL ,Meera Chatterjee,Amazon Pay
AMZ104832,2023-06-19,Electronics,Wireless Earbuds,8.0,5889.84,47118.72,central,Priya Bhatt,UPI
AMZ105099,2024-01-31,Office Products,Stapler,9.0,115.43,1038.87,North,Shreya Gupta,Amazon Pay
AMZ105311,2023-02-20,Office Products,Gel Pens Set,1.0,509.16,509.16, West,,Amazon Pay
AMZ100649,2024-08-14,Sports & Fitness,Skipping Rope,3.0,1844.61,5533.83,north,Aditya Kumar,Net Banking
AMZ105213,2024-06-27,Home & Kitchen,Storage Containers,8.0,2869.58,22956.64,North,Kavya Kapoor,Credit Card
AMZ104734,2024-12-09,Home & Kitchen,Electric Kettle,3.0,3694.01,11082.03,West,Rahul Bose,Debit Card
AMZ101388,2024-05-02,Beauty & Personal Care,Face Wash,8.0,1022.87,8182.96,South,Lakshmi Kapoor,Credit Card
AMZ100479,2023-10-08,Electronics,Action Camera,10.0,2878.04,28780.4,south,Kavya Agarwal,
AMZ105091,2024-01-08,Clothing,Formal Shirt,6.0,2262.93,13577.58,CENTRAL ,Ananya Kumar,UPI
AMZ100380,2023-06-15,Books,Self-Help Book,5.0,169.75,848.75,east,Anusha Bose,Debit Card
AMZ100684,2024-10-31,Office Products,Desk Organizer,8.0,390.49,3123.92,East,Isha Verma,Amazon Pay
AMZ101832,2024-10-06,Toys & Games,Soft Toy,1.0,1493.5,1493.5,West,Arjun Joshi,Net Banking
AMZ101823,2024-05-14,Grocery & Gourmet,Basmati Rice 5kg,9.0,808.44,7275.96,SOUTH,Pooja Pillai,Net Banking
AMZ102157,2024-05-18,Furniture,Office Chair,3.0,3668.36,11005.08,West,Yash Verma,Debit Card
AMZ105815,2024-09-18,Beauty & Personal Care,Hair Dryer,9.0,924.29,8318.61, West,Anusha Joshi,Debit Card
AMZ103195,2024-10-04,Furniture,Study Table,3.0,6198.47,18595.41, North,Nikhil Patel,Amazon Pay
AMZ103144,2023-09-13,Clothing,Running Shoes,10.0,357.52,3575.2,NORTH,Ritu Reddy,UPI
AMZ100915,2023-06-28,Electronics,Bluetooth Speaker,3.0,1203.05,3609.15,CENTRAL ,Pooja Agarwal,Amazon Pay
AMZ102971,2024-04-28,Home & Kitchen,LED Desk Lamp,8.0,3167.41,25339.28,south,Nikhil Bhatt,Debit Card
AMZ104909,2023-06-04,Toys & Games,Soft Toy,5.0,1142.17,5710.85,east,Kavya Nair,Net Banking
AMZ102214,2024-05-18,Home & Kitchen,Air Fryer,2.0,1223.85,2447.7,East,Vikram Menon,UPI
AMZ104939,2024-10-26,Electronics,Power Bank,4.0,3420.17,13680.68,SOUTH,Sanjay Patel,Amazon Pay
AMZ101488,2024-03-03,Toys & Games,Remote Control Car,3.0,648.44,1945.32,South ,Meera Das,Net Banking
AMZ101292,2023-11-20,Books,Biography,4.0,151.16,604.64,West,Divya Pillai,UPI
AMZ105038,2024-02-12,Electronics,Wireless Earbuds,8.0,1157.01,9256.08, North,Aditya Singh,Cash on Delivery
AMZ101551,2024-01-24,Beauty & Personal Care,Lipstick Set,5.0,531.36,2656.8,east,Sneha Kumar,UPI
AMZ100939,2023-12-14,Furniture,Bedside Table,7.0,3868.04,27076.28, West,Karthik Nair,Amazon Pay
AMZ105748,2023-12-10,Home & Kitchen,Storage Containers,9.0,2539.47,22855.23,East,Vikram Sharma,UPI
AMZ104555,2023-07-28,Toys & Games,Soft Toy,6.0,1585.48,9512.88,South ,Rohan Das,Cash on Delivery
AMZ102178,2023-12-26,Sports & Fitness,Skipping Rope,8.0,3217.42,25739.36,west,Vikram Sharma,Net Banking
AMZ100964,2023-11-12,Beauty & Personal Care,Hair Dryer,3.0,1137.56,3412.68,NORTH,Ananya Agarwal,Credit Card
AMZ102739,2024-12-07,Clothing,Men's T-Shirt,10.0,1462.66,14626.6,East,Neha Sharma,UPI
AMZ102108,2024-08-17,Grocery & Gourmet,Honey 500g,2.0,772.42,1544.84,central,Arjun Menon,Credit Card
AMZ100358,2024-01-12,Toys & Games,Puzzle 1000pc,6.0,1408.16,8448.96,north,Tanvi Bose,Cash on Delivery
AMZ101352,2023-10-03,Beauty & Personal Care,Trimmer,2.0,566.37,1132.74,EAST,Neha Sharma,Cash on Delivery
AMZ104582,2023-02-09,Home & Kitchen,Vacuum Cleaner,3.0,3729.66,11188.98,Central,Yash Nair,Credit Card
AMZ103801,2023-12-30,Books,Biography,9.0,149.03,1341.27,East,Lakshmi Nair,Net Banking
AMZ105055,2023-09-13,Home & Kitchen,Vacuum Cleaner,1.0,4075.58,4075.58,CENTRAL ,Yash Iyer,Credit Card
AMZ103290,2024-12-15,Home & Kitchen,Blender,9.0,1984.4,17859.6,CENTRAL ,,Debit Card
AMZ103415,2023-11-08,Grocery & Gourmet,Honey 500g,7.0,331.35,2319.45,SOUTH,Kavya Patel,Credit Card
AMZ104978,2023-06-29,Toys & Games,Remote Control Car,10.0,663.96,6639.6,East,Ananya Reddy,Cash on Delivery
AMZ104776,2023-12-31,Grocery & Gourmet,Green Tea Pack,8.0,354.78,2838.24,south,Sneha Verma,Debit Card
AMZ104643,2023-02-20,Sports & Fitness,Dumbbell Set,6.0,2726.76,16360.56,central,Rahul Bose,
AMZ100303,2023-11-25,Furniture,Office Chair,1.0,5678.22,5678.22,East,Priya Gupta,Debit Card
AMZ100238,2024-03-04,Electronics,Smart Watch,9.0,5390.24,48512.16,west,,UPI
AMZ104011,2023-09-28,Electronics,Wireless Earbuds,4.0,3845.5,15382.0,central,Arjun Kapoor,Amazon Pay
AMZ102422,2024-02-10,Books,Fiction Novel,2.0,845.73,1691.46,East,Rahul Gupta,Cash on Delivery
AMZ102693,2024-03-10,Books,Fiction Novel,6.0,366.16,2196.96,South,Nikhil Kumar,UPI
AMZ101418,2023-05-24,Clothing,Casual Sneakers,4.0,858.06,3432.24,SOUTH,Neha Reddy,Credit Card
AMZ103099,2024-02-01,Sports & Fitness,Resistance Bands,7.0,1221.43,8550.01,NORTH,Kavya Reddy,Cash on Delivery
AMZ103724,2024-09-13,Books,Children's Story Book,4.0,223.1,892.4,East,Divya Iyer,UPI
AMZ102483,2024-01-22,Home & Kitchen,Storage Containers,5.0,4787.65,23938.25, North,Divya Chatterjee,Debit Card
AMZ104945,2024-06-02,Furniture,Bedside Table,4.0,11834.21,47336.84,north,Karthik Iyer,Net Banking
AMZ105725,2023-02-11,Beauty & Personal Care,Face Wash,4.0,1387.75,5551.0,west,Shreya Joshi,Credit Card
AMZ104014,2023-02-19,Grocery & Gourmet,Instant Coffee Jar,1.0,661.69,661.69,East,Sanjay Bhatt,Debit Card
AMZ103765,2023-09-12,Clothing,Women's Kurti,10.0,1970.99,19709.9,North,Ananya Iyer,UPI
AMZ105663,2024-09-14,Electronics,Smart Watch,1.0,5495.36,5495.36,NORTH,Isha Das,Credit Card
AMZ102631,2024-11-03,Books,Biography,3.0,708.71,2126.13,North,,Credit Card
AMZ105193,2024-07-25,Clothing,Women's Kurti,2.0,2480.4,4960.8,West,Suresh Rao,Cash on Delivery
AMZ104217,2023-01-26,Sports & Fitness,Dumbbell Set,8.0,1296.15,10369.2,west,Divya Das,Amazon Pay
AMZ104762,2024-07-25,Electronics,Wireless Earbuds,6.0,3480.97,20885.82,North,Yash Patel,Cash on Delivery
AMZ105056,2024-11-04,Beauty & Personal Care,Hair Dryer,9.0,553.91,4985.19, North,Meera Kumar,Credit Card
AMZ104842,2023-01-22,Toys & Games,Remote Control Car,10.0,422.8,4228.0,south,Ananya Nair,Credit Card
AMZ100606,2023-08-26,Sports & Fitness,Badminton Racket,4.0,1976.27,7905.08,,Rohan Kapoor,Debit Card
AMZ100539,2024-12-21,Sports & Fitness,Yoga Mat,5.0,2386.68,11933.4,South ,Karthik Reddy,Credit Card
AMZ105686,2024-11-12,Grocery & Gourmet,Basmati Rice 5kg,6.0,241.73,1450.38,South ,Manoj Joshi,Debit Card
AMZ103466,2024-07-21,Electronics,Laptop Stand,4.0,4670.81,18683.24,central,Neha Bhatt,Credit Card
AMZ104309,2024-04-20,Sports & Fitness,Cricket Bat,9.0,2619.21,23572.89, North,Sneha Sharma,Net Banking
AMZ103410,2024-04-04,Grocery & Gourmet,Basmati Rice 5kg,9.0,121.14,1090.26,West,Shreya Patel,Debit Card
AMZ103831,2023-04-02,Toys & Games,Soft Toy,8.0,641.92,5135.36,CENTRAL ,Deepak Iyer,UPI
AMZ103307,2023-03-23,Grocery & Gourmet,Cooking Oil 1L,5.0,,,North,Nikhil Bhatt,Cash on Delivery
AMZ103965,2024-04-20,Home & Kitchen,LED Desk Lamp,10.0,1339.13,13391.3, West,Ritu Agarwal,Net Banking
AMZ101593,2023-08-29,Sports & Fitness,Dumbbell Set,10.0,713.64,7136.4,CENTRAL ,Neha Menon,Amazon Pay
AMZ104271,2023-02-19,Clothing,Women's Kurti,4.0,1534.54,6138.16, North,Ritu Nair,UPI
AMZ102160,2024-04-06,Home & Kitchen,LED Desk Lamp,4.0,3915.67,15662.68,central,Arjun Joshi,Amazon Pay
AMZ103332,2023-11-25,Books,Fiction Novel,10.0,886.64,8866.4,East,Shreya Verma,Cash on Delivery
AMZ100389,2023-02-19,Clothing,Men's T-Shirt,5.0,450.63,2253.15,east,Rahul Rao,Cash on Delivery
AMZ105718,2023-06-05,Grocery & Gourmet,Almonds 500g,6.0,104.88,629.28,central,Aditya Verma,UPI
AMZ103357,2023-10-07,Clothing,Winter Hoodie,7.0,1252.57,8767.99,SOUTH,Sanjay Rao,Debit Card
AMZ104501,2023-07-28,Electronics,Wireless Mouse,10.0,3254.04,32540.4,east,Pooja Menon,Net Banking
AMZ102959,2024-08-10,Beauty & Personal Care,Sunscreen SPF50,2.0,1875.7,3751.4,East,Shreya Das,Amazon Pay
AMZ103080,2023-08-03,Electronics,Wireless Earbuds,6.0,1112.49,6674.94,CENTRAL ,Rahul Chatterjee,Debit Card
AMZ100933,2023-06-19,Furniture,Study Table,7.0,9328.17,65297.19,CENTRAL ,Farhan Agarwal,Cash on Delivery
AMZ102537,2023-10-27,Grocery & Gourmet,Basmati Rice 5kg,6.0,554.03,3324.18,West,Neha Gupta,Net Banking
AMZ104106,2024-05-05,Clothing,Denim Jacket,3.0,2148.31,6444.93,NORTH,Suresh Reddy,Cash on Delivery
AMZ105154,2024-06-21,Electronics,Bluetooth Speaker,8.0,3477.98,27823.84,Central,Pooja Singh,Credit Card
AMZ102138,2023-05-22,Sports & Fitness,Dumbbell Set,3.0,2957.48,8872.44, North,Tanvi Malhotra,Cash on Delivery
AMZ100313,2024-11-20,Grocery & Gourmet,Honey 500g,9.0,142.44,1281.96, West,Shreya Rao,Net Banking
AMZ102610,2023-04-13,Beauty & Personal Care,Trimmer,2.0,1494.96,2989.92,North,Sneha Reddy,Debit Card
AMZ100457,2023-08-18,Toys & Games,Remote Control Car,5.0,797.79,3988.95,west,Sneha Verma,Debit Card
AMZ103221,2023-11-15,Books,Self-Help Book,7.0,857.2,6000.4, West,Nikhil Joshi,Debit Card
AMZ103819,2023-11-29,Home & Kitchen,Air Fryer,8.0,2362.45,18899.6, West,Priya Nair,UPI
AMZ105422,2024-12-31,Sports & Fitness,Resistance Bands,5.0,2225.65,11128.25,West,Sanjay Nair,Debit Card
AMZ100083,2023-08-10,Office Products,Desk Organizer,6.0,168.58,1011.48,,Ritu Kapoor,Amazon Pay
AMZ102807,2023-09-06,Grocery & Gourmet,Green Tea Pack,4.0,607.75,2431.0, North,Kavya Menon,Net Banking
AMZ105042,2023-11-27,Home & Kitchen,Storage Containers,6.0,2734.16,16404.96,Central,,Debit Card
AMZ103241,2023-01-29,Grocery & Gourmet,Green Tea Pack,6.0,499.13,2994.78,Central,Pooja Kumar,Debit Card
AMZ101115,2023-03-17,Toys & Games,Building Blocks Set,1.0,222.85,222.85,,Lakshmi Kumar,Cash on Delivery
AMZ101409,2024-08-07,Beauty & Personal Care,Lipstick Set,1.0,638.36,638.36,West,Lakshmi Singh,Credit Card
AMZ101509,2024-06-03,Grocery & Gourmet,Instant Coffee Jar,10.0,466.39,4663.9,south,Nikhil Rao,Amazon Pay
AMZ100184,2023-08-13,Toys & Games,Puzzle 1000pc,5.0,395.67,1978.35,central,Aditya Joshi,Cash on Delivery
AMZ103877,2024-08-13,Sports & Fitness,Yoga Mat,8.0,3107.68,24861.44,CENTRAL ,Rahul Patel,UPI
AMZ104138,2023-04-20,Beauty & Personal Care,Trimmer,9.0,1063.38,9570.42,West,Ananya Pillai,Net Banking
AMZ101560,2024-10-23,Office Products,Stapler,9.0,456.73,4110.57,east,Ritu Verma,Debit Card
AMZ101471,2023-11-20,Books,Biography,5.0,820.95,4104.75,EAST,Ritu Chatterjee,Cash on Delivery
AMZ103050,2023-12-05,Grocery & Gourmet,Instant Coffee Jar,6.0,567.92,3407.52,North,Lakshmi Chatterjee,Amazon Pay
AMZ101403,2024-08-13,Office Products,Whiteboard Marker Set,8.0,797.17,6377.36, North,Rohan Patel,Debit Card
AMZ103854,2024-01-12,Books,Children's Story Book,6.0,273.51,1641.06,East,Sneha Singh,Amazon Pay
AMZ103658,2024-05-15,Clothing,Denim Jacket,5.0,2447.48,12237.4,West,Zoya Rao,
AMZ102380,2024-11-14,Electronics,Portable SSD,4.0,2765.82,11063.28,North,Ritu Bose,UPI
AMZ103150,2024-05-23,Electronics,Wireless Mouse,7.0,5757.35,40301.45,Central,Nikhil Agarwal,Debit Card
AMZ102557,2023-03-26,Beauty & Personal Care,Face Wash,3.0,725.86,2177.58,west,Nikhil Reddy,Amazon Pay
AMZ100918,2024-02-16,Home & Kitchen,Bed Sheet Set,2.0,1823.36,3646.72,central,Neha Bose,Debit Card
AMZ103836,2023-08-26,Toys & Games,Building Blocks Set,8.0,244.0,1952.0,,Anusha Bhatt,Net Banking
AMZ103254,2024-05-29,Home & Kitchen,Air Fryer,5.0,3993.5,19967.5,West,Anusha Reddy,Cash on Delivery
AMZ103512,2024-06-06,Electronics,Action Camera,3.0,4946.83,14840.49,East,Divya Patel,Net Banking
AMZ103090,2023-06-27,Sports & Fitness,Cricket Bat,9.0,377.54,3397.86, West,Pooja Das,Amazon Pay
AMZ105750,2024-10-29,Office Products,Gel Pens Set,1.0,245.2,245.2, West,Shreya Chatterjee,Amazon Pay
AMZ105235,2024-08-20,Clothing,Formal Shirt,2.0,2197.5,4395.0, West,Imran Iyer,Amazon Pay
AMZ104638,2024-09-27,Toys & Games,Building Blocks Set,6.0,456.06,2736.36, North,Divya Agarwal,Cash on Delivery
AMZ102856,2023-04-06,Toys & Games,Board Game,2.0,555.21,1110.42,South,Deepak Sharma,Cash on Delivery
AMZ105802,2024-01-05,Clothing,Denim Jacket,1.0,1242.91,1242.91,South,Neha Menon,Amazon Pay
AMZ105677,2023-05-15,Books,Cookbook,3.0,409.29,1227.87,east,Vikram Rao,Cash on Delivery
AMZ104931,2024-10-02,Office Products,Desk Organizer,9.0,416.88,3751.92,EAST,Shreya Chatterjee,Net Banking
AMZ104131,2024-08-17,Beauty & Personal Care,Lipstick Set,5.0,724.0,3620.0,north,Meera Agarwal,Net Banking
AMZ105216,2023-07-07,Office Products,Whiteboard Marker Set,5.0,444.83,2224.15,South ,Ritu Menon,Amazon Pay
AMZ100450,2024-08-30,Electronics,Mechanical Keyboard,3.0,2893.27,8679.81,CENTRAL ,Zoya Kapoor,UPI
AMZ100278,2023-02-18,Furniture,Office Chair,4.0,12664.45,50657.8,east,Tanvi Sharma,Credit Card
AMZ104077,2024-06-23,Office Products,Notebook Pack,7.0,628.02,4396.14,SOUTH,Suresh Pillai,Amazon Pay
AMZ102877,2024-06-22,Clothing,Denim Jacket,10.0,473.39,4733.9,west,Imran Gupta,Credit Card
AMZ105734,2024-03-17,Home & Kitchen,Bed Sheet Set,7.0,1011.49,7080.43,South,Rohan Kumar,Amazon Pay
AMZ104045,2023-08-20,Office Products,Notebook Pack,1.0,915.63,915.63,North,Aditya Malhotra,Credit Card
AMZ101614,2023-02-10,Clothing,Winter Hoodie,9.0,2362.14,21259.26, West,Anusha Gupta,Amazon Pay
AMZ100038,2024-06-19,Books,Cookbook,9.0,744.89,6704.01,central,Ritu Singh,Amazon Pay
AMZ104534,2023-07-20,Electronics,Smart Watch,7.0,5928.92,41502.44, West,Meera Kapoor,Debit Card
AMZ104560,2023-02-27,Books,Fiction Novel,10.0,717.96,7179.6,SOUTH,Tanvi Sharma,Credit Card
AMZ101284,2023-09-04,Clothing,Yoga Pants,4.0,618.03,2472.12,East,Vikram Agarwal,Net Banking
AMZ101525,2023-09-12,Office Products,Gel Pens Set,3.0,111.02,333.06,South,Kavya Reddy,Cash on Delivery
AMZ104977,2024-01-17,Home & Kitchen,Air Fryer,8.0,3032.7,24261.6,West,Suresh Singh,Cash on Delivery
AMZ102347,2023-03-24,Furniture,Office Chair,10.0,12663.74,126637.4,east,Meera Gupta,Amazon Pay
AMZ103574,2023-09-14,Office Products,Printer Paper A4,7.0,951.77,6662.39,Central,Priya Verma,Amazon Pay
AMZ102290,2024-12-26,Home & Kitchen,Vacuum Cleaner,10.0,4316.54,43165.4,West,Priya Pillai,Amazon Pay
AMZ100262,2023-04-13,Electronics,Action Camera,10.0,2002.88,20028.8,east,Sanjay Patel,Cash on Delivery
AMZ101364,2024-01-20,Toys & Games,Puzzle 1000pc,8.0,817.06,6536.48,west,Rahul Gupta,Cash on Delivery
AMZ101094,2024-08-16,Grocery & Gourmet,Honey 500g,4.0,521.71,2086.84,South,Shreya Agarwal,Amazon Pay
AMZ104750,2023-11-08,Sports & Fitness,Badminton Racket,3.0,2278.88,6836.64,NORTH,Vikram Sharma,Credit Card
AMZ102853,2023-06-18,Toys & Games,Remote Control Car,10.0,926.99,9269.9,central,Meera Reddy,Net Banking
AMZ101716,2024-04-21,Electronics,Wireless Earbuds,5.0,3113.2,15566.0,East,Priya Sharma,Debit Card
AMZ101194,2024-06-25,Beauty & Personal Care,Hair Dryer,1.0,1618.88,1618.88,north,Aditya Menon,UPI
AMZ100849,2024-03-06,Office Products,Printer Paper A4,3.0,787.65,2362.95,SOUTH,Divya Nair,Cash on Delivery
AMZ104652,2024-10-03,Books,Fiction Novel,6.0,201.09,1206.54,NORTH,Isha Bose,Net Banking
AMZ101641,2023-03-17,Clothing,Formal Shirt,4.0,707.43,2829.72,north,,Debit Card
AMZ101283,2024-04-23,Clothing,Women's Kurti,7.0,2115.85,14810.95,South,Farhan Chatterjee,Credit Card
AMZ104765,2023-02-17,Clothing,Denim Jacket,10.0,533.09,5330.9,central,Neha Kumar,Net Banking
AMZ101836,2024-06-17,Sports & Fitness,Skipping Rope,10.0,2877.32,28773.2,SOUTH,Kavya Kumar,Credit Card
AMZ100166,2024-10-23,Sports & Fitness,Resistance Bands,7.0,3263.07,22841.49,North,Tanvi Reddy,Net Banking
AMZ100721,2023-08-03,Sports & Fitness,Cricket Bat,1.0,2258.82,2258.82,West,Isha Verma,Net Banking
AMZ103463,2024-04-21,Office Products,Stapler,9.0,727.28,6545.52,central,Kavya Iyer,Cash on Delivery
AMZ100413,2023-04-01,Home & Kitchen,Electric Kettle,2.0,2982.82,5965.64,south,Anusha Iyer,Net Banking
AMZ101677,2023-10-24,Electronics,Smart Watch,5.0,815.2,4076.0,NORTH,Kavya Malhotra,Net Banking
AMZ104502,2024-09-11,Office Products,Whiteboard Marker Set,6.0,632.05,3792.3,east,Arjun Chatterjee,Credit Card
AMZ102104,2023-02-05,Office Products,Stapler,7.0,253.44,1774.08,SOUTH,Rahul Bhatt,Credit Card
AMZ101185,2024-02-04,Electronics,Portable SSD,4.0,,, North,Tanvi Joshi,Net Banking
AMZ104279,2023-10-26,Furniture,Office Chair,7.0,7800.26,54601.82,west,Vivek Menon,Debit Card
AMZ100856,2024-06-13,Sports & Fitness,Skipping Rope,2.0,1625.5,3251.0,west,Sanjay Kapoor,UPI
AMZ105765,2023-11-22,Grocery & Gourmet,Cooking Oil 1L,2.0,450.0,900.0, West,Nikhil Malhotra,Amazon Pay
AMZ102810,2024-02-17,Office Products,Whiteboard Marker Set,3.0,910.73,2732.19,east,Zoya Rao,Cash on Delivery
AMZ103043,2023-04-06,Toys & Games,Board Game,7.0,732.09,5124.63,Central,Shreya Patel,Debit Card
AMZ105731,2024-03-05,Clothing,Formal Shirt,5.0,1509.39,7546.95,north,Tanvi Bhatt,UPI
AMZ103436,2023-08-30,Furniture,Bedside Table,5.0,1692.08,8460.4,south,Shreya Reddy,Cash on Delivery
AMZ100321,2023-02-16,Sports & Fitness,Skipping Rope,10.0,1396.82,13968.2,West,Arjun Malhotra,Credit Card
AMZ102596,2024-05-22,Books,Children's Story Book,1.0,387.06,387.06,West,Meera Rao,Net Banking
AMZ103133,2023-09-26,Books,Cookbook,2.0,892.24,1784.48,south,Zoya Menon,UPI
AMZ105348,2024-10-09,Beauty & Personal Care,Sunscreen SPF50,7.0,1042.6,7298.2,central,Nikhil Verma,Debit Card
AMZ102817,2024-07-14,Office Products,Gel Pens Set,9.0,60.36,543.24,EAST,Pooja Menon,
AMZ104024,2024-12-18,Home & Kitchen,Storage Containers,2.0,4594.31,9188.62,CENTRAL ,,Credit Card
AMZ103473,2023-04-15,Clothing,Running Shoes,9.0,876.52,7888.68,SOUTH,,UPI
AMZ102567,2024-04-29,Furniture,Bedside Table,1.0,4062.75,4062.75,West,Imran Kapoor,Credit Card
AMZ105535,2023-08-07,Grocery & Gourmet,Green Tea Pack,3.0,491.23,1473.69,central,Priya Verma,Cash on Delivery
AMZ105057,2023-02-28,Beauty & Personal Care,Hair Dryer,5.0,1273.91,6369.55,SOUTH,Farhan Nair,Debit Card
AMZ102978,2024-07-18,Home & Kitchen,LED Desk Lamp,10.0,4698.01,46980.1,EAST,Deepak Singh,Amazon Pay
AMZ102648,2024-05-20,Home & Kitchen,LED Desk Lamp,6.0,1004.7,6028.2,South,Kavya Kumar,Cash on Delivery
AMZ104497,2024-02-10,Toys & Games,Building Blocks Set,1.0,1604.24,1604.24,West,Nikhil Iyer,Net Banking
AMZ102763,2024-01-08,Furniture,Bookshelf,9.0,12796.17,115165.53, West,Rohan Pillai,Debit Card
AMZ105028,2023-07-29,Electronics,Action Camera,8.0,2137.37,17098.96,NORTH,Arjun Bose,Credit Card
AMZ102470,2024-12-26,Furniture,Study Table,6.0,6098.8,36592.8,north,Aditya Sharma,Amazon Pay
AMZ100113,2024-01-17,Home & Kitchen,Non-Stick Pan Set,10.0,4871.94,48719.4,south,Ananya Rao,Credit Card
AMZ100078,2024-11-02,Toys & Games,Puzzle 1000pc,5.0,659.34,3296.7,East,Nikhil Menon,Net Banking
AMZ100322,2024-10-22,Office Products,Printer Paper A4,6.0,980.21,5881.26, North,Ananya Menon,
AMZ102575,2024-11-28,Furniture,Bean Bag,10.0,5604.76,56047.6, West,Sanjay Singh,Debit Card
AMZ100656,2024-11-22,Home & Kitchen,Blender,5.0,3050.72,15253.6, North,Nikhil Kapoor,UPI
AMZ104888,2024-12-16,Electronics,USB-C Cable,6.0,5515.96,33095.76,South ,Neha Patel,Debit Card
AMZ105177,2023-02-19,Books,Biography,10.0,506.79,5067.9,South,Isha Nair,Net Banking
AMZ102583,2023-09-18,Home & Kitchen,Bed Sheet Set,7.0,3899.65,27297.55,South ,Imran Bhatt,Credit Card
AMZ100924,2024-11-16,Sports & Fitness,Yoga Mat,5.0,587.86,2939.3, North,Arjun Chatterjee,Amazon Pay
AMZ103693,2023-11-06,Sports & Fitness,Yoga Mat,5.0,2069.13,10345.65,EAST,Rohan Bose,Amazon Pay
AMZ103275,2023-10-23,Office Products,Whiteboard Marker Set,8.0,85.82,686.56,Central,Neha Bose,Debit Card
AMZ105670,2023-10-01,Beauty & Personal Care,Face Serum,6.0,155.81,934.86,central,Priya Patel,UPI
AMZ100751,2024-07-20,Office Products,Notebook Pack,1.0,192.56,192.56,north,Rohan Reddy,Credit Card
AMZ102488,2023-09-11,Home & Kitchen,Blender,3.0,3813.2,11439.6,east,Divya Singh,UPI
AMZ102227,2023-05-23,Electronics,Wireless Earbuds,1.0,4563.88,4563.88,West,Rohan Gupta,Net Banking
AMZ103641,2024-06-24,Beauty & Personal Care,Sunscreen SPF50,6.0,847.75,5086.5,East,Meera Das,Net Banking
AMZ105145,2024-12-19,Toys & Games,Board Game,6.0,511.17,3067.02,NORTH,Karthik Verma,Amazon Pay
AMZ104912,2023-10-30,Electronics,Portable SSD,5.0,4863.94,24319.7,west,Priya Gupta,Cash on Delivery
AMZ104696,2024-02-02,Clothing,Running Shoes,5.0,2088.89,10444.45,South,Neha Joshi,Credit Card
AMZ100975,2024-05-09,Clothing,Denim Jacket,5.0,2398.83,11994.15,South,Divya Sharma,Cash on Delivery
AMZ102820,2024-01-09,Electronics,Smart Watch,6.0,5376.25,32257.5, North,Shreya Nair,Amazon Pay
AMZ102345,2024-11-08,Beauty & Personal Care,Perfume 100ml,9.0,952.62,8573.58,NORTH,Sneha Patel,Amazon Pay
AMZ102804,2023-10-25,Sports & Fitness,Cricket Bat,2.0,2216.75,4433.5,Central,Anusha Patel,Amazon Pay
AMZ102062,2023-02-08,Furniture,Bookshelf,9.0,8768.36,78915.24, North,Rahul Bose,Debit Card
AMZ103496,2023-08-21,Electronics,Wireless Earbuds,2.0,2431.35,4862.7,Central,Neha Kapoor,Credit Card
AMZ104783,2023-01-24,Sports & Fitness,Resistance Bands,9.0,2443.5,21991.5,central,Sanjay Patel,UPI
AMZ102614,2023-01-22,Office Products,Whiteboard Marker Set,3.0,217.33,651.99,West,Deepak Bhatt,UPI
AMZ102712,2023-10-23,Toys & Games,Building Blocks Set,9.0,800.71,7206.39, North,Ritu Das,Credit Card
AMZ100800,2024-04-05,Toys & Games,Building Blocks Set,4.0,1015.7,4062.8,South,,Amazon Pay
AMZ105577,2023-03-13,Home & Kitchen,Vacuum Cleaner,8.0,3696.25,29570.0,EAST,,UPI
AMZ104878,2024-04-07,Clothing,Women's Kurti,9.0,1888.77,16998.93,west,Arjun Rao,Net Banking
AMZ103913,2024-11-19,Clothing,Yoga Pants,5.0,1034.7,5173.5,EAST,Neha Malhotra,Amazon Pay
AMZ101133,2024-01-25,Grocery & Gourmet,Green Tea Pack,10.0,466.29,4662.9,south,Rahul Reddy,Debit Card
AMZ101988,2023-06-05,Beauty & Personal Care,Lipstick Set,9.0,790.44,7113.96,SOUTH,Sanjay Iyer,Amazon Pay
AMZ104907,2023-12-05,Books,Self-Help Book,4.0,563.92,2255.68,EAST,Neha Reddy,Debit Card
AMZ104178,2023-11-11,Toys & Games,Puzzle 1000pc,6.0,873.09,5238.54,north,Tanvi Sharma,Amazon Pay
AMZ104863,2024-07-07,Sports & Fitness,Skipping Rope,3.0,2313.32,6939.96,central,Ananya Malhotra,Credit Card
AMZ104122,2023-06-23,Sports & Fitness,Yoga Mat,4.0,2687.95,10751.8,Central,Divya Kapoor,Credit Card
AMZ104741,2023-12-28,Office Products,Gel Pens Set,4.0,409.59,1638.36,east,Anusha Kumar,Debit Card
AMZ102987,2024-04-30,Grocery & Gourmet,Basmati Rice 5kg,10.0,312.91,3129.1,central,Shreya Rao,Amazon Pay
AMZ101920,2024-06-25,Beauty & Personal Care,Lipstick Set,8.0,1943.91,15551.28, North,Ritu Bhatt,Amazon Pay
AMZ105172,2024-06-04,Toys & Games,Board Game,10.0,311.88,3118.8, West,Aditya Singh,Net Banking
AMZ104903,2024-02-11,Grocery & Gourmet,Green Tea Pack,7.0,323.23,2262.61,SOUTH,Meera Bose,Debit Card
AMZ103783,2023-05-09,Books,Children's Story Book,5.0,514.82,2574.1,north,Arjun Menon,Cash on Delivery
AMZ101534,2023-01-06,Toys & Games,Remote Control Car,5.0,938.5,4692.5,central,Divya Menon,Debit Card
AMZ104940,2024-03-26,Electronics,USB-C Cable,4.0,4850.77,19403.08,NORTH,Kavya Das,Credit Card
AMZ103471,2023-09-21,Toys & Games,Building Blocks Set,5.0,518.6,2593.0,South ,Vivek Reddy,UPI
AMZ100265,2024-08-14,Furniture,Bedside Table,8.0,2486.04,19888.32,SOUTH,Sneha Das,Net Banking
AMZ101021,2024-12-22,Grocery & Gourmet,Instant Coffee Jar,7.0,444.67,3112.69,North,Rahul Pillai,Debit Card
AMZ102812,2024-05-07,Beauty & Personal Care,Sunscreen SPF50,8.0,941.36,7530.88,north,Ananya Menon,Credit Card
AMZ105361,2024-08-23,Books,Children's Story Book,7.0,815.27,5706.89,South ,Yash Bose,Net Banking
AMZ103347,2024-06-25,Beauty & Personal Care,Perfume 100ml,2.0,954.44,1908.88,east,Vikram Menon,UPI
AMZ102594,2023-12-10,Books,Fiction Novel,8.0,546.62,4372.96, North,Tanvi Patel,UPI
AMZ102933,2024-08-12,Furniture,Office Chair,4.0,12732.78,50931.12,east,Imran Sharma,Debit Card
AMZ100782,2024-02-19,Furniture,Study Table,9.0,7322.92,65906.28, West,Vikram Bose,Credit Card
AMZ102879,2023-12-08,Office Products,Desk Organizer,7.0,50.4,352.8,NORTH,Neha Kumar,Cash on Delivery
AMZ101981,2023-04-28,Home & Kitchen,Blender,9.0,4158.3,37424.7,East,Pooja Sharma,Credit Card
AMZ104368,2023-01-10,Books,Fiction Novel,8.0,349.28,2794.24, West,Kavya Patel,Debit Card
AMZ103716,2023-08-03,Toys & Games,Soft Toy,4.0,1637.78,6551.12,west,Divya Menon,Amazon Pay
AMZ104817,2024-07-28,Books,Self-Help Book,5.0,305.54,1527.7,east,Anusha Sharma,Net Banking
AMZ100545,2023-10-05,Beauty & Personal Care,Lipstick Set,4.0,1691.75,6767.0,south,Kavya Das,Net Banking
AMZ101758,2024-09-27,Beauty & Personal Care,Hair Dryer,9.0,1063.32,9569.88,south,Imran Sharma,UPI
AMZ103449,2024-02-15,Toys & Games,Remote Control Car,10.0,931.79,9317.9, North,Neha Menon,Debit Card
AMZ101080,2023-03-23,Clothing,Yoga Pants,10.0,688.97,6889.7,West,Priya Singh,Net Banking
AMZ102039,2024-12-29,Office Products,Printer Paper A4,6.0,56.79,340.74,South ,Karthik Menon,Net Banking
AMZ103242,2024-05-11,Electronics,Mechanical Keyboard,10.0,5008.75,50087.5,west,Arjun Joshi,Debit Card
AMZ102237,2024-07-26,Beauty & Personal Care,Trimmer,3.0,1366.63,4099.89, West,Tanvi Bose,Amazon Pay
AMZ104457,2023-09-14,Clothing,Casual Sneakers,-10.0,1344.42,13444.2,North,Isha Kapoor,Cash on Delivery
AMZ104186,2023-05-02,Books,Cookbook,5.0,172.51,862.55, West,Priya Nair,Credit Card
AMZ104757,2024-02-17,Sports & Fitness,Resistance Bands,3.0,3297.07,9891.21,SOUTH,Rahul Das,Net Banking
AMZ104556,2024-01-25,Sports & Fitness,Yoga Mat,6.0,1663.96,9983.76,West,Divya Rao,Debit Card
AMZ101475,2023-12-24,Beauty & Personal Care,Hair Dryer,1.0,714.98,714.98,West,Meera Rao,Cash on Delivery
AMZ104067,2024-07-10,Beauty & Personal Care,Face Serum,10.0,1620.32,16203.2, North,Ritu Joshi,Cash on Delivery
AMZ102089,2023-09-26,Toys & Games,Soft Toy,6.0,1626.41,9758.46,,Lakshmi Bose,Amazon Pay
AMZ104020,2023-03-23,Grocery & Gourmet,Honey 500g,4.0,491.22,1964.88,NORTH,Karthik Verma,Cash on Delivery
AMZ104968,2024-10-25,Electronics,Smart Watch,4.0,5590.69,22362.76,West,,Net Banking
AMZ105146,2024-02-03,Electronics,Bluetooth Speaker,3.0,4207.93,12623.79,South,Lakshmi Agarwal,Cash on Delivery
AMZ102206,2023-10-16,Toys & Games,Soft Toy,4.0,547.16,2188.64,CENTRAL ,Arjun Malhotra,Net Banking
AMZ100944,2023-05-31,Beauty & Personal Care,Perfume 100ml,3.0,915.81,2747.43,East,Karthik Kumar,UPI
AMZ102952,2023-02-01,Office Products,Whiteboard Marker Set,2.0,754.82,1509.64,central,Karthik Bose,Credit Card
AMZ100871,2023-10-31,Electronics,Wireless Mouse,2.0,5789.82,11579.64,South ,Priya Rao,Credit Card
AMZ104319,2024-06-14,Sports & Fitness,Cricket Bat,9.0,2999.46,26995.14,EAST,Farhan Chatterjee,Debit Card
AMZ102316,2024-12-20,Home & Kitchen,Non-Stick Pan Set,5.0,921.77,4608.85,,Suresh Reddy,Credit Card
AMZ104073,2023-11-12,Furniture,Office Chair,8.0,2968.23,23745.84,west,Yash Reddy,Amazon Pay
AMZ101993,2024-06-29,Toys & Games,Soft Toy,4.0,1786.53,7146.12,North,Isha Kumar,Cash on Delivery
AMZ102818,2024-12-18,Furniture,Study Table,1.0,9639.18,9639.18,west,Ananya Kumar,Net Banking
AMZ101029,2023-04-04,Home & Kitchen,Electric Kettle,7.0,4372.01,30604.07,west,Isha Malhotra,Net Banking
AMZ103665,2023-10-23,Home & Kitchen,Vacuum Cleaner,1.0,510.24,510.24,CENTRAL ,Ritu Iyer,Amazon Pay
AMZ105269,2023-08-27,Toys & Games,Soft Toy,9.0,410.17,3691.53,north,Zoya Pillai,Cash on Delivery
AMZ102585,2023-05-19,Furniture,Bedside Table,1.0,11383.21,11383.21,West,Anusha Malhotra,Credit Card
AMZ103212,2024-09-04,Home & Kitchen,Vacuum Cleaner,7.0,2137.45,14962.15,SOUTH,Neha Bose,Credit Card
AMZ105273,2023-11-29,Office Products,Desk Organizer,10.0,985.1,9851.0,south,Ananya Bose,UPI
AMZ101611,2023-06-29,Sports & Fitness,Yoga Mat,6.0,3403.82,20422.92,Central,Sanjay Joshi,Cash on Delivery
AMZ105248,2024-02-24,Furniture,Bookshelf,1.0,3334.9,3334.9,CENTRAL ,Suresh Bhatt,Cash on Delivery
AMZ102794,2023-11-23,Sports & Fitness,Resistance Bands,10.0,748.77,7487.7,central,Pooja Chatterjee,Debit Card
AMZ104421,2023-11-07,Office Products,Desk Organizer,4.0,772.35,3089.4,central,Suresh Verma,Debit Card
AMZ101400,2023-12-04,Grocery & Gourmet,Basmati Rice 5kg,3.0,864.82,2594.46,CENTRAL ,Ritu Bhatt,Net Banking
AMZ104703,2023-09-26,Toys & Games,Soft Toy,3.0,1754.16,5262.48,EAST,,Cash on Delivery
AMZ104464,2024-09-08,Books,Programming Guide,1.0,588.74,588.74,Central,Nikhil Sharma,Credit Card
AMZ101814,2023-11-02,Clothing,Formal Shirt,7.0,2300.66,16104.62,NORTH,Tanvi Pillai,Net Banking
AMZ105128,2023-01-09,Clothing,Winter Hoodie,2.0,2312.9,4625.8,east,Shreya Gupta,Cash on Delivery
AMZ101449,2024-07-19,Clothing,Formal Shirt,7.0,446.53,3125.71,South,Deepak Menon,UPI
AMZ103976,2024-12-02,Beauty & Personal Care,Hair Dryer,3.0,961.09,2883.27,CENTRAL ,Neha Iyer,Cash on Delivery
AMZ105270,2024-05-26,Toys & Games,Board Game,7.0,344.56,2411.92,north,Arjun Rao,Debit Card
AMZ102538,2024-08-19,Clothing,Casual Sneakers,1.0,1082.99,1082.99,north,Imran Iyer,Net Banking
AMZ100292,2023-06-13,Furniture,Study Table,1.0,8441.14,8441.14, West,Rohan Singh,Credit Card
AMZ101692,2023-12-03,Electronics,Wireless Earbuds,5.0,1805.79,9028.95, West,Rahul Sharma,Net Banking
AMZ100779,2023-07-27,Toys & Games,Board Game,9.0,215.8,1942.2,north,Rahul Bhatt,Net Banking
AMZ104754,2024-05-04,Home & Kitchen,Storage Containers,7.0,2783.62,19485.34,east,Manoj Malhotra,UPI
AMZ103345,2023-12-14,Toys & Games,Soft Toy,1.0,1546.91,1546.91,north,Imran Sharma,
AMZ104901,2024-12-13,Office Products,Printer Paper A4,6.0,602.79,3616.74, West,Kavya Gupta,Cash on Delivery
AMZ101453,2024-06-27,Clothing,Casual Sneakers,6.0,606.76,3640.56,CENTRAL ,Zoya Malhotra,Cash on Delivery
AMZ101884,2024-10-08,Furniture,Study Table,3.0,7551.96,22655.88,north,Farhan Singh,Debit Card
AMZ104326,2024-04-03,Furniture,Bedside Table,9.0,5595.36,50358.24,South ,Zoya Bose,Net Banking
AMZ103691,2024-05-27,Beauty & Personal Care,Lipstick Set,1.0,904.66,904.66,East,Yash Menon,Debit Card
AMZ102676,2023-06-10,Furniture,Bedside Table,10.0,1439.61,14396.1,east,Manoj Das,Net Banking
AMZ103087,2023-12-30,Furniture,Office Chair,4.0,4488.63,17954.52,central,Lakshmi Kapoor,Debit Card
AMZ102697,2023-07-19,Office Products,Stapler,4.0,642.46,2569.84,east,Ritu Bose,Amazon Pay
AMZ103371,2023-03-23,Toys & Games,Building Blocks Set,4.0,582.61,2330.44,west,Zoya Menon,Debit Card
AMZ104848,2023-06-10,Beauty & Personal Care,Hair Dryer,2.0,1262.4,2524.8,CENTRAL ,Vivek Kapoor,Debit Card
AMZ104152,2024-04-13,Furniture,Bookshelf,5.0,4025.53,20127.65,south,Ananya Agarwal,Credit Card
AMZ104678,2023-10-22,Home & Kitchen,Blender,8.0,4589.41,36715.28,Central,Isha Verma,Net Banking
AMZ105175,2024-02-17,Furniture,Bean Bag,7.0,10252.91,71770.37, West,Isha Kumar,Debit Card
AMZ102776,2024-10-25,Electronics,Wireless Mouse,9.0,2556.99,23012.91,central,Vivek Bose,Credit Card
AMZ103728,2023-02-11,Clothing,Denim Jacket,7.0,446.51,3125.57,West,Pooja Kapoor,Debit Card
AMZ103936,2024-03-08,Beauty & Personal Care,Hair Dryer,9.0,692.49,6232.41,East,Ritu Agarwal,Cash on Delivery
AMZ102101,2023-06-17,Sports & Fitness,Dumbbell Set,6.0,1182.47,7094.82,East,Neha Kumar,Cash on Delivery
AMZ102424,2024-11-16,Beauty & Personal Care,Face Wash,8.0,1785.2,14281.6,East,Deepak Patel,Net Banking
AMZ100141,2023-01-03,Electronics,Smart Watch,4.0,3867.86,15471.44, West,Rahul Sharma,Credit Card
AMZ100799,2023-01-07,Home & Kitchen,Electric Kettle,7.0,4434.35,31040.45,East,Arjun Rao,Credit Card
AMZ102046,2024-01-15,Sports & Fitness,Cricket Bat,10.0,2528.78,25287.8,South,Rahul Rao,UPI
AMZ105769,2024-03-14,Books,Biography,1.0,614.23,614.23,NORTH,Kavya Das,Net Banking
AMZ100247,2023-12-22,Electronics,Bluetooth Speaker,7.0,5124.87,35874.09,central,Yash Patel,Cash on Delivery
AMZ105081,2023-12-20,Grocery & Gourmet,Honey 500g,8.0,306.79,2454.32,south,Sanjay Menon,Cash on Delivery
AMZ105481,2023-09-13,Clothing,Yoga Pants,3.0,,, West,Aditya Sharma,UPI
AMZ104877,2023-11-13,Office Products,Gel Pens Set,1.0,780.76,780.76, West,Sanjay Pillai,Amazon Pay
AMZ105523,2023-11-04,Furniture,Bookshelf,7.0,6237.14,43659.98, North,Suresh Kapoor,Debit Card
AMZ101004,2024-11-11,Office Products,Gel Pens Set,1.0,998.4,998.4,East,Vivek Pillai,Net Banking
AMZ102722,2023-05-29,Home & Kitchen,LED Desk Lamp,9.0,4318.28,38864.52,south,Zoya Sharma,Debit Card
AMZ102305,2023-09-14,Toys & Games,Remote Control Car,6.0,1270.08,7620.48, West,Vivek Kapoor,Credit Card
AMZ105625,2023-05-24,Sports & Fitness,Skipping Rope,1.0,1493.71,1493.71,Central,Suresh Iyer,Amazon Pay
AMZ103712,2023-08-03,Beauty & Personal Care,Sunscreen SPF50,10.0,1016.03,10160.3,South,Deepak Gupta,UPI
AMZ101136,2023-07-05,Toys & Games,Soft Toy,6.0,545.51,3273.06,West,Tanvi Kumar,Amazon Pay
AMZ102355,2024-07-01,Toys & Games,Board Game,1.0,910.37,910.37,Central,Karthik Reddy,Net Banking
AMZ104796,2024-05-30,Home & Kitchen,Bed Sheet Set,7.0,3150.17,22051.19,central,Priya Sharma,UPI
AMZ105097,2023-10-17,Clothing,Yoga Pants,4.0,2341.88,9367.52, West,Rahul Pillai,Cash on Delivery
AMZ101723,2023-03-07,Furniture,Bean Bag,3.0,7004.01,21012.03,south,Vivek Sharma,Credit Card
AMZ100357,2024-07-17,Home & Kitchen,Storage Containers,6.0,2690.86,16145.16,EAST,Lakshmi Singh,UPI
AMZ103930,2024-07-06,Toys & Games,Board Game,9.0,1070.27,9632.43,,Aditya Verma,Cash on Delivery
AMZ101935,2023-10-01,Furniture,Office Chair,1.0,2521.78,2521.78,north,Kavya Das,Cash on Delivery
AMZ104382,2023-03-31,Sports & Fitness,Cricket Bat,1.0,786.92,786.92,central,Ritu Bhatt,Cash on Delivery
AMZ101239,2024-08-15,Office Products,Notebook Pack,2.0,877.82,1755.64,CENTRAL ,Suresh Kumar,Net Banking
AMZ104695,2024-10-07,Books,Fiction Novel,6.0,550.28,3301.68,east,Aditya Sharma,Net Banking
AMZ105226,2024-01-18,Electronics,Bluetooth Speaker,10.0,1445.23,14452.3, West,Pooja Agarwal,Amazon Pay
AMZ101422,2024-10-19,Furniture,Bookshelf,8.0,3223.66,25789.28,East,Nikhil Sharma,Credit Card
AMZ104967,2024-07-21,Office Products,Desk Organizer,2.0,240.96,481.92, West,Rohan Patel,Debit Card
AMZ103362,2024-04-23,Books,Programming Guide,8.0,420.13,3361.04, West,Meera Joshi,Credit Card
AMZ102961,2023-04-19,Grocery & Gourmet,Honey 500g,3.0,648.76,1946.28,NORTH,Anusha Malhotra,Amazon Pay
AMZ103364,2023-09-05,Books,Fiction Novel,10.0,542.96,5429.6,EAST,Neha Sharma,Net Banking
AMZ103949,2024-06-26,Grocery & Gourmet,Honey 500g,7.0,379.28,2654.96,East,Yash Sharma,UPI
AMZ104349,2023-11-10,Furniture,Office Chair,3.0,10476.32,31428.96,north,Ritu Joshi,Debit Card
AMZ103721,2023-12-26,Clothing,Winter Hoodie,7.0,1684.46,11791.22,Central,Sneha Das,Net Banking
AMZ100908,2024-08-14,Grocery & Gourmet,Basmati Rice 5kg,9.0,310.03,2790.27, North,Sanjay Verma,Credit Card
AMZ105139,2023-03-29,Sports & Fitness,Resistance Bands,4.0,3189.0,12756.0, West,Ritu Sharma,Amazon Pay
AMZ101633,2023-06-15,Clothing,Men's T-Shirt,9.0,870.22,7831.98,east,Anusha Kapoor,UPI
AMZ100693,2023-08-26,Electronics,Action Camera,4.0,611.08,2444.32,SOUTH,Deepak Agarwal,Cash on Delivery
AMZ101596,2024-12-21,Clothing,Denim Jacket,10.0,589.56,5895.6,South ,Neha Malhotra,UPI
AMZ105182,2024-03-05,Books,Fiction Novel,8.0,476.39,3811.12,east,Aditya Bose,Credit Card
AMZ103738,2023-07-17,Clothing,Winter Hoodie,3.0,652.37,1957.11,west,Vikram Gupta,Net Banking
AMZ100687,2023-04-15,Sports & Fitness,Resistance Bands,2.0,2573.84,5147.68,west,Nikhil Gupta,Net Banking
AMZ102300,2024-06-15,Clothing,Winter Hoodie,2.0,602.44,1204.88,EAST,,Debit Card
AMZ103405,2024-10-02,Sports & Fitness,Skipping Rope,9.0,2648.24,23834.16,west,Aditya Bose,
AMZ102720,2023-10-13,Sports & Fitness,Cricket Bat,6.0,476.66,2859.96,West,Imran Malhotra,Cash on Delivery
AMZ104581,2024-11-19,Clothing,Women's Kurti,10.0,1664.89,16648.9,EAST,Pooja Bhatt,Credit Card
AMZ104567,2024-09-09,Books,Biography,2.0,327.49,654.98,South ,Pooja Malhotra,Cash on Delivery
AMZ104331,2023-11-30,Electronics,Wireless Earbuds,8.0,3787.65,30301.2,South,Anusha Rao,Net Banking
AMZ101940,2023-08-16,Beauty & Personal Care,Perfume 100ml,4.0,1977.52,7910.08,north,Suresh Pillai,Amazon Pay
AMZ100032,2023-08-06,Home & Kitchen,Air Fryer,4.0,4181.93,16727.72,west,Kavya Sharma,UPI
AMZ105683,2024-10-26,Sports & Fitness,Dumbbell Set,10.0,1607.03,16070.3,central,Lakshmi Das,UPI
AMZ101341,2024-11-30,Electronics,Mechanical Keyboard,2.0,3488.16,6976.32,East,Suresh Reddy,Debit Card
AMZ104934,2024-06-12,Furniture,Bean Bag,7.0,7120.91,49846.37,Central,Neha Iyer,Debit Card
AMZ101043,2023-10-30,Office Products,Gel Pens Set,8.0,635.66,5085.28,west,Shreya Pillai,Cash on Delivery
AMZ101095,2024-03-14,Office Products,Stapler,1.0,538.89,538.89,West,Farhan Patel,Amazon Pay
AMZ104895,2023-04-12,Home & Kitchen,Electric Kettle,9.0,3172.32,28550.88,west,Meera Verma,Net Banking
AMZ101782,2023-12-19,Toys & Games,Remote Control Car,4.0,1447.02,5788.08,CENTRAL ,Sanjay Singh,Debit Card
AMZ104262,2024-10-21,Electronics,Wireless Mouse,8.0,2162.9,17303.2, North,Kavya Sharma,UPI
AMZ105203,2023-11-05,Books,Fiction Novel,9.0,319.8,2878.2,North,Anusha Bose,Debit Card
AMZ105475,2024-12-14,Books,Children's Story Book,5.0,646.7,3233.5,north,Neha Nair,Cash on Delivery
AMZ102916,2023-12-27,Sports & Fitness,Badminton Racket,8.0,2378.01,19024.08,South,Lakshmi Verma,UPI
AMZ100246,2023-11-12,Clothing,Running Shoes,10.0,1772.78,17727.8,south,Lakshmi Rao,Cash on Delivery
AMZ100835,2024-07-02,Beauty & Personal Care,Sunscreen SPF50,1.0,513.54,513.54,South ,Ritu Singh,Debit Card
AMZ102591,2024-05-01,Electronics,Bluetooth Speaker,8.0,3433.79,27470.32,EAST,Isha Das,Debit Card
AMZ104337,2024-11-12,Home & Kitchen,Bed Sheet Set,3.0,2683.19,8049.57,north,Suresh Joshi,UPI
AMZ100416,2023-09-19,Electronics,Smart Watch,,3359.06,,CENTRAL ,Priya Kumar,Net Banking
AMZ103932,2023-05-08,Furniture,Bedside Table,8.0,12429.17,99433.36,East,Vikram Iyer,Cash on Delivery
AMZ103865,2024-01-31,Grocery & Gourmet,Instant Coffee Jar,1.0,777.91,777.91,Central,Divya Iyer,
AMZ104986,2023-12-19,Books,Self-Help Book,,661.46,,West,Vivek Nair,UPI
AMZ102120,2023-03-01,Beauty & Personal Care,Sunscreen SPF50,3.0,456.54,1369.62, West,Ananya Kapoor,Credit Card
AMZ104951,2023-07-12,Books,Biography,7.0,341.7,2391.9,SOUTH,Nikhil Das,Credit Card
AMZ105333,2023-04-09,Beauty & Personal Care,Lipstick Set,6.0,861.86,5171.16,Central,Karthik Singh,Debit Card
AMZ103544,2023-12-17,Office Products,Notebook Pack,2.0,960.5,1921.0,north,Neha Pillai,Debit Card
AMZ103551,2024-09-22,Electronics,Action Camera,2.0,2678.5,5357.0,SOUTH,Vivek Sharma,Cash on Delivery
AMZ100531,2023-01-31,Grocery & Gourmet,Honey 500g,4.0,826.39,3305.56,north,Arjun Das,Net Banking
AMZ100168,2023-02-04,Beauty & Personal Care,Trimmer,9.0,1248.06,11232.54,SOUTH,Shreya Bhatt,Amazon Pay
AMZ104644,2023-10-09,Sports & Fitness,Yoga Mat,5.0,1787.97,8939.85,west,Isha Agarwal,Debit Card
AMZ102341,2023-08-24,Sports & Fitness,Resistance Bands,3.0,2551.94,7655.82,CENTRAL ,Priya Rao,Debit Card
AMZ102738,2024-09-18,Furniture,Bedside Table,4.0,3879.62,15518.48,South ,Anusha Joshi,UPI
AMZ103422,2024-07-02,Home & Kitchen,Air Fryer,10.0,2531.49,25314.9,NORTH,Vivek Kumar,Net Banking
AMZ104088,2024-10-14,Furniture,Office Chair,4.0,7997.11,31988.44,South,Vivek Sharma,Cash on Delivery
AMZ105601,2023-06-04,Grocery & Gourmet,Instant Coffee Jar,6.0,690.19,4141.14,east,Sanjay Das,Amazon Pay
AMZ101750,2023-09-20,Beauty & Personal Care,Face Serum,8.0,1021.4,8171.2,NORTH,Farhan Pillai,Amazon Pay
AMZ100954,2024-03-07,Furniture,Bedside Table,2.0,2259.32,4518.64,CENTRAL ,Karthik Singh,Cash on Delivery
AMZ103306,2023-01-09,Office Products,Stapler,4.0,208.19,832.76,east,Suresh Rao,Amazon Pay
AMZ104320,2023-07-28,Clothing,Casual Sneakers,6.0,1805.88,10835.28,north,Pooja Patel,Credit Card
AMZ103889,2023-08-07,Furniture,Bean Bag,1.0,2279.35,2279.35,North,Ritu Rao,Credit Card
AMZ102232,2024-07-09,Clothing,Casual Sneakers,10.0,2341.52,23415.2,east,Karthik Kapoor,Debit Card
AMZ103861,2023-09-06,Grocery & Gourmet,Green Tea Pack,7.0,505.59,3539.13,South,Sneha Malhotra,Net Banking
AMZ100319,2024-05-13,Furniture,Bean Bag,4.0,2372.74,9490.96,West,Aditya Sharma,UPI
AMZ101253,2023-07-18,Clothing,Denim Jacket,5.0,2292.81,11464.05, North,Vikram Malhotra,Cash on Delivery
AMZ102474,2024-05-26,Furniture,Bedside Table,1.0,11108.7,11108.7,South,Meera Iyer,Net Banking
AMZ103120,2024-03-07,Furniture,Bedside Table,9.0,4167.05,37503.45,north,Zoya Sharma,Net Banking
AMZ101103,2023-09-13,Furniture,Bedside Table,4.0,9965.25,39861.0,north,Farhan Gupta,Debit Card
AMZ102366,2024-12-24,Beauty & Personal Care,Hair Dryer,7.0,1900.67,13304.69,South ,Karthik Menon,Amazon Pay
AMZ100401,2023-11-06,Books,Cookbook,6.0,384.32,2305.92, North,Farhan Kapoor,Cash on Delivery
AMZ103165,2024-06-04,Sports & Fitness,Skipping Rope,1.0,2542.79,2542.79,west,Rohan Iyer,Cash on Delivery
AMZ101991,2023-05-02,Electronics,Portable SSD,3.0,809.55,2428.65,East,Priya Pillai,UPI
AMZ105536,2023-01-26,Furniture,Bedside Table,4.0,3261.1,13044.4,west,Shreya Kumar,Cash on Delivery
AMZ104953,2024-09-14,Home & Kitchen,Storage Containers,1.0,3056.52,3056.52,central,Neha Bhatt,Debit Card
AMZ100893,2024-05-05,Toys & Games,Soft Toy,3.0,1732.5,5197.5,SOUTH,Imran Agarwal,Net Banking
AMZ100450,2024-08-30,Electronics,Mechanical Keyboard,3.0,2893.27,8679.81,CENTRAL ,Zoya Kapoor,UPI
AMZ105478,2024-09-26,Toys & Games,Board Game,4.0,726.3,2905.2,West,Farhan Pillai,Credit Card
AMZ103838,2023-02-10,Furniture,Bookshelf,4.0,6357.53,25430.12,SOUTH,Imran Bose,Net Banking
AMZ103880,2023-05-29,Clothing,Formal Shirt,1.0,2311.92,2311.92, West,Vivek Joshi,
AMZ104559,2023-09-15,Toys & Games,Soft Toy,6.0,1912.32,11473.92,north,Meera Malhotra,UPI
AMZ100241,2023-09-25,Grocery & Gourmet,Cooking Oil 1L,2.0,305.23,610.46,East,Kavya Verma,Net Banking
AMZ105369,2023-09-19,Home & Kitchen,Blender,6.0,2598.22,15589.32,NORTH,Zoya Kapoor,Cash on Delivery
AMZ102386,2024-02-13,Furniture,Bookshelf,2.0,11555.34,23110.68,,Neha Malhotra,Credit Card
AMZ102548,2024-03-11,Beauty & Personal Care,Trimmer,5.0,660.46,3302.3,east,Zoya Menon,Net Banking
AMZ101705,2023-07-27,Sports & Fitness,Cricket Bat,1.0,463.15,463.15, West,Sanjay Singh,Amazon Pay
AMZ105148,2024-07-17,Home & Kitchen,Bed Sheet Set,2.0,3295.03,6590.06,South,Rohan Kapoor,Net Banking
AMZ100741,2023-08-26,Electronics,USB-C Cable,7.0,2927.93,20495.51,NORTH,Neha Kapoor,Cash on Delivery
AMZ100386,2024-03-14,Electronics,Laptop Stand,2.0,1161.55,2323.1,North,Manoj Nair,Cash on Delivery
AMZ104338,2023-08-14,Grocery & Gourmet,Cooking Oil 1L,5.0,353.77,1768.85,CENTRAL ,Tanvi Chatterjee,Net Banking
AMZ102643,2024-07-11,Home & Kitchen,Electric Kettle,7.0,3091.18,21638.26,north,Ananya Sharma,Credit Card
AMZ105399,2024-10-15,Beauty & Personal Care,Hair Dryer,4.0,949.87,3799.48,CENTRAL ,Ritu Joshi,Cash on Delivery
AMZ103894,2023-01-26,Sports & Fitness,Cricket Bat,6.0,735.03,4410.18,East,Shreya Joshi,Debit Card
AMZ103560,2023-07-20,Electronics,Mechanical Keyboard,3.0,4373.49,13120.47,West,Suresh Patel,UPI
AMZ100099,2023-02-20,Home & Kitchen,Blender,6.0,3912.04,23472.24, West,Aditya Pillai,Credit Card
AMZ102441,2024-09-08,Office Products,Stapler,1.0,183.66,183.66,west,Tanvi Menon,UPI
AMZ103113,2023-05-16,Clothing,Casual Sneakers,6.0,2420.43,14522.58, North,Isha Patel,Amazon Pay
AMZ103007,2024-06-28,Grocery & Gourmet,Honey 500g,6.0,795.42,4772.52,east,Shreya Das,Net Banking
AMZ105466,2023-11-03,Electronics,Wireless Earbuds,5.0,1766.74,8833.7,north,Farhan Gupta,Debit Card
AMZ105089,2023-05-30,Office Products,Printer Paper A4,1.0,972.25,972.25,east,Zoya Pillai,Amazon Pay
AMZ101369,2023-10-12,Toys & Games,Soft Toy,8.0,1110.6,8884.8,central,Ritu Pillai,Credit Card
AMZ105610,2024-06-24,Toys & Games,Soft Toy,4.0,474.5,1898.0,west,Arjun Sharma,Net Banking
AMZ102704,2023-11-27,Electronics,Power Bank,2.0,2912.22,5824.44,South,Karthik Bhatt,Net Banking
AMZ105231,2024-09-08,Office Products,Printer Paper A4,4.0,687.28,2749.12,south,Aditya Reddy,Credit Card
AMZ100097,2023-11-16,Clothing,Yoga Pants,3.0,1734.43,5203.29,South ,Ritu Chatterjee,Credit Card
AMZ101749,2023-10-15,Home & Kitchen,Storage Containers,7.0,2200.77,15405.39,east,Karthik Agarwal,Amazon Pay
AMZ101151,2024-04-16,Beauty & Personal Care,Sunscreen SPF50,3.0,1416.59,4249.77,North,Isha Nair,UPI
AMZ100410,2024-03-22,Office Products,Whiteboard Marker Set,2.0,612.14,1224.28, North,Pooja Chatterjee,Amazon Pay
AMZ103278,2023-07-21,Toys & Games,Building Blocks Set,5.0,689.53,3447.65,west,Neha Menon,
AMZ101320,2024-11-02,Books,Cookbook,7.0,832.41,5826.87,south,Karthik Bhatt,Cash on Delivery
AMZ105541,2024-02-14,Electronics,Laptop Stand,9.0,2217.3,19955.7,east,Imran Kumar,Debit Card
AMZ102885,2023-04-25,Sports & Fitness,Skipping Rope,5.0,2244.11,11220.55,Central,Imran Malhotra,UPI
AMZ102190,2024-06-18,Grocery & Gourmet,Basmati Rice 5kg,6.0,308.28,1849.68,,Farhan Bhatt,Amazon Pay
AMZ100927,2023-02-07,Grocery & Gourmet,Almonds 500g,1.0,852.17,852.17,SOUTH,Neha Kapoor,Credit Card
AMZ101531,2023-04-13,Grocery & Gourmet,Basmati Rice 5kg,10.0,441.22,4412.2, North,Kavya Das,Debit Card
AMZ103751,2023-01-31,Beauty & Personal Care,Perfume 100ml,2.0,1763.49,3526.98,South,Kavya Bhatt,Amazon Pay
AMZ105230,2023-04-30,Furniture,Bedside Table,1.0,1203.35,1203.35,central,Kavya Reddy,Debit Card
AMZ102503,2023-02-13,Furniture,Office Chair,2.0,10052.57,20105.14,West,Ananya Verma,Amazon Pay
AMZ101876,2024-03-01,Toys & Games,Soft Toy,8.0,1028.28,8226.24, West,Arjun Patel,Debit Card
AMZ102197,2023-07-26,Beauty & Personal Care,Trimmer,3.0,1416.4,4249.2,west,Sneha Reddy,Cash on Delivery
AMZ104190,2023-03-29,Clothing,Denim Jacket,7.0,797.18,5580.26,South ,Sneha Gupta,Amazon Pay
AMZ103439,2023-07-08,Sports & Fitness,Resistance Bands,1.0,1649.07,1649.07,SOUTH,Imran Chatterjee,Net Banking
AMZ100832,2024-04-01,Sports & Fitness,Resistance Bands,9.0,792.0,7128.0, North,Meera Reddy,Cash on Delivery
AMZ105520,2023-11-01,Beauty & Personal Care,Trimmer,7.0,466.24,3263.68,NORTH,Priya Bhatt,Amazon Pay
AMZ102255,2023-06-05,Furniture,Office Chair,3.0,5944.26,17832.78,east,Vivek Malhotra,Debit Card
AMZ101264,2023-10-17,Office Products,Printer Paper A4,8.0,302.65,2421.2, North,Kavya Verma,Debit Card
AMZ104002,2024-03-23,Clothing,Casual Sneakers,9.0,359.83,3238.47,north,Rahul Singh,Credit Card
AMZ104473,2024-04-21,Clothing,Yoga Pants,2.0,611.9,1223.8,SOUTH,Vikram Chatterjee,Amazon Pay
AMZ101096,2023-09-08,Books,Cookbook,5.0,382.32,1911.6,EAST,Manoj Das,Net Banking
AMZ101337,2024-12-25,Office Products,Stapler,5.0,827.6,4138.0,East,Deepak Das,UPI
AMZ104687,2024-12-27,Furniture,Office Chair,4.0,5831.17,23324.68,East,Imran Iyer,Net Banking
AMZ102911,2023-02-23,Furniture,Bedside Table,4.0,5537.57,22150.28,east,Isha Bose,Net Banking
AMZ105457,2023-12-18,Furniture,Bookshelf,7.0,4384.56,30691.92,East,Tanvi Gupta,Amazon Pay
AMZ105603,2024-02-15,Electronics,Power Bank,1.0,2381.16,2381.16,north,Meera Menon,UPI
AMZ101327,2023-07-03,Electronics,Wireless Mouse,4.0,3768.74,15074.96,south,Deepak Joshi,Cash on Delivery
AMZ104950,2024-08-26,Books,Self-Help Book,1.0,336.82,336.82,South ,Suresh Rao,Amazon Pay
AMZ102826,2023-02-24,Electronics,Bluetooth Speaker,6.0,3953.11,23718.66,NORTH,Sneha Chatterjee,Debit Card
AMZ103048,2024-03-28,Home & Kitchen,Vacuum Cleaner,5.0,1578.54,7892.7,east,Zoya Verma,Net Banking
AMZ104419,2024-11-22,Toys & Games,Puzzle 1000pc,5.0,1754.72,8773.6,Central,Arjun Bose,Credit Card
AMZ105513,2023-08-07,Furniture,Bean Bag,10.0,8633.32,86333.2,CENTRAL ,Pooja Joshi,Amazon Pay
AMZ101466,2023-03-17,Beauty & Personal Care,Perfume 100ml,1.0,1068.42,1068.42,South,Ananya Verma,
AMZ101383,2023-05-05,Grocery & Gourmet,Cooking Oil 1L,4.0,823.89,3295.56,EAST,Vivek Reddy,
AMZ101943,2023-03-11,Sports & Fitness,Skipping Rope,9.0,2871.56,25844.04, West,Yash Joshi,Cash on Delivery
AMZ101867,2024-10-05,Home & Kitchen,LED Desk Lamp,6.0,4867.04,29202.24,South ,Vivek Reddy,Cash on Delivery
AMZ105329,2023-12-30,Clothing,Formal Shirt,2.0,1460.68,2921.36,NORTH,Imran Gupta,Amazon Pay
AMZ101609,2024-11-03,Electronics,Wireless Mouse,10.0,2351.72,23517.2,West,Suresh Reddy,Credit Card
AMZ101903,2024-07-13,Electronics,Mechanical Keyboard,7.0,4437.56,31062.92,north,Shreya Singh,Cash on Delivery
AMZ100337,2023-07-27,Grocery & Gourmet,Green Tea Pack,8.0,416.07,3328.56,CENTRAL ,Vikram Singh,Debit Card
AMZ100132,2023-05-15,Clothing,Men's T-Shirt,10.0,1909.59,19095.9, North,Zoya Iyer,Debit Card
AMZ102334,2024-08-28,Beauty & Personal Care,Trimmer,6.0,225.29,1351.74,East,Tanvi Bose,Net Banking
AMZ103576,2023-05-19,Office Products,Whiteboard Marker Set,8.0,830.76,6646.08,NORTH,Rohan Verma,UPI
AMZ105161,2024-10-21,Beauty & Personal Care,Perfume 100ml,8.0,655.2,5241.6,central,Yash Bhatt,Net Banking
AMZ101624,2023-11-28,Toys & Games,Remote Control Car,8.0,470.76,3766.08,East,Manoj Joshi,Debit Card
AMZ102469,2023-12-11,Home & Kitchen,Electric Kettle,7.0,4730.47,33113.29,Central,Yash Bose,UPI
AMZ103177,2023-01-06,Grocery & Gourmet,Instant Coffee Jar,9.0,523.31,4709.79,east,Vikram Patel,Amazon Pay
AMZ103618,2024-04-05,Books,Biography,2.0,665.89,1331.78,CENTRAL ,Tanvi Malhotra,Amazon Pay
AMZ101974,2023-11-12,Sports & Fitness,Yoga Mat,10.0,1864.41,18644.1,west,Suresh Patel,Debit Card
AMZ103368,2024-11-05,Furniture,Bookshelf,6.0,5036.04,30216.24,Central,Priya Menon,Credit Card
AMZ100672,2024-04-03,Toys & Games,Soft Toy,5.0,548.23,2741.15,west,Deepak Bose,Cash on Delivery
AMZ105059,2024-08-03,Electronics,USB-C Cable,4.0,5017.06,20068.24, West,Pooja Menon,Amazon Pay
AMZ103029,2024-02-10,Toys & Games,Board Game,1.0,730.68,730.68,north,Karthik Pillai,Cash on Delivery
AMZ100847,2024-03-21,Clothing,Men's T-Shirt,5.0,587.58,2937.9,central,Suresh Verma,Credit Card
AMZ102122,2023-10-24,Electronics,USB-C Cable,9.0,4441.73,39975.57,west,Karthik Das,Amazon Pay
AMZ104398,2024-06-28,Home & Kitchen,Vacuum Cleaner,6.0,3889.49,23336.94,Central,Rohan Verma,Amazon Pay
AMZ104130,2023-01-16,Home & Kitchen,Non-Stick Pan Set,3.0,3908.18,11724.54,CENTRAL ,Suresh Verma,Debit Card
AMZ104876,2023-01-06,Toys & Games,Puzzle 1000pc,6.0,1165.72,6994.32,west,Anusha Bhatt,Debit Card
AMZ100763,2024-07-25,Grocery & Gourmet,Cooking Oil 1L,2.0,291.52,583.04,north,Nikhil Reddy,Amazon Pay
AMZ104753,2023-12-22,Clothing,Yoga Pants,10.0,309.18,3091.8,CENTRAL ,Neha Kapoor,Credit Card
AMZ103111,2023-03-17,Office Products,Gel Pens Set,4.0,714.29,2857.16,South ,Ritu Menon,Amazon Pay
AMZ100433,2023-06-26,Furniture,Bedside Table,1.0,5130.58,5130.58,NORTH,Sneha Das,Credit Card
AMZ100093,2023-07-18,Beauty & Personal Care,Face Serum,9.0,273.75,2463.75,East,Manoj Rao,UPI
AMZ104461,2023-04-10,Beauty & Personal Care,Lipstick Set,3.0,1243.75,3731.25,central,Divya Kapoor,Cash on Delivery
AMZ105238,2024-03-23,Beauty & Personal Care,Trimmer,8.0,624.15,4993.2,EAST,Nikhil Chatterjee,Credit Card
AMZ103918,2024-10-29,Books,Fiction Novel,1.0,784.58,784.58,Central,Meera Verma,Net Banking
AMZ101658,2024-03-02,Toys & Games,Puzzle 1000pc,10.0,1801.6,18016.0, West,Rohan Chatterjee,Net Banking
AMZ100906,2024-07-09,Clothing,Denim Jacket,10.0,2163.87,21638.7,NORTH,Imran Reddy,Net Banking
AMZ103208,2023-07-31,Office Products,Desk Organizer,9.0,956.54,8608.86,east,Ritu Pillai,Net Banking
AMZ104479,2024-06-29,Beauty & Personal Care,Hair Dryer,2.0,490.13,980.26,West,Karthik Reddy,Credit Card
AMZ100499,2023-09-07,Sports & Fitness,Resistance Bands,9.0,3120.54,28084.86,Central,Manoj Rao,Credit Card
AMZ103196,2023-04-11,Office Products,Printer Paper A4,7.0,314.83,2203.81,East,Sneha Patel,Credit Card
AMZ101982,2024-03-19,Electronics,Action Camera,10.0,5766.23,57662.3, West,Tanvi Nair,Amazon Pay
AMZ100632,2023-06-15,Beauty & Personal Care,Lipstick Set,7.0,766.45,5365.15,west,Manoj Agarwal,Cash on Delivery
AMZ104348,2024-08-01,Furniture,Bookshelf,4.0,11216.41,44865.64,CENTRAL ,Manoj Joshi,Net Banking
AMZ101351,2024-11-27,Home & Kitchen,Storage Containers,1.0,4294.91,4294.91, West,Aditya Pillai,UPI
AMZ105362,2023-01-19,Office Products,Printer Paper A4,5.0,558.89,2794.45,west,Neha Patel,
AMZ103681,2024-03-01,Clothing,Denim Jacket,5.0,386.67,1933.35,north,Tanvi Patel,Cash on Delivery
AMZ103102,2024-05-11,Grocery & Gourmet,Honey 500g,1.0,769.61,769.61,central,Karthik Kapoor,Net Banking
AMZ102711,2024-08-25,Clothing,Casual Sneakers,,474.48,,CENTRAL ,,UPI
AMZ101065,2023-12-27,Home & Kitchen,Vacuum Cleaner,6.0,709.98,4259.88,CENTRAL ,Imran Das,Cash on Delivery
AMZ105724,2023-03-07,Electronics,Action Camera,4.0,4370.76,17483.04,South ,Imran Agarwal,
AMZ104661,2024-09-17,Furniture,Bedside Table,10.0,8735.58,87355.8,SOUTH,Sanjay Rao,Debit Card
AMZ104082,2023-07-18,Grocery & Gourmet,Instant Coffee Jar,4.0,165.06,660.24,Central,,Debit Card
AMZ103666,2024-08-29,Electronics,Portable SSD,10.0,5231.46,52314.6,NORTH,Imran Bhatt,UPI
AMZ104730,2023-06-17,Grocery & Gourmet,Instant Coffee Jar,10.0,179.54,1795.4,central,Anusha Nair,Credit Card
AMZ101155,2024-02-14,Beauty & Personal Care,Lipstick Set,1.0,1050.46,1050.46, West,Manoj Bhatt,Credit Card
AMZ102257,2023-12-29,Books,Cookbook,8.0,572.77,4582.16,west,Shreya Pillai,Debit Card
AMZ103420,2024-04-08,Grocery & Gourmet,Basmati Rice 5kg,,571.18,,South ,Nikhil Joshi,UPI
AMZ101793,2024-09-19,Office Products,Printer Paper A4,1.0,131.57,131.57,West,Sneha Das,Amazon Pay
AMZ100651,2023-07-12,Sports & Fitness,Skipping Rope,9.0,3360.84,30247.56,south,Deepak Gupta,UPI
AMZ104879,2023-11-22,Home & Kitchen,Blender,6.0,1094.21,6565.26,NORTH,Vivek Pillai,Credit Card
AMZ103492,2024-03-07,Books,Self-Help Book,3.0,749.31,2247.93,south,Ananya Iyer,Cash on Delivery
AMZ104055,2023-08-20,Clothing,Men's T-Shirt,8.0,1559.12,12472.96,EAST,Vikram Pillai,Credit Card
AMZ100889,2023-05-22,Grocery & Gourmet,Cooking Oil 1L,9.0,543.22,4888.98,East,Karthik Chatterjee,UPI
AMZ101189,2023-11-29,Clothing,Men's T-Shirt,10.0,917.14,9171.4,EAST,Rahul Malhotra,Credit Card
AMZ100127,2024-03-06,Sports & Fitness,Yoga Mat,10.0,1702.92,17029.2,west,Imran Das,Amazon Pay
AMZ102752,2023-11-09,Clothing,Winter Hoodie,8.0,2393.78,19150.24,east,Anusha Patel,Cash on Delivery
AMZ104882,2024-12-07,Grocery & Gourmet,Almonds 500g,1.0,694.2,694.2,West,Neha Iyer,Credit Card
AMZ103849,2024-09-24,Electronics,Smart Watch,8.0,4945.73,39565.84,Central,Tanvi Agarwal,Credit Card
AMZ102647,2023-07-04,Sports & Fitness,Skipping Rope,7.0,1548.64,10840.48,,Karthik Iyer,UPI
AMZ100249,2024-09-01,Beauty & Personal Care,Sunscreen SPF50,6.0,216.84,1301.04,,Shreya Verma,Cash on Delivery
AMZ100850,2023-04-11,Books,Fiction Novel,2.0,466.82,933.64,south,Lakshmi Verma,Cash on Delivery
AMZ102372,2023-03-12,Toys & Games,Soft Toy,2.0,1384.63,2769.26,east,Lakshmi Joshi,Credit Card
AMZ101169,2024-01-08,Electronics,Bluetooth Speaker,5.0,3159.01,15795.05,,Sneha Pillai,Debit Card
AMZ105755,2023-07-11,Home & Kitchen,Air Fryer,9.0,4878.39,43905.51,EAST,Tanvi Singh,Credit Card
AMZ102938,2023-09-02,Beauty & Personal Care,Face Serum,9.0,468.62,4217.58,south,Anusha Agarwal,Amazon Pay
AMZ100324,2024-01-12,Beauty & Personal Care,Face Serum,1.0,195.79,195.79,south,Divya Nair,UPI
AMZ105015,2024-04-07,Sports & Fitness,Cricket Bat,9.0,1453.25,13079.25,East,Yash Verma,Debit Card
AMZ101164,2024-05-18,Toys & Games,Board Game,5.0,1885.74,9428.7,CENTRAL ,Karthik Sharma,Debit Card
AMZ101010,2023-03-05,Grocery & Gourmet,Cooking Oil 1L,1.0,385.28,385.28, North,Deepak Nair,Cash on Delivery
AMZ105046,2023-02-06,Beauty & Personal Care,Sunscreen SPF50,1.0,1112.14,1112.14,South,Nikhil Gupta,Cash on Delivery
AMZ103218,2023-02-03,Toys & Games,Puzzle 1000pc,10.0,1226.57,12265.7,South ,Sanjay Bose,Cash on Delivery
AMZ104694,2023-11-08,Office Products,Whiteboard Marker Set,8.0,620.33,4962.64,north,Meera Patel,Net Banking
AMZ101905,2024-03-04,Furniture,Bedside Table,7.0,5515.41,38607.87,CENTRAL ,Karthik Kapoor,Credit Card
AMZ100838,2023-11-07,Grocery & Gourmet,Green Tea Pack,9.0,597.4,5376.6,north,Imran Joshi,Debit Card
AMZ101515,2023-06-07,Grocery & Gourmet,Green Tea Pack,5.0,889.73,4448.65,east,Anusha Chatterjee,Cash on Delivery
AMZ102083,2024-08-29,Toys & Games,Board Game,7.0,1620.39,11342.73,NORTH,Meera Iyer,Cash on Delivery
AMZ105764,2023-01-05,Electronics,Wireless Mouse,10.0,3044.58,30445.8,central,Meera Gupta,Cash on Delivery
AMZ104038,2024-12-16,Sports & Fitness,Cricket Bat,4.0,1767.04,7068.16, West,Vivek Chatterjee,UPI
AMZ105359,2024-08-29,Sports & Fitness,Resistance Bands,10.0,1453.57,14535.7, North,Imran Rao,Amazon Pay
AMZ104533,2024-04-03,Beauty & Personal Care,Hair Dryer,10.0,864.91,8649.1, West,Ritu Agarwal,UPI
AMZ100609,2023-09-09,Sports & Fitness,Skipping Rope,4.0,3491.12,13964.48,south,Neha Pillai,Amazon Pay
AMZ103079,2023-07-26,Grocery & Gourmet,Green Tea Pack,2.0,205.91,411.82, North,Deepak Kumar,Amazon Pay
AMZ104422,2023-03-19,Home & Kitchen,Storage Containers,9.0,4910.47,44194.23,east,Arjun Agarwal,Net Banking
AMZ100387,2024-06-26,Clothing,Running Shoes,3.0,1692.04,5076.12,central,Sanjay Kapoor,Credit Card
AMZ102950,2023-07-07,Furniture,Study Table,9.0,10737.43,96636.87,East,Shreya Kumar,Debit Card
AMZ100993,2024-04-20,Office Products,Stapler,8.0,65.9,527.2,West,Karthik Das,Credit Card
AMZ103607,2024-10-14,Furniture,Study Table,5.0,4694.84,23474.2,,Kavya Gupta,Net Banking
AMZ105436,2023-08-31,Clothing,Casual Sneakers,5.0,2057.69,10288.45, West,Anusha Kumar,Credit Card
AMZ105202,2023-08-31,Sports & Fitness,Resistance Bands,5.0,312.44,1562.2,South ,Kavya Pillai,Amazon Pay
AMZ100391,2024-01-28,Sports & Fitness,Badminton Racket,5.0,1516.63,7583.15,West,Neha Malhotra,Net Banking
AMZ101368,2024-02-02,Beauty & Personal Care,Face Wash,,857.27,,NORTH,Ritu Rao,UPI
AMZ104926,2024-07-07,Home & Kitchen,LED Desk Lamp,10.0,4585.37,45853.7,South ,Pooja Bhatt,UPI
AMZ103239,2024-08-04,Office Products,Whiteboard Marker Set,2.0,904.62,1809.24,east,Kavya Malhotra,Credit Card
AMZ103908,2023-11-11,Office Products,Stapler,1.0,517.05,517.05,EAST,Lakshmi Bhatt,Credit Card
AMZ105553,2023-07-16,Sports & Fitness,Dumbbell Set,9.0,1426.2,12835.8,South ,Lakshmi Nair,Cash on Delivery
AMZ105340,2024-04-25,Beauty & Personal Care,Hair Dryer,10.0,1388.51,13885.1,south,Meera Nair,Cash on Delivery
AMZ105020,2024-02-02,Electronics,Wireless Earbuds,3.0,3988.83,11966.49,north,Karthik Singh,Amazon Pay
AMZ101118,2023-07-11,Toys & Games,Board Game,2.0,952.56,1905.12,North,Anusha Iyer,Debit Card
AMZ105753,2023-01-06,Toys & Games,Soft Toy,5.0,1315.45,6577.25, West,Isha Singh,Amazon Pay
AMZ101483,2024-03-17,Electronics,Portable SSD,2.0,1579.99,3159.98,central,Yash Malhotra,Net Banking
AMZ103476,2023-12-05,Toys & Games,Remote Control Car,8.0,865.84,6926.72, North,Ananya Rao,Net Banking
AMZ101645,2024-04-06,Sports & Fitness,Dumbbell Set,3.0,2714.22,8142.66,north,Shreya Malhotra,UPI
AMZ100774,2024-12-06,Grocery & Gourmet,Cooking Oil 1L,8.0,472.67,3781.36, West,Ananya Kumar,Credit Card
AMZ102778,2023-01-04,Beauty & Personal Care,Hair Dryer,10.0,267.71,2677.1,SOUTH,Farhan Iyer,
AMZ105675,2024-09-07,Toys & Games,Building Blocks Set,2.0,1053.0,2106.0,central,Manoj Rao,Net Banking
AMZ105650,2024-09-22,Beauty & Personal Care,Lipstick Set,9.0,810.01,7290.09, West,,Amazon Pay
AMZ105613,2023-12-30,Sports & Fitness,Skipping Rope,7.0,1786.33,12504.31,south,Aditya Sharma,Cash on Delivery
AMZ103116,2023-05-05,Books,Fiction Novel,7.0,433.55,3034.85, West,Vivek Menon,Credit Card
AMZ103051,2024-09-24,Sports & Fitness,Dumbbell Set,6.0,346.22,2077.32,,Arjun Chatterjee,UPI
AMZ102623,2024-05-22,Clothing,Denim Jacket,4.0,1921.11,7684.44,north,Lakshmi Patel,Amazon Pay
AMZ103584,2023-12-28,Office Products,Desk Organizer,3.0,852.07,2556.21,South,Shreya Verma,Net Banking
AMZ101670,2023-12-28,Office Products,Desk Organizer,9.0,971.0,8739.0,South ,Kavya Gupta,Cash on Delivery
AMZ100568,2024-03-08,Clothing,Running Shoes,9.0,2070.35,18633.15,central,Isha Nair,Amazon Pay
AMZ104339,2024-07-28,Electronics,Action Camera,3.0,5581.99,16745.97, West,Rahul Bhatt,Credit Card
AMZ102381,2023-01-11,Books,Self-Help Book,2.0,115.09,230.18, North,Lakshmi Sharma,Debit Card
AMZ101761,2024-12-18,Clothing,Winter Hoodie,10.0,441.49,4414.9,NORTH,Farhan Gupta,Debit Card
AMZ101553,2023-08-14,Office Products,Stapler,10.0,796.2,7962.0,south,Tanvi Joshi,Debit Card
AMZ105551,2024-12-01,Books,Children's Story Book,4.0,841.15,3364.6,west,Imran Joshi,Debit Card
AMZ102432,2023-08-26,Electronics,Mechanical Keyboard,9.0,2503.97,22535.73,South,Shreya Agarwal,Net Banking
AMZ101889,2023-07-11,Books,Self-Help Book,1.0,,,North,Anusha Singh,Net Banking
AMZ102579,2023-05-30,Grocery & Gourmet,Almonds 500g,5.0,317.8,1589.0,east,Lakshmi Singh,Credit Card
AMZ100434,2023-11-02,Sports & Fitness,Skipping Rope,4.0,1286.53,5146.12,West,Karthik Gupta,
AMZ100932,2024-12-03,Toys & Games,Building Blocks Set,9.0,1919.87,17278.83,central,Divya Singh,Credit Card
AMZ102032,2024-08-10,Furniture,Bean Bag,10.0,3643.32,36433.2,Central,Shreya Iyer,Net Banking
AMZ100438,2024-05-23,Books,Self-Help Book,2.0,184.23,368.46,east,Rohan Iyer,Debit Card
AMZ105402,2023-08-06,Electronics,Bluetooth Speaker,5.0,4215.69,21078.45,EAST,Suresh Bose,Net Banking
AMZ104960,2024-06-20,Electronics,Wireless Earbuds,4.0,2974.66,11898.64,East,Yash Patel,Cash on Delivery
AMZ100811,2023-11-12,Sports & Fitness,Cricket Bat,7.0,1405.38,9837.66, West,Vikram Singh,Credit Card
AMZ102533,2024-09-20,Toys & Games,Board Game,9.0,1427.67,12849.03, North,,Net Banking
AMZ104592,2024-05-16,Sports & Fitness,Dumbbell Set,5.0,464.09,2320.45,NORTH,Meera Pillai,Net Banking
AMZ101924,2024-06-28,Office Products,Stapler,7.0,354.11,2478.77,central,Lakshmi Malhotra,Cash on Delivery
AMZ101617,2023-08-21,Electronics,Mechanical Keyboard,6.0,4124.92,24749.52, North,Sanjay Bhatt,Amazon Pay
AMZ104883,2024-08-07,Furniture,Bean Bag,7.0,10431.58,73021.06,East,Ananya Sharma,Debit Card
AMZ100621,2024-05-21,Toys & Games,Building Blocks Set,9.0,220.59,1985.31,East,Tanvi Kumar,UPI
AMZ101615,2024-12-06,Home & Kitchen,Air Fryer,7.0,1469.79,10288.53, West,Imran Iyer,Amazon Pay
AMZ104052,2024-02-09,Clothing,Casual Sneakers,9.0,1873.65,16862.85,East,Nikhil Verma,Amazon Pay
AMZ102828,2024-10-08,Sports & Fitness,Skipping Rope,3.0,1212.4,3637.2, West,Zoya Kumar,Cash on Delivery
AMZ100550,2023-02-22,Books,Biography,3.0,864.55,2593.65,South ,Meera Pillai,Credit Card
AMZ104296,2023-05-23,Furniture,Office Chair,10.0,5491.97,54919.7,east,Sneha Agarwal,UPI
AMZ105291,2023-11-29,Office Products,Gel Pens Set,9.0,141.65,1274.85,West,Divya Singh,Credit Card
AMZ102233,2023-04-30,Sports & Fitness,Yoga Mat,7.0,1060.47,7423.29,south,Pooja Iyer,Net Banking
AMZ100563,2024-12-13,Grocery & Gourmet,Almonds 500g,2.0,737.72,1475.44,north,Zoya Gupta,Credit Card
AMZ102281,2023-12-13,Sports & Fitness,Yoga Mat,10.0,1621.76,16217.6,West,Lakshmi Bose,Cash on Delivery
AMZ103296,2024-07-14,Toys & Games,Building Blocks Set,6.0,1975.3,11851.8, West,Aditya Joshi,Cash on Delivery
AMZ104865,2023-05-01,Office Products,Notebook Pack,9.0,913.33,8219.97,west,Vikram Malhotra,Debit Card
AMZ101431,2024-06-01,Clothing,Yoga Pants,9.0,975.61,8780.49,,Neha Verma,Cash on Delivery
AMZ104047,2024-07-23,Furniture,Bean Bag,10.0,9011.61,90116.1, North,Nikhil Sharma,Net Banking
AMZ102888,2023-01-02,Furniture,Study Table,2.0,11121.42,22242.84,EAST,Meera Malhotra,Net Banking
AMZ103350,2024-03-12,Electronics,Wireless Earbuds,4.0,4060.86,16243.44,west,Ritu Agarwal,UPI
AMZ103796,2023-03-25,Beauty & Personal Care,Perfume 100ml,6.0,479.32,2875.92,West,Kavya Das,Credit Card
AMZ105392,2023-12-11,Grocery & Gourmet,Cooking Oil 1L,1.0,154.24,154.24,south,Meera Chatterjee,Cash on Delivery
AMZ102680,2024-08-19,Clothing,Casual Sneakers,10.0,773.78,7737.8,East,Zoya Joshi,Net Banking
AMZ100472,2023-10-13,Office Products,Stapler,3.0,788.71,2366.13, West,Neha Patel,Debit Card
AMZ105591,2024-04-15,Home & Kitchen,Vacuum Cleaner,9.0,1941.13,17470.17,CENTRAL ,Isha Pillai,Amazon Pay
AMZ101388,2024-05-02,Beauty & Personal Care,Face Wash,8.0,1022.87,8182.96,South,Lakshmi Kapoor,Credit Card
AMZ103152,2023-03-18,Books,Self-Help Book,4.0,149.58,598.32,north,Kavya Singh,Cash on Delivery
AMZ100824,2023-08-03,Toys & Games,Puzzle 1000pc,4.0,982.51,3930.04,west,Lakshmi Malhotra,Cash on Delivery
AMZ101618,2023-08-11,Furniture,Bookshelf,5.0,1652.61,8263.05,west,Divya Bose,Amazon Pay
AMZ104405,2024-01-25,Electronics,Action Camera,2.0,1865.02,3730.04,NORTH,Isha Singh,Credit Card
AMZ103505,2023-12-06,Beauty & Personal Care,Trimmer,1.0,238.43,238.43,South,Arjun Bhatt,Debit Card
AMZ103940,2023-03-24,Clothing,Men's T-Shirt,4.0,325.48,1301.92,EAST,Isha Patel,Credit Card
AMZ100662,2024-05-03,Beauty & Personal Care,Perfume 100ml,4.0,1805.41,7221.64, North,Karthik Singh,Credit Card
AMZ105126,2023-06-15,Beauty & Personal Care,Lipstick Set,7.0,348.59,2440.13,south,Anusha Rao,Credit Card
AMZ100151,2023-10-30,Electronics,USB-C Cable,7.0,4270.54,29893.78,CENTRAL ,Yash Kapoor,UPI
AMZ103326,2024-08-31,Home & Kitchen,Bed Sheet Set,8.0,873.75,6990.0,East,Manoj Kumar,Cash on Delivery
AMZ105469,2023-01-20,Beauty & Personal Care,Hair Dryer,5.0,262.54,1312.7,North,Shreya Agarwal,Cash on Delivery
AMZ103978,2024-08-24,Sports & Fitness,Dumbbell Set,3.0,1689.44,5068.32,South ,Pooja Gupta,Amazon Pay
AMZ103014,2024-01-23,Home & Kitchen,Air Fryer,5.0,4151.09,20755.45,SOUTH,Isha Verma,Amazon Pay
AMZ105313,2024-12-01,Furniture,Study Table,8.0,3274.74,26197.92,CENTRAL ,Sneha Gupta,Debit Card
AMZ103314,2023-10-26,Books,Programming Guide,8.0,474.24,3793.92,central,Karthik Iyer,Debit Card
AMZ105566,2023-08-08,Electronics,Wireless Earbuds,6.0,3635.57,21813.42,East,Vikram Agarwal,Debit Card
AMZ101068,2023-09-23,Grocery & Gourmet,Honey 500g,9.0,223.34,2010.06, North,Yash Agarwal,Amazon Pay
AMZ104063,2023-07-10,Clothing,Formal Shirt,1.0,542.57,542.57,EAST,Imran Patel,Amazon Pay
AMZ101345,2023-06-24,Toys & Games,Puzzle 1000pc,4.0,1128.93,4515.72,east,Priya Malhotra,Credit Card
AMZ101304,2023-01-14,Clothing,Winter Hoodie,4.0,1722.97,6891.88,CENTRAL ,Rohan Singh,Debit Card
AMZ103289,2023-07-19,Office Products,Desk Organizer,9.0,526.15,4735.35,south,Zoya Das,Debit Card
AMZ105237,2023-05-21,Clothing,Winter Hoodie,7.0,1342.74,9399.18,East,Priya Patel,Net Banking
AMZ100057,2023-04-02,Books,Biography,4.0,502.79,2011.16,south,Anusha Reddy,UPI
AMZ103246,2024-12-07,Electronics,Smart Watch,2.0,5784.23,11568.46, West,Suresh Pillai,Debit Card
AMZ105643,2023-09-23,Beauty & Personal Care,Lipstick Set,5.0,1606.0,8030.0,SOUTH,,Debit Card
AMZ102242,2023-07-28,Home & Kitchen,Bed Sheet Set,2.0,1231.43,2462.86,central,Imran Agarwal,Debit Card
AMZ104158,2024-07-08,Toys & Games,Board Game,10.0,556.43,5564.3,EAST,Sneha Iyer,UPI
AMZ102913,2023-04-28,Furniture,Bean Bag,9.0,5575.35,50178.15,NORTH,Manoj Chatterjee,Amazon Pay
AMZ105088,2024-04-04,Electronics,Portable SSD,9.0,2604.89,23444.01,South,Lakshmi Reddy,Debit Card
AMZ105049,2023-09-02,Furniture,Bedside Table,3.0,12127.96,36383.88,NORTH,Lakshmi Singh,Amazon Pay
AMZ102183,2023-01-18,Clothing,Running Shoes,2.0,2226.41,4452.82,,Neha Kumar,UPI
AMZ100988,2023-01-30,Furniture,Bean Bag,2.0,4463.67,8927.34, West,Meera Nair,Cash on Delivery
AMZ104410,2023-01-23,Clothing,Running Shoes,10.0,1568.13,15681.3,North,Pooja Patel,Credit Card
AMZ102907,2023-11-25,Beauty & Personal Care,Hair Dryer,4.0,1013.88,4055.52,CENTRAL ,Arjun Reddy,Credit Card
AMZ100971,2024-04-16,Books,Programming Guide,4.0,614.57,2458.28,south,Vivek Kapoor,Cash on Delivery
AMZ104231,2023-09-13,Electronics,Action Camera,3.0,5926.13,17778.39,EAST,Vikram Das,Cash on Delivery
AMZ103602,2024-05-11,Sports & Fitness,Cricket Bat,2.0,2651.77,5303.54,EAST,Meera Verma,Cash on Delivery
AMZ105548,2024-04-09,Toys & Games,Board Game,4.0,1777.33,7109.32,West,Karthik Iyer,UPI
AMZ105543,2024-10-15,Electronics,Bluetooth Speaker,10.0,2783.66,27836.6,south,Ritu Bhatt,Credit Card
AMZ105351,2023-05-14,Sports & Fitness,Badminton Racket,9.0,1930.56,17375.04,South,Isha Pillai,Credit Card
AMZ103500,2024-05-23,Furniture,Bedside Table,6.0,9364.83,56188.98,South ,Zoya Kapoor,Net Banking
AMZ104015,2024-11-30,Furniture,Bedside Table,5.0,5451.86,27259.3,SOUTH,Rahul Malhotra,Debit Card
AMZ102468,2023-07-13,Furniture,Bedside Table,1.0,12638.57,12638.57,south,Sanjay Bose,Credit Card
AMZ100828,2023-09-15,Toys & Games,Puzzle 1000pc,6.0,1551.19,9307.14, North,Sneha Iyer,UPI
AMZ103383,2024-09-23,Books,Children's Story Book,6.0,769.68,4618.08,South,Priya Verma,Cash on Delivery
AMZ102067,2023-09-25,Electronics,Mechanical Keyboard,8.0,5421.26,43370.08,west,Arjun Das,Cash on Delivery
AMZ100219,2023-05-25,Electronics,Laptop Stand,5.0,2822.75,14113.75,EAST,Ananya Patel,UPI
AMZ103244,2024-05-13,Home & Kitchen,Air Fryer,3.0,613.19,1839.57,north,Manoj Verma,Cash on Delivery
AMZ104175,2024-05-22,Clothing,Winter Hoodie,6.0,2266.21,13597.26,EAST,Karthik Verma,Amazon Pay
AMZ103895,2023-04-10,Home & Kitchen,Blender,7.0,4234.16,29639.12,Central,Aditya Menon,Amazon Pay
AMZ105030,2024-04-18,Home & Kitchen,Blender,1.0,3301.65,3301.65,EAST,Zoya Reddy,Cash on Delivery
AMZ102113,2024-04-28,Grocery & Gourmet,Instant Coffee Jar,3.0,133.24,399.72,South ,Deepak Kumar,Credit Card
AMZ102625,2023-04-06,Office Products,Desk Organizer,4.0,828.23,3312.92,,Tanvi Malhotra,Cash on Delivery
AMZ100064,2023-03-20,Beauty & Personal Care,Face Wash,4.0,1517.68,6070.72,South ,Pooja Bose,Net Banking
AMZ101051,2023-07-31,Sports & Fitness,Badminton Racket,4.0,1782.83,7131.32,west,Imran Bose,Debit Card
AMZ101286,2024-06-03,Clothing,Formal Shirt,7.0,2350.18,16451.26,Central,Zoya Joshi,Amazon Pay
AMZ104976,2024-04-12,Sports & Fitness,Cricket Bat,4.0,1853.94,7415.76,CENTRAL ,Farhan Kapoor,UPI
AMZ102769,2024-10-17,Toys & Games,Board Game,10.0,1544.97,15449.7,SOUTH,Isha Das,Debit Card
AMZ101978,2024-01-22,Toys & Games,Soft Toy,7.0,1132.86,7930.02,Central,Aditya Sharma,Debit Card
AMZ100447,2023-02-08,Beauty & Personal Care,Sunscreen SPF50,6.0,1459.91,8759.46,South ,Priya Sharma,Net Banking
AMZ100588,2023-02-10,Toys & Games,Building Blocks Set,4.0,1233.81,4935.24,North,Anusha Menon,Cash on Delivery
AMZ103282,2023-02-19,Grocery & Gourmet,Basmati Rice 5kg,8.0,349.33,2794.64,east,Shreya Nair,Debit Card
AMZ101891,2024-06-05,Electronics,USB-C Cable,9.0,3798.82,34189.38,east,Rohan Nair,Amazon Pay
AMZ103465,2024-05-28,Furniture,Bookshelf,6.0,1128.17,6769.02,SOUTH,Isha Reddy,Amazon Pay
AMZ103075,2023-01-26,Sports & Fitness,Skipping Rope,1.0,1825.9,1825.9,central,Farhan Verma,Net Banking
AMZ100309,2024-08-06,Toys & Games,Building Blocks Set,5.0,1332.02,6660.1,,Arjun Agarwal,Debit Card
AMZ103939,2024-01-12,Clothing,Winter Hoodie,8.0,1290.49,10323.92,South,Divya Nair,Credit Card
AMZ104187,2023-11-27,Furniture,Study Table,6.0,6835.88,41015.28,South ,Tanvi Verma,Credit Card
AMZ105135,2023-09-14,Clothing,Running Shoes,4.0,1579.96,6319.84,EAST,Suresh Das,Debit Card
AMZ100152,2023-07-27,Beauty & Personal Care,Face Serum,1.0,463.07,463.07,Central,Tanvi Singh,Amazon Pay
AMZ104119,2023-11-26,Electronics,Bluetooth Speaker,9.0,1984.12,17857.08,central,Isha Rao,Credit Card
AMZ100071,2024-11-28,Sports & Fitness,Dumbbell Set,8.0,1499.47,11995.76,west,Arjun Sharma,Net Banking
AMZ100231,2023-02-09,Clothing,Casual Sneakers,6.0,2423.69,14542.14,SOUTH,,Debit Card
AMZ101223,2024-05-04,Toys & Games,Board Game,9.0,1019.27,9173.43,CENTRAL ,Rahul Das,Amazon Pay
AMZ100613,2024-01-28,Furniture,Bedside Table,9.0,3029.28,27263.52,South,Priya Verma,Amazon Pay
AMZ105389,2023-06-02,Furniture,Bedside Table,10.0,2659.7,26597.0,EAST,Vivek Iyer,Credit Card
AMZ101444,2024-09-07,Electronics,Power Bank,3.0,3617.93,10853.79,Central,Ritu Sharma,Cash on Delivery
AMZ104142,2023-08-27,Books,Programming Guide,4.0,798.31,3193.24, West,Vikram Nair,Amazon Pay
AMZ100199,2023-12-17,Sports & Fitness,Skipping Rope,9.0,2741.9,24677.1,central,Kavya Das,Net Banking
AMZ104100,2023-03-14,Office Products,Notebook Pack,8.0,854.8,6838.4,South,Vikram Sharma,Net Banking
AMZ100586,2024-06-09,Beauty & Personal Care,Trimmer,9.0,775.87,6982.83, North,Rohan Sharma,UPI
AMZ105479,2023-06-26,Home & Kitchen,Vacuum Cleaner,8.0,4284.58,34276.64,West,Shreya Singh,Net Banking
AMZ102979,2024-04-18,Sports & Fitness,Cricket Bat,6.0,1895.41,11372.46,SOUTH,Priya Verma,Credit Card
AMZ104352,2023-05-25,Books,Biography,8.0,336.72,2693.76, North,Vivek Bose,Cash on Delivery
AMZ101380,2023-10-15,Grocery & Gourmet,Basmati Rice 5kg,9.0,502.85,4525.65,east,Divya Singh,Credit Card
AMZ100257,2023-02-07,Toys & Games,Remote Control Car,7.0,1447.96,10135.72, North,Vivek Bhatt,Cash on Delivery
AMZ101429,2024-12-13,Books,Fiction Novel,10.0,218.33,2183.3,EAST,Arjun Chatterjee,UPI
AMZ100774,2024-12-06,Grocery & Gourmet,Cooking Oil 1L,8.0,472.67,3781.36, West,Ananya Kumar,Credit Card
AMZ100657,2023-10-04,Toys & Games,Building Blocks Set,10.0,1693.74,16937.4,north,Suresh Iyer,Amazon Pay
AMZ104785,2023-11-01,Electronics,Wireless Earbuds,2.0,3580.74,7161.48,South ,Aditya Rao,Debit Card
AMZ104590,2024-04-20,Clothing,Casual Sneakers,9.0,573.85,5164.65,south,Anusha Bhatt,Net Banking
AMZ100901,2024-03-04,Beauty & Personal Care,Hair Dryer,7.0,655.29,4587.03,NORTH,Rahul Sharma,Cash on Delivery
AMZ102395,2023-06-11,Furniture,Bedside Table,2.0,12206.76,24413.52,NORTH,Neha Das,Amazon Pay
AMZ100146,2023-04-18,Electronics,Wireless Earbuds,1.0,2731.94,2731.94,Central,Rohan Gupta,Credit Card
AMZ103397,2023-05-20,Furniture,Office Chair,9.0,8658.67,77928.03,east,Suresh Chatterjee,UPI
AMZ103469,2023-07-10,Furniture,Bean Bag,2.0,3276.5,6553.0,CENTRAL ,Rohan Kapoor,Net Banking
AMZ102404,2024-09-09,Toys & Games,Board Game,2.0,709.32,1418.64, North,Lakshmi Das,Net Banking
AMZ101734,2023-07-01,Sports & Fitness,Badminton Racket,1.0,623.88,623.88, North,Pooja Verma,UPI
AMZ100461,2023-10-30,Books,Programming Guide,2.0,510.42,1020.84,west,Neha Chatterjee,UPI
AMZ100864,2024-10-15,Home & Kitchen,Vacuum Cleaner,1.0,819.7,819.7,,Suresh Bhatt,Debit Card
AMZ105796,2024-08-14,Toys & Games,Puzzle 1000pc,5.0,1171.07,5855.35,,Suresh Sharma,Cash on Delivery
AMZ101302,2023-03-13,Beauty & Personal Care,Hair Dryer,9.0,488.23,4394.07,East,Ritu Gupta,Net Banking
AMZ101411,2023-11-14,Toys & Games,Puzzle 1000pc,10.0,1003.96,10039.6,south,Shreya Reddy,Net Banking
AMZ104724,2023-10-21,Furniture,Bedside Table,10.0,8598.51,85985.1,South,Arjun Joshi,Amazon Pay
AMZ102400,2024-05-08,Beauty & Personal Care,Lipstick Set,10.0,502.97,5029.7,East,Vivek Verma,Net Banking
AMZ103356,2024-09-21,Beauty & Personal Care,Sunscreen SPF50,3.0,1021.14,3063.42,North,Vivek Kumar,Amazon Pay
AMZ101425,2024-05-01,Books,Cookbook,9.0,817.83,7360.47,Central,Manoj Malhotra,UPI
AMZ104084,2023-02-02,Toys & Games,Building Blocks Set,8.0,275.99,2207.92,NORTH,Lakshmi Kapoor,Cash on Delivery
AMZ101516,2024-08-05,Books,Fiction Novel,4.0,110.82,443.28,south,Shreya Bose,Cash on Delivery
AMZ104526,2024-10-31,Home & Kitchen,Non-Stick Pan Set,5.0,1799.64,8998.2,West,Shreya Bose,Credit Card
AMZ105655,2023-02-05,Office Products,Gel Pens Set,2.0,130.65,261.3,north,Neha Bhatt,Debit Card
AMZ100136,2024-01-04,Sports & Fitness,Skipping Rope,5.0,578.76,2893.8,South ,Ritu Patel,Amazon Pay
AMZ104031,2023-04-05,Grocery & Gourmet,Honey 500g,4.0,777.62,3110.48,Central,Arjun Singh,UPI
AMZ101174,2024-06-28,Toys & Games,Puzzle 1000pc,6.0,1558.24,9349.44,west,Shreya Nair,Amazon Pay
AMZ101808,2023-11-02,Toys & Games,Board Game,4.0,325.68,1302.72,North,Yash Kapoor,Net Banking
AMZ104456,2024-03-18,Office Products,Whiteboard Marker Set,2.0,393.28,786.56, North,Ritu Nair,Credit Card
AMZ102253,2024-02-09,Books,Cookbook,,717.32,,Central,Deepak Rao,Credit Card
AMZ104539,2024-02-20,Toys & Games,Board Game,7.0,1312.16,9185.12,South ,Arjun Agarwal,Credit Card
AMZ100232,2024-12-27,Sports & Fitness,Yoga Mat,1.0,2961.82,2961.82,CENTRAL ,Rahul Menon,Cash on Delivery
AMZ105157,2023-03-31,Books,Children's Story Book,4.0,104.3,417.2, West,Sanjay Singh,UPI
AMZ105286,2024-01-08,Home & Kitchen,Vacuum Cleaner,8.0,1590.47,12723.76,NORTH,Ritu Bose,Net Banking
AMZ103315,2023-04-28,Grocery & Gourmet,Almonds 500g,8.0,781.29,6250.32,north,Deepak Bhatt,Cash on Delivery
AMZ102980,2023-10-30,Grocery & Gourmet,Cooking Oil 1L,8.0,766.41,6131.28,NORTH,,Amazon Pay
AMZ100895,2024-10-28,Clothing,Casual Sneakers,10.0,1617.95,16179.5,South,Deepak Kapoor,UPI
AMZ102241,2024-06-22,Sports & Fitness,Skipping Rope,5.0,3113.45,15567.25, North,Sneha Malhotra,Amazon Pay
AMZ104227,2023-11-01,Home & Kitchen,Storage Containers,5.0,500.81,2504.05,East,Aditya Joshi,Debit Card
AMZ103557,2023-06-20,Furniture,Study Table,9.0,12473.12,112258.08,,Kavya Pillai,Credit Card
AMZ104159,2023-09-02,Sports & Fitness,Cricket Bat,1.0,3095.96,3095.96,south,Lakshmi Kumar,UPI
AMZ105760,2023-04-09,Electronics,Mechanical Keyboard,10.0,5134.26,51342.6,EAST,Lakshmi Pillai,Debit Card
AMZ103112,2023-04-06,Office Products,Notebook Pack,2.0,810.91,1621.82, West,Suresh Bose,Debit Card
AMZ102246,2024-10-17,Home & Kitchen,LED Desk Lamp,3.0,3872.07,11616.21,NORTH,Divya Das,Credit Card
AMZ103487,2024-11-07,Furniture,Office Chair,6.0,8319.3,49915.8,west,Aditya Bose,Net Banking
AMZ105377,2024-01-24,Beauty & Personal Care,Hair Dryer,8.0,1603.75,12830.0,west,Rohan Kumar,Debit Card
AMZ103107,2024-05-21,Beauty & Personal Care,Hair Dryer,4.0,1800.8,7203.2,CENTRAL ,Yash Sharma,Cash on Delivery
AMZ102131,2023-02-08,Home & Kitchen,Bed Sheet Set,6.0,416.18,2497.08,central,Deepak Bose,Debit Card
AMZ103590,2024-01-28,Office Products,Stapler,10.0,570.63,5706.3, West,Sanjay Kumar,Net Banking
AMZ101177,2024-08-06,Furniture,Bean Bag,3.0,10645.6,31936.8,central,Manoj Kumar,Net Banking
AMZ102258,2024-12-14,Home & Kitchen,Air Fryer,9.0,3513.04,31617.36,West,Neha Patel,Amazon Pay
AMZ100155,2023-12-20,Home & Kitchen,Air Fryer,1.0,425.44,425.44,south,Vikram Bhatt,Debit Card
AMZ102603,2024-10-10,Office Products,Gel Pens Set,10.0,599.45,5994.5,North,Rohan Reddy,Credit Card
AMZ100114,2023-08-11,Office Products,Stapler,1.0,149.49,149.49,East,Vivek Bhatt,UPI
AMZ104629,2023-06-22,Home & Kitchen,Electric Kettle,5.0,1212.69,6063.45,SOUTH,Yash Kapoor,Cash on Delivery
AMZ100540,2024-10-21,Office Products,Desk Organizer,,59.34,,South ,Lakshmi Kapoor,Credit Card
AMZ104176,2024-06-04,Home & Kitchen,Air Fryer,8.0,1861.07,14888.56,west,Meera Kumar,Net Banking
AMZ103438,2024-02-16,Clothing,Winter Hoodie,7.0,1609.28,11264.96,east,Shreya Malhotra,Amazon Pay
AMZ102909,2023-04-04,Office Products,Stapler,2.0,552.2,1104.4,south,Priya Kumar,UPI
AMZ103266,2023-05-01,Sports & Fitness,Cricket Bat,6.0,613.32,3679.92,Central,Farhan Rao,UPI
AMZ102571,2024-09-25,Clothing,Casual Sneakers,1.0,664.65,664.65, West,Sneha Malhotra,Amazon Pay
AMZ100752,2024-08-23,Furniture,Bedside Table,3.0,4474.42,13423.26,,Suresh Chatterjee,UPI
AMZ103532,2024-04-20,Books,Fiction Novel,5.0,,,NORTH,Rohan Verma,Amazon Pay
AMZ101273,2024-09-14,Furniture,Bean Bag,3.0,1254.62,3763.86, West,Divya Menon,Net Banking
AMZ104167,2024-06-04,Toys & Games,Puzzle 1000pc,1.0,1125.12,1125.12, West,Vivek Nair,UPI
AMZ102173,2024-07-09,Grocery & Gourmet,Cooking Oil 1L,7.0,651.12,4557.84,EAST,Imran Chatterjee,UPI
AMZ102272,2024-12-26,Clothing,Formal Shirt,8.0,2261.32,18090.56,CENTRAL ,Imran Verma,Cash on Delivery
AMZ101541,2023-02-19,Beauty & Personal Care,Face Wash,10.0,1653.88,16538.8,south,Isha Menon,Net Banking
AMZ104451,2023-05-20,Clothing,Formal Shirt,5.0,612.52,3062.6,,Farhan Iyer,UPI
AMZ103174,2023-01-08,Clothing,Running Shoes,5.0,1739.07,8695.35,South,Lakshmi Verma,Amazon Pay
AMZ100641,2023-02-05,Beauty & Personal Care,Hair Dryer,1.0,971.92,971.92,Central,Anusha Reddy,Credit Card
AMZ104277,2024-07-12,Office Products,Whiteboard Marker Set,2.0,747.21,1494.42,east,Deepak Agarwal,Cash on Delivery
AMZ102198,2023-12-23,Beauty & Personal Care,Lipstick Set,3.0,613.6,1840.8,SOUTH,Anusha Chatterjee,Amazon Pay
AMZ101263,2023-12-30,Office Products,Desk Organizer,2.0,594.49,1188.98,North,Vivek Menon,Cash on Delivery
AMZ102929,2024-11-12,Beauty & Personal Care,Perfume 100ml,2.0,1148.23,2296.46,NORTH,Ritu Agarwal,Debit Card
AMZ100269,2023-10-19,Electronics,Laptop Stand,4.0,2280.74,9122.96,south,Neha Bose,UPI
AMZ104771,2024-01-04,Electronics,Bluetooth Speaker,7.0,3190.93,22336.51,CENTRAL ,Anusha Patel,Debit Card
AMZ105120,2024-04-01,Furniture,Bean Bag,6.0,11020.41,66122.46,NORTH,Neha Iyer,Cash on Delivery
AMZ105302,2024-02-15,Books,Fiction Novel,5.0,608.68,3043.4,south,Divya Rao,Debit Card
AMZ103866,2023-05-18,Grocery & Gourmet,Almonds 500g,10.0,434.03,4340.3,South ,Pooja Pillai,Cash on Delivery
AMZ103640,2024-05-25,Home & Kitchen,Vacuum Cleaner,2.0,1345.7,2691.4, West,Pooja Kumar,
AMZ102029,2023-02-05,Beauty & Personal Care,Face Serum,7.0,1781.16,12468.12,West,Kavya Patel,Amazon Pay
AMZ100228,2023-07-05,Office Products,Stapler,3.0,290.3,870.9,central,Rahul Kumar,Debit Card
AMZ102666,2024-01-12,Grocery & Gourmet,Cooking Oil 1L,4.0,703.23,2812.92,South ,Deepak Malhotra,Credit Card
AMZ102453,2024-09-18,Furniture,Bedside Table,6.0,12291.03,73746.18,NORTH,Anusha Reddy,UPI
AMZ101667,2023-01-26,Books,Biography,10.0,507.71,5077.1,NORTH,Zoya Rao,Net Banking
AMZ102662,2024-04-24,Grocery & Gourmet,Basmati Rice 5kg,4.0,787.22,3148.88, West,Arjun Pillai,Credit Card
AMZ100123,2023-02-24,Office Products,Gel Pens Set,3.0,844.43,2533.29,EAST,Rahul Bose,UPI
AMZ102992,2024-08-22,Electronics,USB-C Cable,7.0,3663.87,25647.09,East,Pooja Menon,UPI
AMZ102426,2023-04-29,Furniture,Study Table,6.0,4863.88,29183.28,central,Neha Nair,Debit Card
AMZ101012,2023-09-06,Home & Kitchen,Electric Kettle,5.0,649.34,3246.7,east,Ritu Iyer,Net Banking
AMZ103780,2024-08-15,Books,Biography,8.0,631.98,5055.84,SOUTH,Imran Nair,Cash on Delivery
AMZ101032,2023-10-03,Clothing,Winter Hoodie,3.0,721.29,2163.87,,Karthik Das,Cash on Delivery
AMZ100439,2023-02-13,Grocery & Gourmet,Instant Coffee Jar,6.0,473.25,2839.5,NORTH,Arjun Agarwal,Cash on Delivery
AMZ101358,2024-03-18,Grocery & Gourmet,Almonds 500g,3.0,615.19,1845.57,East,Yash Pillai,Debit Card
AMZ102213,2023-12-24,Grocery & Gourmet,Cooking Oil 1L,5.0,339.19,1695.95, West,Anusha Gupta,Net Banking
AMZ101976,2024-03-22,Grocery & Gourmet,Almonds 500g,8.0,311.88,2495.04,west,Pooja Verma,UPI
AMZ101890,2024-11-04,Furniture,Office Chair,1.0,5239.52,5239.52, West,Farhan Iyer,Net Banking
AMZ105066,2024-10-07,Home & Kitchen,Air Fryer,2.0,713.57,1427.14,EAST,Aditya Sharma,UPI
AMZ104544,2024-09-14,Clothing,Women's Kurti,8.0,1959.14,15673.12,East,Rahul Joshi,Net Banking
AMZ103373,2023-02-13,Grocery & Gourmet,Honey 500g,9.0,810.72,7296.48,Central,Deepak Reddy,Amazon Pay
AMZ103298,2023-04-19,Home & Kitchen,Air Fryer,3.0,2293.83,6881.49,SOUTH,Ananya Nair,Credit Card
AMZ105220,2023-07-26,Office Products,Printer Paper A4,10.0,651.97,6519.7,South,Vivek Chatterjee,Cash on Delivery
AMZ100121,2024-08-09,Office Products,Gel Pens Set,1.0,98.11,98.11,SOUTH,Sneha Joshi,Credit Card
AMZ103089,2024-01-18,Clothing,Formal Shirt,9.0,2240.39,20163.51,central,Ananya Chatterjee,Net Banking
AMZ104588,2024-02-18,Grocery & Gourmet,Green Tea Pack,7.0,519.4,3635.8,SOUTH,Rahul Joshi,Credit Card
AMZ103998,2023-09-26,Beauty & Personal Care,Face Serum,5.0,1574.24,7871.2, North,Yash Kumar,Credit Card
AMZ101698,2023-12-28,Office Products,Notebook Pack,1.0,484.94,484.94,South,Vivek Malhotra,UPI
AMZ105531,2023-07-18,Toys & Games,Puzzle 1000pc,8.0,737.16,5897.28,CENTRAL ,Imran Nair,Cash on Delivery
AMZ103011,2024-09-14,Books,Self-Help Book,8.0,145.39,1163.12,South ,Sneha Sharma,Net Banking
AMZ103855,2024-03-15,Electronics,Wireless Earbuds,6.0,2231.88,13391.28,East,Ananya Rao,Net Banking
AMZ104211,2023-08-27,Sports & Fitness,Skipping Rope,4.0,909.32,3637.28,,Anusha Chatterjee,Cash on Delivery
AMZ101801,2023-05-12,Home & Kitchen,Blender,8.0,2403.35,19226.8,west,Aditya Iyer,Debit Card
AMZ101941,2023-06-06,Books,Children's Story Book,4.0,411.71,1646.84,,Aditya Nair,Cash on Delivery
AMZ105032,2024-10-17,Grocery & Gourmet,Basmati Rice 5kg,8.0,354.09,2832.72, North,Isha Agarwal,UPI
AMZ101799,2023-12-13,Furniture,Bookshelf,2.0,4420.82,8841.64,Central,Kavya Bhatt,Debit Card
AMZ105682,2024-06-09,Furniture,Bean Bag,3.0,6687.84,20063.52,south,Rohan Malhotra,UPI
AMZ103109,2024-12-01,Electronics,USB-C Cable,3.0,1809.96,5429.88,Central,Imran Kapoor,UPI
AMZ104524,2023-08-17,Home & Kitchen,Vacuum Cleaner,7.0,3702.92,25920.44,West,Imran Kapoor,Credit Card
AMZ100053,2023-09-19,Clothing,Winter Hoodie,1.0,2140.37,2140.37,east,Anusha Reddy,Amazon Pay
AMZ102009,2023-11-03,Electronics,USB-C Cable,1.0,4297.39,4297.39,CENTRAL ,Ananya Pillai,Amazon Pay
AMZ100250,2024-12-29,Sports & Fitness,Cricket Bat,9.0,434.43,3909.87,west,Karthik Singh,UPI
AMZ101233,2023-07-21,Books,Cookbook,8.0,140.9,1127.2,west,Priya Joshi,UPI
AMZ102105,2024-04-23,Grocery & Gourmet,Almonds 500g,6.0,142.94,857.64,CENTRAL ,Ritu Sharma,Debit Card
AMZ105283,2023-01-20,Sports & Fitness,Resistance Bands,6.0,2539.53,15237.18,west,Nikhil Pillai,Credit Card
AMZ101467,2023-04-03,Electronics,Wireless Earbuds,6.0,4675.67,28054.02,SOUTH,Priya Rao,Cash on Delivery
AMZ102977,2023-04-16,Books,Fiction Novel,2.0,508.88,1017.76,South,Neha Patel,Credit Card
AMZ101948,2024-02-01,Office Products,Gel Pens Set,10.0,180.5,1805.0,Central,Pooja Reddy,Credit Card
AMZ104911,2023-03-31,Beauty & Personal Care,Hair Dryer,7.0,1267.06,8869.42,west,Lakshmi Das,Debit Card
AMZ105023,2023-02-13,Beauty & Personal Care,Trimmer,9.0,1913.89,17225.01,central,Suresh Kumar,Debit Card
AMZ100851,2023-05-07,Grocery & Gourmet,Green Tea Pack,1.0,172.82,172.82,South,Rohan Kumar,Debit Card
AMZ104793,2024-08-11,Grocery & Gourmet,Green Tea Pack,7.0,189.95,1329.65,Central,Rahul Joshi,Amazon Pay
AMZ105103,2023-06-25,Grocery & Gourmet,Honey 500g,4.0,295.01,1180.04,Central,Isha Malhotra,Net Banking
AMZ103916,2023-01-22,Books,Fiction Novel,7.0,,, West,Arjun Gupta,Cash on Delivery
AMZ104786,2023-10-22,Toys & Games,Remote Control Car,4.0,1046.27,4185.08,CENTRAL ,Sneha Kumar,Cash on Delivery
AMZ105586,2024-08-30,Office Products,Gel Pens Set,9.0,,,East,Arjun Kumar,Cash on Delivery
AMZ103003,2024-10-15,Clothing,Women's Kurti,6.0,983.23,5899.38,EAST,Arjun Nair,Debit Card
AMZ105306,2023-04-11,Grocery & Gourmet,Almonds 500g,6.0,480.16,2880.96,,Farhan Chatterjee,Cash on Delivery
AMZ105600,2023-11-14,Clothing,Running Shoes,9.0,1600.42,14403.78,SOUTH,Karthik Iyer,UPI
AMZ103448,2024-02-25,Clothing,Denim Jacket,6.0,1873.01,11238.06, North,Ananya Chatterjee,Amazon Pay
AMZ104434,2023-12-05,Clothing,Running Shoes,10.0,1791.04,17910.4,south,Shreya Kapoor,Net Banking
AMZ102871,2024-12-16,Sports & Fitness,Cricket Bat,3.0,2822.91,8468.73,west,Aditya Pillai,UPI
AMZ103398,2024-05-05,Toys & Games,Board Game,-6.0,1685.62,10113.72,east,Nikhil Menon,Credit Card
AMZ100874,2023-02-17,Furniture,Bean Bag,4.0,6864.54,27458.16,SOUTH,Sanjay Kumar,Net Banking
AMZ104551,2024-05-29,Grocery & Gourmet,Green Tea Pack,8.0,851.94,6815.52,NORTH,Vikram Bhatt,Cash on Delivery
AMZ104797,2023-01-11,Clothing,Running Shoes,5.0,1827.33,9136.65,CENTRAL ,Tanvi Bose,
AMZ102960,2023-03-03,Books,Self-Help Book,4.0,205.56,822.24, West,Anusha Verma,UPI
AMZ100085,2024-04-04,Toys & Games,Board Game,8.0,199.32,1594.56,Central,Divya Kapoor,Net Banking
AMZ101926,2024-04-16,Grocery & Gourmet,Basmati Rice 5kg,5.0,363.94,1819.7,South,Lakshmi Verma,Amazon Pay
AMZ105736,2024-07-16,Office Products,Stapler,2.0,573.62,1147.24,Central,Zoya Bhatt,Credit Card
AMZ103241,2023-01-29,Grocery & Gourmet,Green Tea Pack,6.0,499.13,2994.78,Central,Pooja Kumar,Debit Card
AMZ101415,2024-12-15,Home & Kitchen,Electric Kettle,6.0,1064.91,6389.46,EAST,Vikram Bhatt,Amazon Pay
AMZ104819,2024-08-02,Home & Kitchen,Storage Containers,6.0,2280.56,13683.36,West,Nikhil Agarwal,Cash on Delivery
AMZ100006,2024-04-21,Home & Kitchen,Non-Stick Pan Set,4.0,2632.15,10528.6,CENTRAL ,Sanjay Pillai,UPI
AMZ102543,2024-04-24,Beauty & Personal Care,Trimmer,6.0,715.36,4292.16,west,Karthik Chatterjee,UPI
AMZ101579,2024-08-22,Grocery & Gourmet,Almonds 500g,7.0,622.67,4358.69, North,Karthik Reddy,Net Banking
AMZ100772,2024-05-27,Sports & Fitness,Cricket Bat,4.0,2880.12,11520.48,west,Ananya Kumar,Credit Card
AMZ103848,2024-03-07,Furniture,Bookshelf,5.0,12193.78,60968.9,NORTH,Ritu Bose,Net Banking
AMZ103072,2023-08-17,Toys & Games,Building Blocks Set,7.0,1226.6,8586.2,east,Sanjay Iyer,UPI
AMZ101835,2023-08-26,Clothing,Formal Shirt,5.0,406.45,2032.25,EAST,Suresh Verma,Credit Card
AMZ105820,2023-02-22,Grocery & Gourmet,Honey 500g,5.0,564.25,2821.25,EAST,Tanvi Nair,Net Banking
AMZ100264,2023-03-28,Clothing,Women's Kurti,10.0,2408.98,24089.8, North,Yash Kapoor,UPI
AMZ105199,2024-04-28,Books,Programming Guide,10.0,219.91,2199.1,East,Ritu Sharma,Credit Card
AMZ105271,2023-12-23,Sports & Fitness,Badminton Racket,6.0,1479.64,8877.84,west,Aditya Reddy,Debit Card
AMZ102516,2023-11-19,Electronics,Power Bank,2.0,,,CENTRAL ,Vikram Gupta,Credit Card
AMZ105368,2024-11-22,Office Products,Desk Organizer,9.0,697.07,6273.63,central,Vikram Joshi,Amazon Pay
AMZ102577,2024-02-01,Grocery & Gourmet,Instant Coffee Jar,3.0,296.74,890.22,South ,Ritu Menon,Net Banking
AMZ102049,2023-12-26,Electronics,Mechanical Keyboard,4.0,3693.85,14775.4,Central,Isha Verma,Credit Card
AMZ104032,2024-11-06,Beauty & Personal Care,Sunscreen SPF50,7.0,808.19,5657.33,SOUTH,Ritu Joshi,Credit Card
AMZ104612,2023-08-27,Office Products,Whiteboard Marker Set,6.0,,,North,Rohan Nair,Cash on Delivery
AMZ102427,2023-05-26,Books,Self-Help Book,6.0,178.61,1071.66,EAST,Neha Malhotra,
AMZ101752,2023-12-27,Office Products,Desk Organizer,8.0,351.93,2815.44, North,Anusha Chatterjee,Debit Card
AMZ102800,2024-12-06,Toys & Games,Remote Control Car,4.0,243.95,975.8,South ,Ritu Reddy,UPI
AMZ103129,2024-08-06,Books,Cookbook,7.0,825.46,5778.22,South ,Manoj Sharma,Amazon Pay
AMZ100692,2023-05-10,Toys & Games,Remote Control Car,1.0,1523.35,1523.35, West,Vikram Kumar,UPI
AMZ102293,2023-11-11,Home & Kitchen,Storage Containers,4.0,496.45,1985.8,east,Imran Bhatt,Net Banking
AMZ101824,2024-09-04,Grocery & Gourmet,Almonds 500g,,842.26,,NORTH,Farhan Malhotra,Amazon Pay
AMZ103962,2023-07-25,Office Products,Stapler,7.0,540.26,3781.82,central,Sanjay Nair,Debit Card
AMZ101482,2024-07-14,Clothing,Denim Jacket,7.0,2334.79,16343.53,Central,Yash Verma,Debit Card
AMZ102226,2023-02-16,Sports & Fitness,Badminton Racket,2.0,3153.68,6307.36,CENTRAL ,Rahul Gupta,Amazon Pay
AMZ102289,2024-05-23,Electronics,Portable SSD,5.0,4755.71,23778.55,SOUTH,Tanvi Das,Net Banking
AMZ101191,2024-06-23,Grocery & Gourmet,Honey 500g,7.0,647.38,4531.66,central,Sanjay Pillai,Credit Card
AMZ100570,2024-11-10,Beauty & Personal Care,Perfume 100ml,8.0,1612.85,12902.8,west,Rohan Bhatt,Credit Card
AMZ102119,2023-08-08,Electronics,Portable SSD,7.0,1589.37,11125.59,east,Shreya Pillai,Credit Card
AMZ100052,2023-12-17,Toys & Games,Board Game,7.0,1945.56,13618.92,Central,Aditya Rao,Debit Card
AMZ101848,2023-05-31,Clothing,Denim Jacket,4.0,1710.98,6843.92,south,Priya Bhatt,Cash on Delivery
AMZ100589,2023-12-28,Sports & Fitness,Dumbbell Set,,3332.71,,east,Aditya Verma,Cash on Delivery
AMZ100007,2024-08-11,Office Products,Desk Organizer,4.0,803.66,3214.64,east,Shreya Singh,Credit Card
AMZ105439,2023-01-26,Toys & Games,Remote Control Car,7.0,556.01,3892.07,west,Rohan Malhotra,Amazon Pay
AMZ102013,2024-03-19,Sports & Fitness,Cricket Bat,2.0,1028.06,2056.12,east,Zoya Sharma,Cash on Delivery
AMZ102718,2024-12-20,Toys & Games,Remote Control Car,9.0,569.31,5123.79, West,Zoya Das,Net Banking
AMZ105500,2023-04-03,Books,Self-Help Book,9.0,424.46,3820.14,south,Yash Rao,Net Banking
AMZ101237,2024-04-17,Home & Kitchen,Vacuum Cleaner,6.0,3975.7,23854.2,west,Shreya Iyer,Debit Card
AMZ103240,2024-10-08,Office Products,Notebook Pack,5.0,472.76,2363.8, West,Isha Gupta,Amazon Pay
AMZ103800,2024-06-15,Sports & Fitness,Cricket Bat,1.0,1685.14,1685.14,EAST,Sneha Bose,Net Banking
AMZ100590,2024-08-03,Toys & Games,Puzzle 1000pc,4.0,221.66,886.64,north,Deepak Pillai,Amazon Pay
AMZ100436,2024-08-14,Electronics,Wireless Earbuds,10.0,1033.75,10337.5,central,Lakshmi Nair,Net Banking
AMZ100186,2023-05-09,Clothing,Yoga Pants,8.0,2490.51,19924.08,west,Isha Malhotra,Amazon Pay
AMZ102288,2024-08-24,Sports & Fitness,Badminton Racket,5.0,1421.67,7108.35,South,Pooja Malhotra,Net Banking
AMZ101654,2023-11-21,Clothing,Denim Jacket,10.0,968.51,9685.1,EAST,Priya Verma,Amazon Pay
AMZ103874,2023-05-20,Home & Kitchen,Blender,1.0,3769.79,3769.79,NORTH,Vivek Kumar,UPI
AMZ102370,2024-04-15,Sports & Fitness,Resistance Bands,3.0,1506.61,4519.83,Central,Imran Sharma,Debit Card
AMZ105499,2023-09-22,Books,Cookbook,10.0,360.91,3609.1,EAST,Priya Gupta,UPI
AMZ102056,2023-12-16,Electronics,Action Camera,3.0,1218.09,3654.27,east,Deepak Singh,UPI
AMZ105789,2023-10-07,Grocery & Gourmet,Green Tea Pack,10.0,454.58,4545.8,West,Rahul Rao,Cash on Delivery
AMZ105257,2024-09-06,Furniture,Bookshelf,10.0,7454.22,74542.2, West,Suresh Patel,Cash on Delivery
AMZ100344,2023-05-06,Sports & Fitness,Dumbbell Set,6.0,2852.56,17115.36,,Nikhil Sharma,UPI
AMZ105754,2023-01-17,Toys & Games,Remote Control Car,3.0,956.89,2870.67,CENTRAL ,Aditya Iyer,Debit Card
AMZ100816,2023-11-06,Electronics,Bluetooth Speaker,4.0,4289.07,17156.28,SOUTH,Divya Nair,Cash on Delivery
AMZ102264,2024-10-05,Toys & Games,Soft Toy,7.0,632.62,4428.34,EAST,Anusha Agarwal,Cash on Delivery
AMZ103727,2023-10-29,Books,Self-Help Book,5.0,401.28,2006.4, West,Karthik Patel,UPI
AMZ105214,2024-07-16,Books,Programming Guide,8.0,842.09,6736.72,north,Nikhil Joshi,Net Banking
AMZ103925,2024-12-02,Electronics,Wireless Earbuds,6.0,4274.18,25645.08,East,Kavya Chatterjee,UPI
AMZ104431,2023-04-19,Furniture,Office Chair,6.0,4355.5,26133.0,north,Suresh Malhotra,
AMZ103060,2024-07-12,Books,Children's Story Book,9.0,646.4,5817.6,central,Pooja Agarwal,Credit Card
AMZ101256,2024-12-11,Office Products,Stapler,2.0,833.41,1666.82,West,Nikhil Kumar,Net Banking
AMZ102578,2023-10-08,Office Products,Notebook Pack,5.0,190.39,951.95,south,Zoya Agarwal,Credit Card
AMZ105782,2023-08-14,Beauty & Personal Care,Sunscreen SPF50,3.0,1601.97,4805.91, West,Rahul Das,UPI
AMZ101882,2024-11-19,Office Products,Notebook Pack,9.0,225.38,2028.42,central,Rohan Kapoor,Credit Card
AMZ104403,2024-03-12,Sports & Fitness,Skipping Rope,4.0,1846.06,7384.24, North,Rahul Verma,Cash on Delivery
AMZ102283,2023-05-04,Grocery & Gourmet,Honey 500g,5.0,749.21,3746.05,West,Shreya Kumar,Net Banking
AMZ102976,2023-09-03,Sports & Fitness,Resistance Bands,2.0,2758.23,5516.46,EAST,Divya Agarwal,Amazon Pay
AMZ102611,2023-05-17,Sports & Fitness,Skipping Rope,1.0,3037.85,3037.85,central,Vivek Iyer,Debit Card
AMZ102172,2023-02-05,Beauty & Personal Care,Perfume 100ml,7.0,1392.8,9749.6,CENTRAL ,Anusha Bose,Debit Card
AMZ104705,2024-06-26,Books,Biography,1.0,591.97,591.97,East,Sneha Sharma,Debit Card
AMZ104666,2023-07-21,Grocery & Gourmet,Cooking Oil 1L,5.0,391.38,1956.9,Central,Ritu Gupta,Cash on Delivery
AMZ100789,2023-11-30,Beauty & Personal Care,Face Wash,4.0,1528.43,6113.72, West,Shreya Kapoor,Cash on Delivery
AMZ101113,2023-05-30,Sports & Fitness,Yoga Mat,10.0,802.12,8021.2,north,Imran Das,Amazon Pay
AMZ101568,2024-11-19,Home & Kitchen,Electric Kettle,8.0,912.71,7301.68,central,Aditya Kumar,Credit Card
AMZ100712,2024-10-01,Office Products,Stapler,1.0,669.18,669.18,South,Vikram Reddy,Cash on Delivery
AMZ101474,2024-03-10,Beauty & Personal Care,Face Wash,7.0,1115.26,7806.82, North,Sneha Sharma,Net Banking
AMZ103798,2024-01-06,Beauty & Personal Care,Face Wash,10.0,1341.98,13419.8,North,Arjun Kapoor,Amazon Pay
AMZ105702,2023-04-18,Furniture,Study Table,8.0,6639.11,53112.88,north,Lakshmi Singh,Net Banking
AMZ103746,2023-08-06,Sports & Fitness,Resistance Bands,2.0,1157.7,2315.4,east,Ritu Rao,Debit Card
AMZ102051,2023-09-13,Electronics,Laptop Stand,1.0,4757.41,4757.41,west,Sanjay Joshi,Credit Card
AMZ100639,2023-02-17,Furniture,Bookshelf,6.0,5814.08,34884.48, West,Shreya Bose,Credit Card
AMZ101741,2023-11-13,Grocery & Gourmet,Instant Coffee Jar,7.0,301.36,2109.52,south,Vikram Reddy,Cash on Delivery
AMZ104293,2023-03-03,Toys & Games,Puzzle 1000pc,9.0,410.81,3697.29,East,Pooja Singh,Net Banking
AMZ102164,2024-11-28,Beauty & Personal Care,Face Serum,4.0,505.32,2021.28,SOUTH,Imran Kapoor,Net Banking
AMZ101410,2023-02-26,Office Products,Stapler,6.0,,, West,Tanvi Kapoor,Net Banking
AMZ100866,2023-09-26,Clothing,Formal Shirt,10.0,1803.43,18034.3,EAST,Pooja Nair,UPI
AMZ103182,2023-11-23,Office Products,Notebook Pack,10.0,761.58,7615.8,NORTH,Manoj Kapoor,UPI
AMZ101030,2023-11-15,Office Products,Desk Organizer,2.0,132.96,265.92,NORTH,Isha Reddy,UPI
AMZ102033,2024-10-09,Toys & Games,Building Blocks Set,5.0,1595.86,7979.3,West,Divya Rao,Debit Card
AMZ100986,2023-02-23,Electronics,Laptop Stand,8.0,3674.67,29397.36, West,Vivek Pillai,Debit Card
AMZ103958,2024-03-01,Electronics,Portable SSD,7.0,1230.08,8610.56,West,Neha Kapoor,Credit Card
AMZ103228,2023-01-28,Grocery & Gourmet,Green Tea Pack,5.0,501.87,2509.35,,Shreya Joshi,Debit Card
AMZ105433,2023-07-18,Office Products,Printer Paper A4,5.0,809.43,4047.15,CENTRAL ,Pooja Rao,Amazon Pay
AMZ100783,2023-11-08,Home & Kitchen,Bed Sheet Set,9.0,3110.43,27993.87,West,Vikram Bhatt,Net Banking
AMZ104509,2024-08-26,Grocery & Gourmet,Almonds 500g,7.0,424.25,2969.75,west,Nikhil Bose,Credit Card
AMZ104454,2023-08-20,Toys & Games,Board Game,6.0,1820.97,10925.82,east,Nikhil Kumar,Amazon Pay
AMZ105315,2024-12-02,Office Products,Desk Organizer,2.0,426.46,852.92,Central,Karthik Chatterjee,Credit Card
AMZ104598,2023-07-28,Beauty & Personal Care,Face Wash,6.0,1325.04,7950.24,West,Rohan Kapoor,Net Banking
AMZ103430,2024-01-15,Beauty & Personal Care,Face Wash,8.0,451.89,3615.12,central,Zoya Reddy,UPI
AMZ100181,2024-01-14,Home & Kitchen,Bed Sheet Set,4.0,3670.29,14681.16,CENTRAL ,Ritu Sharma,Amazon Pay
AMZ100780,2024-12-15,Sports & Fitness,Yoga Mat,2.0,2978.52,5957.04, North,Imran Pillai,Net Banking
AMZ103092,2023-07-24,Sports & Fitness,Badminton Racket,7.0,1870.42,13092.94, West,Pooja Nair,Debit Card
AMZ103648,2024-09-13,Home & Kitchen,Blender,4.0,2469.72,9878.88, North,Anusha Agarwal,Net Banking
AMZ104280,2024-07-23,Furniture,Study Table,8.0,1908.5,15268.0, West,Meera Kumar,Debit Card
AMZ102115,2023-03-17,Books,Biography,4.0,838.34,3353.36,EAST,Divya Nair,UPI
AMZ105781,2024-07-17,Grocery & Gourmet,Honey 500g,2.0,745.86,1491.72, West,Manoj Patel,UPI
AMZ104740,2023-12-22,Grocery & Gourmet,Cooking Oil 1L,8.0,188.97,1511.76,south,Ritu Pillai,UPI
AMZ100754,2023-10-12,Home & Kitchen,Electric Kettle,-2.0,2988.07,5976.14, West,Kavya Agarwal,Amazon Pay
AMZ102001,2023-03-11,Office Products,Desk Organizer,2.0,920.04,1840.08,Central,Priya Chatterjee,Credit Card
AMZ105224,2024-05-11,Office Products,Desk Organizer,8.0,868.46,6947.68,North,Ritu Pillai,Amazon Pay
AMZ101606,2023-11-26,Office Products,Desk Organizer,10.0,80.51,805.1,Central,Rahul Nair,Cash on Delivery
AMZ102883,2023-11-14,Beauty & Personal Care,Face Serum,7.0,580.41,4062.87,,Deepak Chatterjee,UPI
AMZ104925,2024-11-07,Office Products,Notebook Pack,1.0,752.96,752.96, West,Anusha Iyer,Amazon Pay
AMZ101175,2023-02-08,Clothing,Men's T-Shirt,9.0,981.13,8830.17,east,Isha Sharma,Debit Card
AMZ100504,2023-08-13,Beauty & Personal Care,Face Serum,1.0,219.42,219.42,South,Rahul Joshi,Debit Card
AMZ104975,2024-09-18,Office Products,Whiteboard Marker Set,3.0,748.02,2244.06,west,Arjun Chatterjee,Cash on Delivery
AMZ101897,2023-04-06,Grocery & Gourmet,Basmati Rice 5kg,5.0,554.22,2771.1,Central,Neha Das,Cash on Delivery
AMZ101462,2023-04-19,Books,Programming Guide,4.0,591.64,2366.56,north,Ananya Joshi,Credit Card
AMZ103950,2023-01-21,Office Products,Printer Paper A4,3.0,862.28,2586.84,NORTH,Ritu Joshi,Credit Card
AMZ103657,2024-05-21,Toys & Games,Soft Toy,3.0,309.79,929.37,South ,Manoj Verma,Cash on Delivery
AMZ105712,2024-06-17,Home & Kitchen,Bed Sheet Set,6.0,4798.06,28788.36,South,Isha Joshi,Debit Card
AMZ102644,2023-01-27,Books,Cookbook,2.0,175.61,351.22,EAST,Rahul Gupta,Credit Card
AMZ103186,2023-11-01,Office Products,Whiteboard Marker Set,8.0,657.51,5260.08,EAST,Sneha Iyer,Net Banking
AMZ100464,2023-07-12,Electronics,Laptop Stand,3.0,537.89,1613.67,,Yash Menon,Debit Card
AMZ105658,2023-02-26,Electronics,Action Camera,4.0,3205.87,12823.48, North,Kavya Sharma,Net Banking
AMZ102783,2023-06-18,Books,Programming Guide,9.0,441.15,3970.35,central,Imran Bose,UPI
AMZ101266,2024-01-12,Books,Fiction Novel,6.0,375.59,2253.54,central,Sanjay Pillai,Net Banking
AMZ102003,2024-04-27,Books,Cookbook,3.0,287.95,863.85,,Vivek Kumar,Cash on Delivery
AMZ102182,2024-12-11,Books,Biography,2.0,400.0,800.0,EAST,Farhan Singh,Debit Card
AMZ100291,2023-08-14,Furniture,Study Table,,6397.06,,east,Divya Sharma,Credit Card
AMZ101899,2023-05-02,Clothing,Winter Hoodie,7.0,1048.96,7342.72,West,Manoj Nair,Debit Card
AMZ104846,2024-07-17,Home & Kitchen,Blender,8.0,941.46,7531.68,East,Anusha Verma,Credit Card
AMZ105464,2023-10-20,Books,Programming Guide,1.0,462.07,462.07,NORTH,Lakshmi Verma,Credit Card
AMZ100079,2023-08-01,Books,Cookbook,7.0,194.79,1363.53,CENTRAL ,Lakshmi Gupta,Credit Card
AMZ102275,2024-12-03,Books,Children's Story Book,10.0,792.39,7923.9, North,Nikhil Rao,Net Banking
AMZ103170,2023-05-07,Grocery & Gourmet,Cooking Oil 1L,4.0,648.57,2594.28,west,Karthik Agarwal,Credit Card
AMZ103768,2023-10-24,Home & Kitchen,Storage Containers,8.0,1386.6,11092.8,east,Anusha Patel,Credit Card
AMZ104304,2023-05-01,Office Products,Notebook Pack,7.0,777.77,5444.39,,Manoj Agarwal,Debit Card
AMZ104606,2024-08-30,Electronics,Wireless Earbuds,6.0,4850.76,29104.56,EAST,Aditya Reddy,Debit Card
AMZ102528,2023-12-13,Furniture,Study Table,5.0,11480.3,57401.5,East,Divya Singh,Cash on Delivery
AMZ102088,2023-09-22,Home & Kitchen,Bed Sheet Set,5.0,2911.44,14557.2,EAST,Imran Singh,UPI
AMZ103277,2024-06-17,Sports & Fitness,Cricket Bat,9.0,1148.59,10337.31,EAST,Sanjay Das,Debit Card
AMZ100195,2023-11-25,Office Products,Gel Pens Set,3.0,561.57,1684.71,west,Imran Sharma,Debit Card
AMZ105372,2024-03-28,Furniture,Bedside Table,10.0,5579.96,55799.6, West,Nikhil Pillai,Credit Card
AMZ105806,2024-10-13,Electronics,Action Camera,2.0,3069.4,6138.8, North,Pooja Chatterjee,UPI
AMZ102854,2024-11-22,Clothing,Women's Kurti,6.0,1492.29,8953.74,east,Karthik Bhatt,Amazon Pay
AMZ100432,2023-11-04,Home & Kitchen,Blender,8.0,1573.52,12588.16,South,Tanvi Singh,Cash on Delivery
AMZ105125,2024-08-16,Sports & Fitness,Cricket Bat,10.0,3281.2,32812.0,Central,Ananya Das,UPI
AMZ103006,2024-08-31,Furniture,Study Table,7.0,4341.65,30391.55, North,Divya Malhotra,Debit Card
AMZ104813,2024-10-27,Beauty & Personal Care,Hair Dryer,8.0,416.29,3330.32,North,Manoj Kapoor,Net Banking
AMZ104273,2023-11-28,Books,Fiction Novel,1.0,729.35,729.35,central,Kavya Verma,UPI
AMZ103842,2023-01-24,Beauty & Personal Care,Lipstick Set,8.0,1504.47,12035.76,South ,Pooja Bhatt,Cash on Delivery
AMZ100784,2023-12-26,Furniture,Bean Bag,5.0,9019.57,45097.85,CENTRAL ,Anusha Bose,Debit Card
AMZ103065,2023-08-13,Beauty & Personal Care,Trimmer,8.0,1870.88,14967.04,central,Yash Iyer,Cash on Delivery
AMZ104799,2024-06-03,Clothing,Winter Hoodie,3.0,1716.47,5149.41,EAST,Vivek Kapoor,Net Banking
AMZ101172,2024-02-07,Books,Programming Guide,10.0,335.33,3353.3,NORTH,Ananya Kumar,Debit Card
AMZ104245,2023-06-02,Toys & Games,Building Blocks Set,4.0,305.98,1223.92,south,Ananya Patel,Amazon Pay
AMZ103442,2023-08-30,Electronics,Mechanical Keyboard,6.0,,,west,Suresh Malhotra,Debit Card
AMZ104201,2024-06-10,Office Products,Stapler,9.0,447.11,4023.99,west,Isha Bhatt,Net Banking
AMZ100683,2024-11-29,Books,Children's Story Book,1.0,753.85,753.85,West,Manoj Kumar,Amazon Pay
AMZ104435,2023-01-18,Clothing,Winter Hoodie,7.0,1022.96,7160.72,SOUTH,Farhan Nair,UPI
AMZ101141,2024-11-21,Electronics,Power Bank,5.0,4232.79,21163.95,north,Neha Iyer,Debit Card
AMZ101371,2024-06-16,Grocery & Gourmet,Almonds 500g,3.0,695.86,2087.58,CENTRAL ,Deepak Chatterjee,
AMZ102555,2024-03-22,Furniture,Bedside Table,3.0,9318.47,27955.41, North,Arjun Sharma,UPI
AMZ105572,2024-02-29,Toys & Games,Puzzle 1000pc,10.0,821.48,8214.8,South ,Isha Sharma,Net Banking
AMZ105400,2023-07-29,Clothing,Winter Hoodie,9.0,1305.34,11748.06, West,Vikram Rao,Net Banking
AMZ103653,2023-04-08,Clothing,Denim Jacket,2.0,999.2,1998.4,south,Farhan Pillai,Credit Card
AMZ105334,2024-08-21,Office Products,Whiteboard Marker Set,7.0,324.63,2272.41,South ,Rohan Joshi,Debit Card
AMZ101510,2024-05-14,Beauty & Personal Care,Lipstick Set,6.0,1643.1,9858.6,east,Pooja Joshi,Amazon Pay
AMZ102127,2024-06-06,Grocery & Gourmet,Basmati Rice 5kg,4.0,102.86,411.44,South ,Priya Menon,Amazon Pay
AMZ104737,2024-07-14,Electronics,Power Bank,7.0,3164.38,22150.66,East,Manoj Chatterjee,UPI
AMZ104238,2023-04-14,Electronics,Laptop Stand,7.0,939.13,6573.91,Central,Tanvi Bhatt,Net Banking
AMZ100882,2024-04-01,Toys & Games,Remote Control Car,5.0,773.56,3867.8,central,Sneha Chatterjee,Debit Card
AMZ100538,2024-04-08,Home & Kitchen,Electric Kettle,5.0,2500.85,12504.25, West,Pooja Nair,Credit Card
AMZ104033,2023-11-13,Books,Programming Guide,2.0,393.02,786.04,east,Neha Kumar,Cash on Delivery
AMZ102706,2023-02-09,Office Products,Desk Organizer,2.0,66.8,133.6,Central,Isha Menon,Credit Card
AMZ102931,2024-05-14,Home & Kitchen,Bed Sheet Set,4.0,2657.39,10629.56,East,Tanvi Malhotra,UPI
AMZ100256,2024-08-09,Toys & Games,Remote Control Car,10.0,608.38,6083.8,central,Rohan Nair,Amazon Pay
AMZ104395,2023-09-26,Grocery & Gourmet,Cooking Oil 1L,10.0,119.24,1192.4,East,Neha Pillai,Debit Card
AMZ105747,2023-07-17,Office Products,Stapler,9.0,289.84,2608.56, West,Arjun Gupta,Cash on Delivery
AMZ103704,2024-08-19,Sports & Fitness,Resistance Bands,1.0,2797.79,2797.79,EAST,Rohan Kumar,Cash on Delivery
AMZ102894,2023-10-09,Toys & Games,Soft Toy,8.0,565.55,4524.4,central,Tanvi Malhotra,Amazon Pay
AMZ105604,2023-09-15,Clothing,Casual Sneakers,1.0,1306.07,1306.07,CENTRAL ,Pooja Chatterjee,Cash on Delivery
AMZ101934,2023-09-29,Beauty & Personal Care,Trimmer,2.0,1529.93,3059.86, West,Aditya Bhatt,Credit Card
AMZ104686,2023-05-24,Toys & Games,Building Blocks Set,7.0,1293.38,9053.66,West,Aditya Rao,Debit Card
AMZ103716,2023-08-03,Toys & Games,Soft Toy,4.0,1637.78,6551.12,west,Divya Menon,Amazon Pay
AMZ104670,2023-12-24,Toys & Games,Remote Control Car,2.0,1310.03,2620.06,south,Pooja Sharma,Credit Card
AMZ102999,2024-07-21,Toys & Games,Remote Control Car,4.0,292.84,1171.36,west,Manoj Verma,Net Banking
AMZ102184,2024-06-13,Office Products,Desk Organizer,1.0,289.44,289.44,Central,Kavya Bhatt,Credit Card
AMZ104075,2023-08-09,Toys & Games,Board Game,4.0,1955.0,7820.0,east,Rahul Menon,Cash on Delivery
AMZ102094,2024-07-01,Books,Biography,4.0,795.59,3182.36,SOUTH,Sanjay Reddy,UPI
AMZ102872,2024-02-09,Home & Kitchen,Electric Kettle,9.0,2161.78,19456.02,North,Aditya Singh,Amazon Pay
AMZ103728,2023-02-11,Clothing,Denim Jacket,7.0,446.51,3125.57,West,Pooja Kapoor,Debit Card
AMZ102215,2023-08-05,Clothing,Denim Jacket,4.0,1795.57,7182.28,Central,Zoya Kumar,Net Banking
AMZ101574,2024-04-04,Home & Kitchen,Non-Stick Pan Set,1.0,949.51,949.51,NORTH,Vikram Verma,Net Banking
AMZ104873,2023-03-06,Electronics,Portable SSD,5.0,3188.94,15944.7,Central,Ananya Agarwal,Amazon Pay
AMZ103528,2023-07-19,Furniture,Bookshelf,2.0,11779.51,23559.02,east,Farhan Reddy,Amazon Pay
AMZ100952,2024-04-25,Office Products,Stapler,4.0,278.7,1114.8,SOUTH,Sneha Joshi,Credit Card
AMZ103155,2023-09-28,Home & Kitchen,Electric Kettle,4.0,3754.21,15016.84,EAST,Suresh Agarwal,UPI
AMZ102560,2024-07-27,Office Products,Stapler,2.0,60.57,121.14,South,Karthik Menon,Credit Card
AMZ100430,2023-10-25,Electronics,Laptop Stand,4.0,5977.71,23910.84, North,Ritu Kapoor,Credit Card
AMZ101047,2023-04-05,Furniture,Study Table,3.0,2056.81,6170.43,Central,Tanvi Agarwal,Debit Card
AMZ100962,2024-02-14,Furniture,Study Table,3.0,12592.22,37776.66,SOUTH,Tanvi Verma,Debit Card
AMZ105254,2023-07-12,Sports & Fitness,Resistance Bands,9.0,,,central,Rahul Iyer,Debit Card
AMZ100724,2024-03-23,Home & Kitchen,Bed Sheet Set,7.0,3087.36,21611.52,East,Zoya Rao,UPI
AMZ101800,2023-10-24,Office Products,Notebook Pack,,607.07,,east,Rahul Bose,Net Banking
AMZ104825,2024-11-16,Clothing,Yoga Pants,10.0,1720.01,17200.1,east,Neha Sharma,Net Banking
AMZ103413,2023-05-25,Clothing,Denim Jacket,2.0,787.83,1575.66,central,Shreya Agarwal,Credit Card
AMZ100350,2024-05-02,Electronics,Wireless Earbuds,3.0,3911.32,11733.96,north,Lakshmi Bhatt,Net Banking
AMZ104114,2024-03-01,Furniture,Study Table,8.0,8667.94,69343.52, North,Suresh Iyer,UPI
AMZ102028,2023-07-16,Electronics,Wireless Mouse,10.0,2067.72,20677.2,East,Suresh Das,Net Banking
AMZ102972,2023-07-15,Toys & Games,Puzzle 1000pc,3.0,635.63,1906.89, North,Vivek Iyer,UPI
AMZ100653,2023-07-17,Grocery & Gourmet,Instant Coffee Jar,4.0,634.25,2537.0,North,Deepak Das,Credit Card
AMZ102477,2024-04-10,Toys & Games,Board Game,3.0,1299.91,3899.73,north,Divya Joshi,Cash on Delivery
AMZ100920,2024-02-27,Home & Kitchen,Electric Kettle,6.0,4307.51,25845.06,South ,Priya Bhatt,Amazon Pay
AMZ104417,2023-10-25,Grocery & Gourmet,Honey 500g,7.0,719.7,5037.9,EAST,Meera Bose,UPI
AMZ100381,2024-01-05,Furniture,Bedside Table,4.0,7949.69,31798.76,West,Tanvi Rao,Amazon Pay
AMZ105324,2024-04-25,Sports & Fitness,Badminton Racket,9.0,3049.09,27441.81, West,,UPI
AMZ104463,2023-12-07,Books,Biography,5.0,445.84,2229.2,West,Sneha Kumar,Amazon Pay
AMZ102640,2024-01-11,Books,Cookbook,4.0,702.1,2808.4,Central,Kavya Gupta,UPI
AMZ105614,2024-01-05,Books,Programming Guide,1.0,821.5,821.5,north,Shreya Verma,UPI
AMZ105207,2023-12-31,Home & Kitchen,LED Desk Lamp,10.0,3930.69,39306.9,west,Priya Sharma,UPI
AMZ105170,2024-03-18,Office Products,Gel Pens Set,2.0,973.38,1946.76,CENTRAL ,Vivek Iyer,Credit Card
AMZ104969,2024-04-11,Sports & Fitness,Skipping Rope,4.0,3132.47,12529.88, North,Anusha Singh,Credit Card
AMZ101693,2024-03-04,Grocery & Gourmet,Honey 500g,3.0,869.03,2607.09,west,Priya Reddy,Credit Card
AMZ105438,2024-10-21,Furniture,Bean Bag,8.0,5675.99,45407.92,south,Zoya Joshi,Net Banking
AMZ100537,2023-11-20,Home & Kitchen,Non-Stick Pan Set,9.0,562.06,5058.54,West,Ritu Gupta,Cash on Delivery
AMZ104090,2024-01-31,Toys & Games,Puzzle 1000pc,5.0,880.8,4404.0,NORTH,Vikram Rao,Amazon Pay
AMZ105197,2024-12-04,Books,Fiction Novel,,751.23,,SOUTH,Anusha Nair,Cash on Delivery
AMZ104919,2024-01-18,Clothing,Formal Shirt,2.0,374.34,748.68,East,Imran Das,Debit Card
AMZ102188,2024-07-28,Books,Children's Story Book,9.0,458.08,4122.72,South ,Suresh Bhatt,Credit Card
AMZ103292,2023-05-24,Clothing,Winter Hoodie,10.0,1013.51,10135.1,South,Suresh Nair,UPI
AMZ105376,2023-03-28,Books,Biography,9.0,186.95,1682.55,Central,Deepak Sharma,Amazon Pay
AMZ103749,2024-08-04,Grocery & Gourmet,Green Tea Pack,10.0,307.23,3072.3, West,Zoya Patel,Net Banking
AMZ103025,2024-06-25,Clothing,Denim Jacket,8.0,1414.33,11314.64,north,Vikram Patel,Net Banking
AMZ100896,2024-08-03,Office Products,Stapler,3.0,57.51,172.53,Central,Manoj Joshi,UPI
AMZ103864,2023-03-25,Beauty & Personal Care,Perfume 100ml,9.0,723.95,6515.55,central,Lakshmi Malhotra,UPI
AMZ101877,2024-02-28,Sports & Fitness,Resistance Bands,3.0,3153.59,9460.77,East,Anusha Sharma,Net Banking
AMZ101859,2023-10-13,Home & Kitchen,Blender,2.0,345.11,690.22,West,Imran Singh,Net Banking
AMZ100627,2024-05-09,Sports & Fitness,Yoga Mat,6.0,1488.97,8933.82,West,Meera Chatterjee,Debit Card
AMZ100415,2023-07-14,Furniture,Office Chair,1.0,11462.19,11462.19, West,Sneha Kumar,UPI
AMZ101293,2024-03-04,Grocery & Gourmet,Cooking Oil 1L,10.0,444.33,4443.3, North,Rohan Nair,Cash on Delivery
AMZ104030,2023-12-16,Toys & Games,Puzzle 1000pc,3.0,417.53,1252.59,NORTH,Shreya Joshi,Credit Card
AMZ102436,2023-03-15,Toys & Games,Building Blocks Set,5.0,873.69,4368.45,east,Anusha Chatterjee,Debit Card
AMZ104346,2024-02-24,Sports & Fitness,Resistance Bands,4.0,993.31,3973.24,west,Vikram Rao,UPI
AMZ104777,2023-02-13,Beauty & Personal Care,Hair Dryer,2.0,1037.78,2075.56,west,Lakshmi Sharma,Net Banking
AMZ100955,2024-07-05,Sports & Fitness,Resistance Bands,10.0,1595.51,15955.1, West,Sanjay Gupta,Amazon Pay
AMZ104235,2023-01-31,Electronics,Power Bank,9.0,4531.33,40781.97,west,Arjun Nair,Debit Card
AMZ101125,2023-04-04,Electronics,Action Camera,3.0,2199.64,6598.92,South,Yash Iyer,Credit Card
AMZ101957,2023-02-26,Beauty & Personal Care,Lipstick Set,3.0,1961.25,5883.75,Central,Zoya Verma,Net Banking
AMZ103164,2024-06-07,Beauty & Personal Care,Lipstick Set,5.0,,,west,Sneha Kapoor,Credit Card
AMZ101907,2024-02-07,Toys & Games,Building Blocks Set,5.0,1953.85,9769.25,south,Arjun Reddy,Credit Card
AMZ100909,2024-01-12,Furniture,Bookshelf,6.0,5995.6,35973.6,North,Aditya Menon,Credit Card
AMZ103265,2024-03-01,Furniture,Office Chair,5.0,12010.15,60050.75,South ,Kavya Iyer,Amazon Pay
AMZ100418,2024-07-03,Toys & Games,Board Game,5.0,747.94,3739.7,CENTRAL ,Sneha Patel,Debit Card
AMZ104660,2024-06-01,Beauty & Personal Care,Hair Dryer,7.0,250.17,1751.19,EAST,Rahul Iyer,Amazon Pay
AMZ105752,2023-05-28,Sports & Fitness,Yoga Mat,8.0,2715.41,21723.28,EAST,Aditya Rao,UPI
AMZ104426,2024-02-16,Toys & Games,Building Blocks Set,8.0,862.49,6899.92,east,Pooja Chatterjee,UPI
AMZ101966,2024-08-16,Sports & Fitness,Dumbbell Set,5.0,3200.26,16001.3,West,Isha Verma,Cash on Delivery
AMZ104826,2023-06-17,Home & Kitchen,Electric Kettle,1.0,4216.33,4216.33,South ,Rahul Agarwal,Amazon Pay
AMZ103687,2023-03-09,Grocery & Gourmet,Honey 500g,9.0,862.5,7762.5,North,Aditya Nair,UPI
AMZ104283,2024-07-06,Beauty & Personal Care,Trimmer,6.0,1481.68,8890.08, West,Rahul Patel,UPI
AMZ101856,2024-02-21,Home & Kitchen,Non-Stick Pan Set,3.0,908.99,2726.97,West,,Cash on Delivery
AMZ100254,2023-07-03,Furniture,Bean Bag,4.0,9430.74,37722.96,Central,Vikram Verma,Credit Card
AMZ105441,2023-10-28,Home & Kitchen,Bed Sheet Set,3.0,2684.66,8053.98,south,Kavya Singh,Credit Card
AMZ105350,2023-03-08,Electronics,Smart Watch,10.0,2782.34,27823.4, North,Priya Singh,Amazon Pay
AMZ100801,2023-12-22,Electronics,Wireless Mouse,4.0,1830.3,7321.2,east,Farhan Pillai,Amazon Pay
AMZ100207,2024-08-04,Sports & Fitness,Yoga Mat,10.0,2316.82,23168.2, West,Yash Patel,Net Banking
AMZ101086,2024-07-02,Clothing,Women's Kurti,1.0,2321.97,2321.97,central,Sneha Verma,Credit Card
AMZ100048,2023-02-14,Electronics,Laptop Stand,7.0,5595.68,39169.76,CENTRAL ,Meera Bhatt,Debit Card
AMZ102825,2024-07-22,Grocery & Gourmet,Honey 500g,5.0,883.71,4418.55,South ,Meera Singh,Amazon Pay
AMZ104565,2024-03-21,Home & Kitchen,Storage Containers,8.0,3496.64,27973.12,central,Ananya Menon,UPI
AMZ105147,2023-10-13,Furniture,Bedside Table,7.0,3642.32,25496.24,central,Kavya Gupta,Net Banking
AMZ102496,2023-02-25,Grocery & Gourmet,Green Tea Pack,9.0,191.73,1725.57,west,Pooja Bhatt,Debit Card
AMZ100960,2024-04-14,Sports & Fitness,Skipping Rope,5.0,1948.37,9741.85,Central,Divya Bhatt,Debit Card
AMZ102746,2024-08-11,Clothing,Running Shoes,9.0,1789.69,16107.21,South,Sanjay Agarwal,Debit Card
AMZ100903,2024-10-13,Books,Cookbook,2.0,471.8,943.6,North,Vivek Kumar,Debit Card
AMZ102310,2023-08-15,Office Products,Printer Paper A4,5.0,266.27,1331.35,CENTRAL ,Isha Sharma,UPI
AMZ102097,2023-08-05,Sports & Fitness,Badminton Racket,9.0,3208.28,28874.52,central,Meera Iyer,UPI
AMZ104128,2024-12-30,Home & Kitchen,Storage Containers,8.0,4642.91,37143.28,Central,Divya Agarwal,Cash on Delivery
AMZ102256,2024-07-14,Clothing,Women's Kurti,5.0,2362.22,11811.1,East,Divya Reddy,Amazon Pay
AMZ102054,2023-09-02,Office Products,Notebook Pack,2.0,805.92,1611.84,CENTRAL ,Nikhil Sharma,Amazon Pay
AMZ100339,2024-08-03,Grocery & Gourmet,Cooking Oil 1L,9.0,557.17,5014.53,South,Vikram Kapoor,Cash on Delivery
AMZ103521,2024-02-08,Toys & Games,Board Game,5.0,1746.95,8734.75, North,Arjun Agarwal,Debit Card
AMZ104006,2023-11-08,Sports & Fitness,Badminton Racket,4.0,1826.52,7306.08,CENTRAL ,Nikhil Nair,UPI
AMZ103881,2023-02-23,Toys & Games,Remote Control Car,4.0,434.13,1736.52,south,Vivek Pillai,Amazon Pay
AMZ104302,2024-08-01,Clothing,Running Shoes,2.0,2045.05,4090.1,CENTRAL ,Rohan Verma,Debit Card
AMZ105318,2024-06-18,Toys & Games,Puzzle 1000pc,3.0,1924.75,5774.25,west,Deepak Iyer,Credit Card
AMZ100736,2024-03-27,Beauty & Personal Care,Hair Dryer,2.0,1293.64,2587.28, West,Farhan Kapoor,Amazon Pay
AMZ100378,2023-12-29,Beauty & Personal Care,Face Serum,1.0,634.29,634.29,East,Suresh Singh,Debit Card
AMZ103445,2024-11-28,Electronics,Power Bank,6.0,5461.61,32769.66,Central,Manoj Bhatt,Amazon Pay
AMZ105762,2023-04-18,Beauty & Personal Care,Perfume 100ml,10.0,715.02,7150.2,West,Farhan Gupta,Debit Card
AMZ101457,2024-04-07,Office Products,Notebook Pack,2.0,171.59,343.18,South,Imran Nair,Cash on Delivery
AMZ105360,2023-09-30,Home & Kitchen,Vacuum Cleaner,5.0,1456.85,7284.25,East,Aditya Kumar,
AMZ101676,2024-12-21,Electronics,Action Camera,1.0,4895.7,4895.7,central,Lakshmi Menon,Net Banking
AMZ105083,2023-01-08,Home & Kitchen,Non-Stick Pan Set,4.0,2508.05,10032.2,west,Isha Kapoor,Net Banking
AMZ105656,2023-01-08,Electronics,Action Camera,2.0,5345.49,10690.98,SOUTH,Manoj Iyer,Amazon Pay
AMZ100738,2024-06-04,Electronics,Portable SSD,8.0,5739.39,45915.12,South,Tanvi Singh,Cash on Delivery
AMZ105127,2023-06-24,Furniture,Bookshelf,10.0,2261.48,22614.8,east,Suresh Malhotra,Cash on Delivery
AMZ101102,2024-03-09,Toys & Games,Remote Control Car,1.0,1186.13,1186.13,north,Rahul Reddy,UPI
AMZ105445,2023-03-18,Furniture,Bookshelf,9.0,12193.78,109744.02,north,Imran Gupta,Amazon Pay
AMZ102494,2024-12-21,Beauty & Personal Care,Perfume 100ml,2.0,711.99,1423.98,South,Imran Gupta,UPI
AMZ105743,2023-08-09,Electronics,Wireless Earbuds,2.0,5186.48,10372.96,East,Deepak Pillai,UPI
AMZ101998,2023-01-08,Sports & Fitness,Skipping Rope,3.0,1831.47,5494.41,CENTRAL ,Anusha Das,Credit Card
AMZ100177,2024-03-18,Beauty & Personal Care,Face Wash,4.0,1406.25,5625.0,central,,Net Banking
AMZ102443,2023-04-28,Office Products,Whiteboard Marker Set,10.0,952.06,9520.6,SOUTH,Karthik Das,Net Banking
AMZ104286,2023-12-19,Clothing,Yoga Pants,10.0,2421.26,24212.6,south,,Cash on Delivery
AMZ105000,2024-09-29,Clothing,Winter Hoodie,5.0,1226.01,6130.05,East,Manoj Iyer,Credit Card
AMZ102876,2024-09-20,Office Products,Whiteboard Marker Set,1.0,828.48,828.48,west,Ritu Sharma,Cash on Delivery
AMZ102688,2024-03-19,Grocery & Gourmet,Instant Coffee Jar,10.0,304.33,3043.3,central,Sneha Reddy,Net Banking
AMZ102499,2024-08-07,Grocery & Gourmet,Green Tea Pack,9.0,894.9,8054.1,North,Imran Bose,Amazon Pay
AMZ104357,2024-11-10,Grocery & Gourmet,Instant Coffee Jar,6.0,106.81,640.86,central,Nikhil Kapoor,Credit Card
AMZ100021,2023-05-06,Furniture,Bean Bag,5.0,12464.62,62323.1,South,Vivek Verma,Net Banking
AMZ102401,2024-04-14,Books,Cookbook,3.0,191.45,574.35,West,Ananya Chatterjee,Amazon Pay
AMZ101651,2024-07-21,Furniture,Study Table,1.0,2246.08,2246.08,West,Divya Agarwal,Net Banking
AMZ105756,2023-03-10,Sports & Fitness,Resistance Bands,9.0,,,EAST,Pooja Kapoor,Debit Card
AMZ101869,2024-01-15,Beauty & Personal Care,Face Wash,4.0,1977.72,7910.88,east,Shreya Rao,Net Banking
AMZ100503,2024-10-25,Beauty & Personal Care,Face Serum,10.0,1606.9,16069.0,West,Zoya Singh,Amazon Pay
AMZ101353,2024-02-14,Furniture,Office Chair,2.0,3986.21,7972.42,South,Karthik Agarwal,Net Banking
AMZ100520,2024-09-17,Beauty & Personal Care,Sunscreen SPF50,1.0,1470.45,1470.45,east,Suresh Iyer,Debit Card
AMZ100814,2023-12-21,Office Products,Stapler,4.0,677.47,2709.88,central,Zoya Gupta,Credit Card
AMZ104205,2023-07-15,Books,Fiction Novel,9.0,808.98,7280.82,CENTRAL ,Rahul Bose,Net Banking
AMZ103598,2023-03-04,Books,Children's Story Book,9.0,598.13,5383.17,North,Priya Patel,Debit Card
AMZ102239,2023-02-25,Office Products,Gel Pens Set,9.0,357.31,3215.79,central,Ananya Gupta,Cash on Delivery
AMZ103626,2023-10-15,Electronics,USB-C Cable,6.0,1234.53,7407.18,South ,Rahul Reddy,Net Banking
AMZ105375,2023-03-18,Furniture,Bean Bag,2.0,9370.15,18740.3,north,Yash Menon,Amazon Pay
AMZ101087,2024-09-07,Books,Children's Story Book,2.0,774.16,1548.32,west,Kavya Kapoor,Credit Card
AMZ100422,2023-05-21,Office Products,Gel Pens Set,1.0,220.13,220.13,South,Imran Iyer,Credit Card
AMZ103149,2024-09-10,Office Products,Gel Pens Set,7.0,503.3,3523.1,west,Priya Iyer,UPI
AMZ100981,2023-01-11,Home & Kitchen,Blender,3.0,321.31,963.93,South,Sneha Bhatt,Amazon Pay
AMZ104008,2023-03-10,Books,Programming Guide,8.0,556.06,4448.48,west,Neha Rao,Cash on Delivery
AMZ103193,2023-06-04,Electronics,Smart Watch,1.0,2134.78,2134.78,CENTRAL ,Deepak Gupta,Cash on Delivery
AMZ102616,2023-04-30,Home & Kitchen,Electric Kettle,10.0,2739.7,27397.0,central,Sneha Kapoor,Cash on Delivery
AMZ100153,2024-04-28,Sports & Fitness,Dumbbell Set,6.0,2183.06,13098.36, West,Divya Malhotra,Net Banking
AMZ104322,2023-12-26,Sports & Fitness,Skipping Rope,2.0,2661.02,5322.04,CENTRAL ,Sanjay Das,UPI
AMZ103703,2023-08-24,Sports & Fitness,Badminton Racket,10.0,845.79,8457.9,South ,Kavya Kumar,Net Banking
AMZ102401,2024-04-14,Books,Cookbook,3.0,191.45,574.35,West,Ananya Chatterjee,Amazon Pay
AMZ103660,2024-05-22,Electronics,Wireless Earbuds,9.0,1849.82,16648.38,north,Zoya Gupta,Net Banking
AMZ104460,2024-07-30,Electronics,USB-C Cable,6.0,2598.98,15593.88,North,Deepak Joshi,Credit Card
AMZ102788,2023-07-17,Books,Self-Help Book,2.0,118.84,237.68,north,Priya Joshi,Cash on Delivery
AMZ104202,2023-05-08,Grocery & Gourmet,Cooking Oil 1L,4.0,706.46,2825.84,SOUTH,Sanjay Verma,Credit Card
AMZ101027,2024-11-08,Home & Kitchen,Storage Containers,8.0,988.49,7907.92,NORTH,Arjun Bhatt,Debit Card
AMZ101652,2024-01-16,Beauty & Personal Care,Face Serum,7.0,1762.44,12337.08,CENTRAL ,Ananya Kapoor,Net Banking
AMZ105502,2023-03-17,Furniture,Study Table,1.0,9862.24,9862.24,EAST,Shreya Patel,Net Banking
AMZ105414,2023-03-11,Books,Biography,5.0,842.99,4214.95,Central,Suresh Iyer,Debit Card
AMZ104423,2023-08-17,Furniture,Bean Bag,2.0,9904.77,19809.54,EAST,Pooja Menon,Amazon Pay
AMZ102137,2024-10-08,Electronics,Bluetooth Speaker,8.0,629.11,5032.88,east,Anusha Iyer,Cash on Delivery
AMZ101678,2023-04-23,Sports & Fitness,Badminton Racket,3.0,1534.75,4604.25,East,Imran Agarwal,Cash on Delivery
AMZ100282,2024-12-09,Toys & Games,Board Game,8.0,1580.19,12641.52, West,Tanvi Agarwal,UPI
AMZ101084,2024-09-14,Furniture,Bookshelf,2.0,2270.92,4541.84,east,Tanvi Menon,Cash on Delivery
AMZ104603,2023-03-22,Books,Children's Story Book,6.0,426.07,2556.42,North,Neha Bhatt,Cash on Delivery
AMZ103919,2024-09-18,Electronics,Action Camera,10.0,,,west,Neha Kumar,UPI
AMZ102849,2024-05-15,Clothing,Casual Sneakers,9.0,802.87,7225.83,SOUTH,Ananya Bhatt,UPI
AMZ103472,2023-10-18,Toys & Games,Puzzle 1000pc,7.0,396.14,2772.98,west,Neha Kumar,Cash on Delivery
AMZ104371,2024-10-08,Toys & Games,Remote Control Car,8.0,906.89,7255.12, West,,Debit Card
AMZ103818,2024-12-27,Grocery & Gourmet,Almonds 500g,4.0,117.44,469.76,EAST,Aditya Reddy,Debit Card
AMZ104541,2024-02-25,Books,Children's Story Book,-6.0,867.4,5204.4,East,Vivek Das,Amazon Pay
AMZ103421,2023-07-19,Beauty & Personal Care,Sunscreen SPF50,7.0,1173.77,8216.39,Central,Nikhil Bhatt,Amazon Pay
AMZ101999,2024-05-11,Office Products,Desk Organizer,1.0,643.16,643.16,North,Nikhil Gupta,Debit Card
AMZ105509,2023-08-02,Electronics,Mechanical Keyboard,5.0,1500.99,7504.95,West,Vikram Das,Credit Card
AMZ101507,2024-09-05,Grocery & Gourmet,Instant Coffee Jar,4.0,638.1,2552.4,SOUTH,Divya Menon,Debit Card
AMZ105379,2023-07-28,Home & Kitchen,Vacuum Cleaner,1.0,4718.01,4718.01,SOUTH,Suresh Bose,Credit Card
AMZ100316,2024-05-09,Beauty & Personal Care,Face Wash,3.0,401.62,1204.86,East,Shreya Bose,Amazon Pay
AMZ105578,2024-03-01,Furniture,Bedside Table,5.0,10786.29,53931.45,East,Nikhil Joshi,Credit Card
AMZ105364,2024-03-02,Grocery & Gourmet,Cooking Oil 1L,7.0,267.92,1875.44,,Rohan Malhotra,Debit Card
AMZ103077,2023-04-04,Sports & Fitness,Resistance Bands,1.0,2295.15,2295.15,,Sneha Iyer,Amazon Pay
AMZ105746,2024-02-10,Sports & Fitness,Cricket Bat,8.0,2822.71,22581.68,NORTH,Rahul Singh,Credit Card
AMZ100668,2024-04-09,Grocery & Gourmet,Cooking Oil 1L,4.0,634.68,2538.72,South,Suresh Menon,Amazon Pay
AMZ103309,2024-03-03,Electronics,Action Camera,5.0,4535.32,22676.6,CENTRAL ,Vivek Reddy,Debit Card
AMZ100626,2024-11-19,Clothing,Women's Kurti,3.0,534.65,1603.95,West,Kavya Bhatt,UPI
AMZ101219,2024-01-26,Beauty & Personal Care,Perfume 100ml,7.0,273.76,1916.32, North,Sanjay Iyer,UPI
AMZ102736,2024-05-18,Books,Programming Guide,9.0,567.14,5104.26, West,Sneha Iyer,Net Banking
AMZ100179,2023-12-02,Office Products,Notebook Pack,7.0,541.34,3789.38,Central,Deepak Gupta,Amazon Pay
AMZ105016,2023-07-23,Home & Kitchen,Blender,5.0,936.66,4683.3,north,Suresh Malhotra,Debit Card
AMZ102110,2024-11-25,Clothing,Women's Kurti,6.0,1718.83,10312.98,SOUTH,Manoj Kumar,Amazon Pay
AMZ100679,2023-12-30,Beauty & Personal Care,Hair Dryer,4.0,1042.49,4169.96,CENTRAL ,Neha Nair,UPI
AMZ100240,2024-11-15,Home & Kitchen,Vacuum Cleaner,8.0,835.59,6684.72,West,Ritu Patel,Amazon Pay
AMZ105069,2024-04-03,Books,Cookbook,5.0,359.58,1797.9,,Arjun Rao,Credit Card
AMZ105807,2023-05-19,Toys & Games,Board Game,8.0,1776.69,14213.52,South ,Kavya Pillai,Credit Card
AMZ103352,2024-12-09,Grocery & Gourmet,Honey 500g,1.0,816.35,816.35,East,Arjun Das,Cash on Delivery
AMZ100098,2023-12-26,Sports & Fitness,Resistance Bands,3.0,558.56,1675.68,west,Priya Menon,Credit Card
AMZ102570,2023-03-13,Books,Self-Help Book,4.0,367.98,1471.92,Central,Ananya Patel,Amazon Pay
AMZ101354,2024-09-15,Clothing,Men's T-Shirt,10.0,1595.83,15958.3,South,Farhan Kapoor,Cash on Delivery
AMZ105195,2023-01-30,Toys & Games,Board Game,3.0,1888.24,5664.72,West,Vikram Iyer,Cash on Delivery
AMZ103024,2024-10-16,Electronics,Power Bank,8.0,5640.62,45124.96,SOUTH,Sneha Bose,Net Banking
AMZ101930,2023-06-09,Books,Programming Guide,3.0,245.94,737.82,north,Deepak Verma,Amazon Pay
AMZ100717,2023-10-21,Office Products,Stapler,9.0,929.17,8362.53,East,Farhan Patel,Amazon Pay
AMZ105033,2023-01-26,Clothing,Denim Jacket,2.0,574.76,1149.52,east,Manoj Das,Debit Card
AMZ104747,2024-10-05,Beauty & Personal Care,Face Wash,6.0,1160.54,6963.24,CENTRAL ,Vikram Malhotra,Credit Card
AMZ100982,2023-12-11,Home & Kitchen,Air Fryer,10.0,1540.78,15407.8,East,Imran Iyer,Credit Card
AMZ104377,2023-04-24,Electronics,Action Camera,9.0,2231.01,20079.09,west,Meera Chatterjee,Net Banking
AMZ100248,2024-11-12,Books,Programming Guide,2.0,111.36,222.72,west,Yash Bose,Debit Card
AMZ100853,2023-05-02,Clothing,Casual Sneakers,3.0,392.36,1177.08, West,Sanjay Rao,UPI
AMZ102506,2023-03-18,Books,Programming Guide,-9.0,,,NORTH,Vikram Rao,Credit Card
AMZ103273,2024-12-11,Toys & Games,Remote Control Car,7.0,811.28,5678.96,CENTRAL ,Ritu Singh,Amazon Pay
AMZ103481,2024-05-30,Grocery & Gourmet,Green Tea Pack,10.0,283.14,2831.4,North,Suresh Reddy,Debit Card
AMZ105817,2023-05-05,Office Products,Printer Paper A4,3.0,257.32,771.96,South,,Amazon Pay
AMZ103331,2023-01-21,Toys & Games,Building Blocks Set,2.0,424.62,849.24,SOUTH,Arjun Reddy,Amazon Pay
AMZ101769,2023-11-14,Electronics,Wireless Mouse,5.0,2499.52,12497.6,North,Divya Menon,Amazon Pay
AMZ101928,2024-01-07,Beauty & Personal Care,Trimmer,6.0,428.47,2570.82,NORTH,Neha Das,UPI
AMZ101036,2024-10-11,Toys & Games,Remote Control Car,5.0,548.05,2740.25,Central,Rahul Singh,Debit Card
AMZ101181,2024-04-18,Beauty & Personal Care,Perfume 100ml,3.0,1483.42,4450.26,CENTRAL ,Kavya Bhatt,Net Banking
AMZ101646,2023-11-01,Electronics,Portable SSD,7.0,3712.57,25987.99,NORTH,Divya Joshi,Credit Card
AMZ102002,2023-02-22,Toys & Games,Puzzle 1000pc,7.0,1721.17,12048.19, North,Pooja Bhatt,Debit Card
AMZ101966,2024-08-16,Sports & Fitness,Dumbbell Set,5.0,3200.26,16001.3,West,Isha Verma,Cash on Delivery
AMZ102517,2023-03-29,Sports & Fitness,Cricket Bat,3.0,1982.78,5948.34,CENTRAL ,Priya Rao,UPI
AMZ101421,2023-08-27,Beauty & Personal Care,Trimmer,6.0,835.79,5014.74,South,Meera Kapoor,Cash on Delivery
AMZ102292,2024-06-10,Furniture,Bookshelf,6.0,9082.06,54492.36,West,Tanvi Chatterjee,UPI
AMZ100629,2024-10-10,Office Products,Stapler,1.0,478.01,478.01,central,Tanvi Sharma,Cash on Delivery
AMZ100745,2024-12-30,Home & Kitchen,LED Desk Lamp,7.0,4852.37,33966.59,South ,Neha Bose,Amazon Pay
AMZ102077,2024-08-17,Electronics,Wireless Earbuds,5.0,3837.04,19185.2,east,Aditya Agarwal,Amazon Pay
AMZ101289,2023-10-18,Clothing,Casual Sneakers,5.0,849.04,4245.2,west,Tanvi Rao,Debit Card
AMZ102187,2023-10-16,Clothing,Running Shoes,6.0,2345.38,14072.28, West,Rohan Singh,Net Banking
AMZ105447,2023-06-02,Books,Self-Help Book,2.0,772.37,1544.74,central,Vivek Bhatt,Net Banking
AMZ103276,2024-06-03,Electronics,Smart Watch,3.0,3013.06,9039.18,,Pooja Reddy,UPI
AMZ103279,2024-04-04,Home & Kitchen,Non-Stick Pan Set,3.0,4783.48,14350.44,West,Farhan Gupta,Amazon Pay
AMZ104787,2024-12-02,Office Products,Stapler,8.0,54.56,436.48, West,Vivek Sharma,Credit Card
AMZ104578,2024-03-08,Sports & Fitness,Skipping Rope,2.0,1154.07,2308.14,West,Nikhil Sharma,Debit Card
AMZ105623,2024-12-28,Books,Programming Guide,1.0,777.29,777.29,central,Neha Reddy,Amazon Pay
AMZ105454,2023-11-17,Office Products,Notebook Pack,1.0,440.43,440.43, West,Sanjay Singh,UPI
AMZ104197,2023-07-22,Books,Programming Guide,1.0,774.88,774.88,South,Pooja Bhatt,Debit Card
AMZ102541,2023-09-17,Grocery & Gourmet,Almonds 500g,5.0,395.68,1978.4,NORTH,Divya Iyer,Debit Card
AMZ100102,2024-12-07,Home & Kitchen,Vacuum Cleaner,5.0,1873.36,9366.8,east,Vivek Patel,UPI
AMZ101594,2024-05-29,Home & Kitchen,Non-Stick Pan Set,1.0,1789.33,1789.33,EAST,Zoya Sharma,
AMZ105427,2023-10-31,Clothing,Denim Jacket,1.0,1133.18,1133.18,CENTRAL ,Karthik Gupta,Amazon Pay
AMZ104442,2023-02-02,Books,Self-Help Book,7.0,836.79,5857.53,north,Lakshmi Menon,Net Banking
AMZ104282,2023-07-03,Grocery & Gourmet,Instant Coffee Jar,3.0,809.06,2427.18,west,Vivek Pillai,Credit Card
AMZ105627,2023-12-13,Home & Kitchen,Vacuum Cleaner,4.0,810.35,3241.4, West,Kavya Verma,Amazon Pay
AMZ102649,2024-11-14,Home & Kitchen,Bed Sheet Set,9.0,3177.58,28598.22,CENTRAL ,Manoj Verma,Cash on Delivery
AMZ102435,2023-06-15,Toys & Games,Soft Toy,2.0,1944.96,3889.92,EAST,Sneha Sharma,Cash on Delivery
AMZ103083,2024-11-25,Electronics,Laptop Stand,9.0,4744.46,42700.14,South,Anusha Sharma,Cash on Delivery
AMZ100171,2023-06-09,Grocery & Gourmet,Green Tea Pack,5.0,702.79,3513.95,East,Zoya Bhatt,Debit Card
AMZ105622,2023-10-02,Home & Kitchen,Vacuum Cleaner,3.0,4480.46,13441.38, West,Aditya Bose,Net Banking
AMZ100412,2024-02-01,Beauty & Personal Care,Trimmer,1.0,1861.69,1861.69,central,Aditya Malhotra,UPI
AMZ100807,2023-10-22,Clothing,Formal Shirt,9.0,581.17,5230.53, West,Neha Chatterjee,Net Banking
AMZ102944,2024-11-24,Electronics,Laptop Stand,5.0,1237.86,6189.3,West,Rahul Gupta,Credit Card
AMZ103477,2024-01-19,Sports & Fitness,Yoga Mat,9.0,274.44,2469.96,SOUTH,Sanjay Kapoor,Net Banking
AMZ104691,2024-06-14,Clothing,Formal Shirt,1.0,2402.92,2402.92,West,Ananya Reddy,Debit Card
AMZ101589,2024-05-13,Grocery & Gourmet,Basmati Rice 5kg,7.0,574.83,4023.81,north,Rohan Singh,Debit Card
AMZ104436,2023-07-12,Office Products,Desk Organizer,1.0,136.95,136.95,south,Shreya Bhatt,Debit Card
AMZ101902,2024-10-16,Office Products,Desk Organizer,5.0,966.39,4831.95,east,Anusha Bhatt,Cash on Delivery
AMZ102161,2024-07-08,Home & Kitchen,Blender,7.0,4603.14,32221.98,NORTH,Vivek Pillai,Debit Card
AMZ102410,2024-12-07,Electronics,Portable SSD,1.0,2631.66,2631.66,South ,Deepak Agarwal,Cash on Delivery
AMZ105294,2024-07-03,Grocery & Gourmet,Cooking Oil 1L,1.0,730.33,730.33,South,Meera Iyer,Credit Card
AMZ104751,2024-06-02,Books,Fiction Novel,3.0,373.53,1120.59, North,Sanjay Chatterjee,UPI
AMZ101225,2023-03-21,Home & Kitchen,Air Fryer,3.0,2119.93,6359.79,east,Zoya Joshi,Amazon Pay
AMZ105133,2024-02-15,Grocery & Gourmet,Green Tea Pack,7.0,754.45,5281.15,,Priya Bhatt,Net Banking
AMZ102219,2023-11-12,Books,Biography,5.0,774.35,3871.75,south,Sanjay Kumar,UPI
AMZ100446,2023-12-19,Electronics,Bluetooth Speaker,3.0,4534.65,13603.95,south,Deepak Gupta,
AMZ104993,2023-07-12,Clothing,Running Shoes,6.0,2291.92,13751.52,CENTRAL ,Kavya Agarwal,Credit Card
AMZ101143,2023-06-05,Clothing,Women's Kurti,3.0,444.2,1332.6,east,Yash Bose,Credit Card
AMZ100236,2024-10-05,Home & Kitchen,Vacuum Cleaner,8.0,4801.38,38411.04,,Yash Joshi,Credit Card
AMZ103169,2024-08-25,Furniture,Bookshelf,7.0,12124.01,84868.07,EAST,Isha Reddy,Credit Card
AMZ100691,2023-01-21,Grocery & Gourmet,Basmati Rice 5kg,5.0,450.62,2253.1, North,Divya Bhatt,UPI
AMZ102274,2023-05-04,Grocery & Gourmet,Instant Coffee Jar,10.0,607.41,6074.1,Central,Sanjay Joshi,Cash on Delivery
AMZ103593,2024-10-12,Office Products,Gel Pens Set,5.0,789.59,3947.95,NORTH,Imran Iyer,UPI
AMZ101342,2024-02-02,Sports & Fitness,Skipping Rope,4.0,3468.85,13875.4,CENTRAL ,Neha Kumar,Credit Card
AMZ100382,2023-06-05,Office Products,Gel Pens Set,3.0,994.08,2982.24,West,Aditya Sharma,
AMZ102472,2024-03-19,Clothing,Formal Shirt,3.0,784.71,2354.13,EAST,Farhan Rao,Cash on Delivery
AMZ101954,2024-12-28,Toys & Games,Remote Control Car,10.0,1119.62,11196.2,EAST,Sneha Kumar,Cash on Delivery
AMZ102985,2024-06-24,Books,Cookbook,8.0,396.04,3168.32,CENTRAL ,Zoya Rao,Cash on Delivery
AMZ100525,2023-12-17,Toys & Games,Board Game,8.0,1979.75,15838.0,SOUTH,Tanvi Iyer,Net Banking
AMZ104700,2024-06-28,Office Products,Notebook Pack,10.0,398.78,3987.8, North,Imran Kumar,Amazon Pay
AMZ100242,2023-10-28,Beauty & Personal Care,Face Serum,5.0,917.93,4589.65,West,Arjun Patel,Amazon Pay
AMZ104272,2024-12-25,Toys & Games,Soft Toy,1.0,656.31,656.31,East,Aditya Patel,Debit Card
AMZ102192,2024-02-20,Clothing,Winter Hoodie,5.0,728.33,3641.65,east,Manoj Kapoor,UPI
AMZ102404,2024-09-09,Toys & Games,Board Game,2.0,709.32,1418.64, North,Lakshmi Das,Net Banking
AMZ102446,2023-03-02,Clothing,Winter Hoodie,4.0,710.39,2841.56,west,Suresh Gupta,UPI
AMZ104727,2024-02-21,Home & Kitchen,Blender,4.0,1852.58,7410.32, North,Farhan Das,Debit Card
AMZ104573,2023-08-06,Beauty & Personal Care,Sunscreen SPF50,2.0,1989.9,3979.8, West,Neha Kumar,Credit Card
AMZ101757,2023-06-21,Grocery & Gourmet,Green Tea Pack,9.0,196.08,1764.72,North,Sneha Malhotra,UPI
AMZ103235,2023-12-08,Toys & Games,Building Blocks Set,6.0,912.73,5476.38,east,Kavya Joshi,Credit Card
AMZ101583,2024-03-10,Books,Fiction Novel,7.0,588.14,4116.98,Central,Kavya Chatterjee,Cash on Delivery
AMZ102336,2024-03-09,Books,Children's Story Book,8.0,338.16,2705.28,Central,Vivek Gupta,UPI
AMZ100435,2024-04-17,Grocery & Gourmet,Cooking Oil 1L,9.0,189.36,1704.24,North,Arjun Bhatt,Net Banking
AMZ103156,2023-10-21,Sports & Fitness,Cricket Bat,6.0,441.72,2650.32,EAST,Karthik Joshi,Credit Card
AMZ103188,2024-07-30,Sports & Fitness,Yoga Mat,8.0,2172.38,17379.04,SOUTH,Yash Pillai,Amazon Pay
AMZ103843,2023-08-01,Electronics,Laptop Stand,6.0,2765.72,16594.32,SOUTH,Rahul Nair,Amazon Pay
AMZ104359,2024-08-05,Toys & Games,Puzzle 1000pc,7.0,1878.51,13149.57,CENTRAL ,Farhan Rao,Net Banking
AMZ101555,2024-06-09,Home & Kitchen,Non-Stick Pan Set,3.0,3011.36,9034.08, West,Meera Gupta,Debit Card
AMZ102798,2024-05-24,Grocery & Gourmet,Almonds 500g,1.0,300.41,300.41, West,Yash Kapoor,Net Banking
AMZ104065,2023-02-24,Books,Cookbook,10.0,585.75,5857.5,east,Anusha Bose,Net Banking
AMZ104767,2023-04-25,Clothing,Winter Hoodie,7.0,2145.39,15017.73,east,Lakshmi Gupta,Credit Card
AMZ102318,2024-01-03,Furniture,Bean Bag,4.0,2769.07,11076.28,east,Divya Reddy,Credit Card
AMZ105498,2024-01-11,Clothing,Casual Sneakers,3.0,1114.55,3343.65,East,Suresh Pillai,Cash on Delivery
AMZ102294,2024-12-16,Toys & Games,Board Game,10.0,1685.92,16859.2,West,Anusha Das,Cash on Delivery
AMZ101895,2023-06-02,Sports & Fitness,Cricket Bat,6.0,1578.3,9469.8, North,Yash Patel,Amazon Pay
AMZ103753,2023-02-09,Books,Children's Story Book,3.0,394.91,1184.73,west,Isha Menon,Net Banking
AMZ103349,2024-07-16,Beauty & Personal Care,Hair Dryer,1.0,1367.51,1367.51,East,Nikhil Pillai,Credit Card
AMZ100084,2023-05-11,Books,Self-Help Book,7.0,615.63,4309.41,West,Suresh Das,Credit Card
AMZ104229,2024-04-09,Furniture,Bedside Table,7.0,6538.16,45767.12,CENTRAL ,Zoya Das,Cash on Delivery
AMZ104305,2024-07-28,Beauty & Personal Care,Sunscreen SPF50,5.0,693.08,3465.4,CENTRAL ,Ananya Das,Debit Card
AMZ105770,2023-03-11,Furniture,Bean Bag,5.0,9307.76,46538.8,EAST,Isha Singh,Amazon Pay
AMZ103153,2023-08-06,Beauty & Personal Care,Trimmer,2.0,1532.14,3064.28,East,Pooja Rao,Net Banking
AMZ100169,2023-11-28,Furniture,Bookshelf,3.0,11414.98,34244.94,Central,Pooja Malhotra,
AMZ104251,2023-12-02,Home & Kitchen,Air Fryer,4.0,1363.54,5454.16,East,Lakshmi Menon,UPI
AMZ103009,2024-11-24,Grocery & Gourmet,Basmati Rice 5kg,8.0,853.77,6830.16,East,Rohan Rao,Amazon Pay
AMZ100192,2024-07-15,Toys & Games,Soft Toy,10.0,1803.04,18030.4,SOUTH,Vivek Reddy,Amazon Pay
AMZ102254,2023-05-18,Sports & Fitness,Yoga Mat,9.0,1042.76,9384.84,east,Ritu Bhatt,Cash on Delivery
AMZ101777,2023-01-12,Electronics,Action Camera,3.0,942.1,2826.3,East,Meera Pillai,Net Banking
AMZ103384,2023-06-08,Furniture,Bedside Table,8.0,5124.79,40998.32,west,Divya Kumar,Amazon Pay
AMZ104861,2023-07-09,Sports & Fitness,Badminton Racket,3.0,1944.62,5833.86,East,Neha Pillai,Debit Card
AMZ104521,2024-11-14,Home & Kitchen,LED Desk Lamp,9.0,4362.79,39265.11,east,Sanjay Patel,Debit Card
AMZ103735,2024-09-21,Books,Self-Help Book,7.0,843.46,5904.22,SOUTH,Ananya Chatterjee,UPI
AMZ101901,2023-01-03,Sports & Fitness,Resistance Bands,5.0,2786.47,13932.35,central,Imran Kapoor,
AMZ103379,2023-08-15,Books,Children's Story Book,5.0,577.22,2886.1,North,Tanvi Kumar,Amazon Pay
AMZ101331,2024-12-29,Electronics,Bluetooth Speaker,6.0,5003.14,30018.84,,Imran Kapoor,Credit Card
AMZ101932,2024-08-24,Books,Programming Guide,9.0,404.72,3642.48,west,Rohan Das,UPI
AMZ100794,2023-04-10,Home & Kitchen,Blender,5.0,1375.83,6879.15,south,Anusha Patel,
AMZ101107,2024-04-22,Books,Programming Guide,2.0,222.89,445.78,SOUTH,Nikhil Patel,Cash on Delivery
AMZ105383,2023-02-15,Books,Fiction Novel,8.0,612.92,4903.36,West,Divya Nair,Cash on Delivery
AMZ105493,2023-07-06,Clothing,Running Shoes,1.0,2108.57,2108.57,Central,Anusha Patel,Credit Card
AMZ104849,2024-03-23,Clothing,Casual Sneakers,9.0,466.61,4199.49,east,Tanvi Singh,Debit Card
AMZ100579,2023-11-19,Office Products,Desk Organizer,7.0,780.8,5465.6, West,Karthik Malhotra,Net Banking
AMZ100919,2024-07-28,Clothing,Yoga Pants,8.0,704.61,5636.88,west,Vikram Iyer,Net Banking
AMZ104616,2024-06-28,Home & Kitchen,Vacuum Cleaner,10.0,1578.08,15780.8,Central,Meera Patel,UPI
AMZ101946,2023-12-19,Furniture,Bedside Table,9.0,6327.23,56945.07,NORTH,Anusha Menon,Credit Card
AMZ101138,2023-03-15,Office Products,Notebook Pack,10.0,933.25,9332.5,West,Divya Malhotra,Net Banking
AMZ100956,2024-03-17,Electronics,USB-C Cable,4.0,1403.48,5613.92,South ,Divya Chatterjee,Debit Card
AMZ102677,2024-11-15,Office Products,Stapler,2.0,50.81,101.62,EAST,Yash Malhotra,Debit Card
AMZ104203,2023-12-09,Toys & Games,Puzzle 1000pc,2.0,1107.68,2215.36,north,Pooja Bose,Amazon Pay
AMZ100349,2024-05-28,Grocery & Gourmet,Honey 500g,8.0,110.04,880.32,east,Neha Nair,Net Banking
AMZ101906,2023-09-25,Electronics,Power Bank,2.0,3023.61,6047.22,NORTH,Yash Verma,Cash on Delivery
AMZ100058,2024-08-22,Toys & Games,Soft Toy,7.0,239.49,1676.43,north,Aditya Singh,Credit Card
AMZ102670,2024-11-12,Clothing,Men's T-Shirt,10.0,508.24,5082.4,east,Shreya Bhatt,Debit Card
AMZ103287,2024-11-07,Beauty & Personal Care,Lipstick Set,9.0,1230.79,11077.11,Central,Lakshmi Nair,Debit Card
AMZ105708,2024-05-30,Books,Self-Help Book,6.0,490.98,2945.88,east,Suresh Joshi,Debit Card
AMZ104124,2024-01-17,Sports & Fitness,Resistance Bands,7.0,2237.85,15664.95,central,Ananya Joshi,UPI
AMZ100290,2024-10-05,Furniture,Bookshelf,4.0,5245.14,20980.56,South,Arjun Patel,UPI
AMZ101339,2024-03-05,Grocery & Gourmet,Basmati Rice 5kg,10.0,540.32,5403.2,North,Anusha Gupta,Cash on Delivery
AMZ100748,2023-01-18,Clothing,Winter Hoodie,5.0,2273.23,11366.15,South ,Rohan Iyer,Cash on Delivery
AMZ103546,2023-10-19,Grocery & Gourmet,Cooking Oil 1L,2.0,212.46,424.92,NORTH,Tanvi Menon,Amazon Pay
AMZ102081,2024-01-29,Furniture,Bookshelf,7.0,9434.11,66038.77,South,Zoya Menon,Credit Card
AMZ100762,2024-06-08,Books,Cookbook,7.0,511.33,3579.31,central,Kavya Joshi,Debit Card
AMZ105773,2024-03-17,Home & Kitchen,Air Fryer,1.0,4503.73,4503.73,SOUTH,Tanvi Chatterjee,Debit Card
AMZ104893,2024-04-24,Sports & Fitness,Skipping Rope,7.0,545.31,3817.17, West,Vikram Das,Debit Card
AMZ103799,2023-04-12,Books,Children's Story Book,1.0,570.01,570.01,CENTRAL ,Karthik Agarwal,Amazon Pay
AMZ105672,2024-12-25,Electronics,Portable SSD,4.0,5244.72,20978.88,West,Rahul Nair,Net Banking
AMZ104742,2023-06-30,Beauty & Personal Care,Face Serum,2.0,552.08,1104.16,North,Lakshmi Bose,Net Banking
AMZ102602,2023-11-22,Beauty & Personal Care,Perfume 100ml,3.0,363.91,1091.73,SOUTH,Arjun Bhatt,Net Banking
AMZ100331,2024-11-13,Home & Kitchen,Non-Stick Pan Set,7.0,4484.93,31394.51,Central,Priya Chatterjee,Credit Card
AMZ103232,2023-09-03,Clothing,Men's T-Shirt,8.0,660.08,5280.64,West,Manoj Reddy,Cash on Delivery
AMZ102893,2023-07-30,Electronics,Laptop Stand,2.0,3121.0,6242.0, West,Aditya Verma,Amazon Pay
AMZ102749,2023-01-09,Office Products,Whiteboard Marker Set,3.0,861.75,2585.25,east,Priya Pillai,Net Banking
AMZ105518,2023-10-16,Office Products,Notebook Pack,2.0,114.59,229.18,East,Farhan Gupta,Debit Card
AMZ104924,2023-10-16,Electronics,Action Camera,6.0,5685.41,34112.46,West,Aditya Kapoor,Debit Card
AMZ101700,2023-11-11,Home & Kitchen,Electric Kettle,6.0,2457.93,14747.58,east,Suresh Menon,Net Banking
AMZ100527,2024-11-08,Furniture,Study Table,2.0,11857.65,23715.3,SOUTH,Arjun Agarwal,UPI
AMZ103812,2023-06-11,Electronics,Wireless Earbuds,7.0,3044.34,21310.38,SOUTH,Neha Nair,Net Banking
AMZ101149,2024-11-20,Electronics,Portable SSD,5.0,2977.18,14885.9, North,Neha Verma,Cash on Delivery
AMZ100786,2024-04-16,Grocery & Gourmet,Green Tea Pack,7.0,829.81,5808.67,CENTRAL ,Ananya Sharma,
AMZ102484,2024-03-19,Beauty & Personal Care,Face Wash,5.0,1769.73,8848.65,NORTH,Farhan Chatterjee,Amazon Pay
AMZ102989,2023-08-04,Home & Kitchen,Electric Kettle,7.0,3591.96,25143.72,south,Rahul Patel,Cash on Delivery
AMZ101878,2024-05-17,Books,Self-Help Book,5.0,584.69,2923.45,west,Ritu Kapoor,UPI
AMZ105534,2024-09-11,Furniture,Office Chair,4.0,4646.07,18584.28,NORTH,Deepak Kapoor,Amazon Pay
AMZ100546,2024-01-18,Sports & Fitness,Yoga Mat,3.0,1331.44,3994.32,West,Deepak Sharma,Cash on Delivery
AMZ105646,2023-08-19,Furniture,Bedside Table,1.0,5582.22,5582.22,central,Tanvi Malhotra,Amazon Pay
AMZ103301,2023-09-16,Furniture,Bookshelf,10.0,2800.72,28007.2,north,Zoya Singh,Credit Card
AMZ102135,2023-04-27,Grocery & Gourmet,Honey 500g,2.0,562.55,1125.1,West,Neha Sharma,Credit Card
AMZ102166,2023-08-20,Furniture,Bean Bag,3.0,3224.64,9673.92,east,Farhan Agarwal,Credit Card
AMZ103052,2023-03-04,Sports & Fitness,Dumbbell Set,10.0,1403.82,14038.2,East,Imran Bose,UPI
AMZ101434,2023-03-09,Beauty & Personal Care,Sunscreen SPF50,3.0,1640.54,4921.62,SOUTH,Pooja Singh,Cash on Delivery
AMZ100806,2023-03-28,Electronics,Mechanical Keyboard,6.0,2567.57,15405.42,west,Vikram Malhotra,Amazon Pay
AMZ105276,2023-10-02,Books,Programming Guide,2.0,661.99,1323.98, North,Vikram Kapoor,Net Banking
AMZ104396,2024-03-10,Office Products,Whiteboard Marker Set,7.0,829.2,5804.4,central,,UPI
AMZ100640,2024-10-14,Clothing,Formal Shirt,10.0,2473.23,24732.3, North,Sanjay Nair,UPI
AMZ103316,2023-10-22,Furniture,Bean Bag,2.0,8052.16,16104.32,South,Rohan Bose,Debit Card
AMZ103067,2023-05-12,Home & Kitchen,Storage Containers,7.0,3208.83,22461.81,South,Shreya Chatterjee,Credit Card
AMZ103595,2024-10-01,Office Products,Gel Pens Set,10.0,159.74,1597.4,,Ananya Sharma,Debit Card
AMZ103946,2024-01-17,Sports & Fitness,Cricket Bat,7.0,2748.48,19239.36,SOUTH,Vikram Nair,Credit Card
AMZ105342,2023-12-07,Office Products,Printer Paper A4,1.0,553.73,553.73,central,Suresh Gupta,Cash on Delivery
AMZ105495,2023-07-24,Home & Kitchen,Storage Containers,4.0,888.75,3555.0,NORTH,Pooja Gupta,Cash on Delivery
AMZ105002,2023-11-21,Electronics,Mechanical Keyboard,9.0,1934.99,17414.91,south,Deepak Menon,UPI
AMZ105576,2023-01-01,Beauty & Personal Care,Sunscreen SPF50,1.0,1153.99,1153.99,,Imran Malhotra,Credit Card
AMZ102402,2023-06-05,Toys & Games,Remote Control Car,1.0,1367.91,1367.91,West,Isha Malhotra,Credit Card
AMZ104770,2024-04-10,Books,Fiction Novel,1.0,297.97,297.97, West,Meera Malhotra,UPI
AMZ102982,2023-03-01,Clothing,Denim Jacket,7.0,438.29,3068.03,south,Ananya Menon,Net Banking
AMZ104711,2023-11-22,Clothing,Yoga Pants,9.0,560.52,5044.68,CENTRAL ,Lakshmi Nair,Cash on Delivery
AMZ101081,2023-11-20,Grocery & Gourmet,Basmati Rice 5kg,8.0,632.73,5061.84,North,Meera Nair,UPI
AMZ104607,2024-12-13,Electronics,Wireless Earbuds,7.0,3970.34,27792.38,north,Karthik Joshi,Debit Card
AMZ101056,2024-10-25,Office Products,Stapler,10.0,154.06,1540.6,South,Deepak Kapoor,Credit Card
AMZ100778,2024-10-07,Beauty & Personal Care,Perfume 100ml,1.0,1233.63,1233.63,South ,Rohan Kumar,UPI
AMZ101781,2024-06-18,Home & Kitchen,Storage Containers,6.0,4784.66,28707.96,EAST,Rahul Bhatt,Amazon Pay
AMZ100821,2024-01-16,Beauty & Personal Care,Lipstick Set,1.0,166.59,166.59,east,Shreya Pillai,Amazon Pay
AMZ101033,2023-07-27,Toys & Games,Remote Control Car,10.0,461.33,4613.3,West,Sanjay Bose,UPI
AMZ104469,2023-03-01,Beauty & Personal Care,Hair Dryer,1.0,184.3,184.3,West,Arjun Menon,Amazon Pay
AMZ104150,2023-06-14,Furniture,Bookshelf,8.0,9327.91,74623.28,west,Isha Pillai,Cash on Delivery
AMZ101481,2023-08-20,Clothing,Yoga Pants,5.0,924.35,4621.75,central,Ananya Menon,Amazon Pay
AMZ103533,2023-02-09,Grocery & Gourmet,Green Tea Pack,8.0,656.54,5252.32,central,Suresh Joshi,Debit Card
AMZ101130,2023-02-13,Furniture,Bean Bag,4.0,1058.81,4235.24,,Tanvi Das,Debit Card
AMZ104784,2024-10-12,Home & Kitchen,LED Desk Lamp,3.0,2151.22,6453.66,South,Rahul Nair,UPI
AMZ103514,2024-09-07,Home & Kitchen,Vacuum Cleaner,5.0,3733.29,18666.45,east,Priya Chatterjee,Net Banking
AMZ104726,2023-09-19,Home & Kitchen,Vacuum Cleaner,8.0,4486.81,35894.48,South ,Sanjay Agarwal,Net Banking
AMZ103518,2024-08-07,Home & Kitchen,Non-Stick Pan Set,7.0,4081.52,28570.64,Central,Arjun Kapoor,Debit Card
AMZ101011,2024-09-10,Books,Self-Help Book,6.0,,,north,Vivek Kumar,UPI
AMZ103795,2024-12-24,Clothing,Running Shoes,9.0,829.66,7466.94, North,Vivek Malhotra,Credit Card
AMZ105346,2024-12-12,Office Products,Desk Organizer,3.0,487.4,1462.2,south,Tanvi Verma,Amazon Pay
AMZ103530,2023-06-09,Books,Self-Help Book,6.0,557.28,3343.68,SOUTH,Farhan Iyer,Debit Card
AMZ102661,2023-07-21,Electronics,Wireless Earbuds,8.0,2702.84,21622.72,East,Divya Singh,UPI
AMZ103337,2024-05-12,Sports & Fitness,Cricket Bat,8.0,1615.3,12922.4,North,Pooja Kapoor,Cash on Delivery
AMZ100941,2024-01-11,Beauty & Personal Care,Trimmer,10.0,1378.44,13784.4,EAST,Ananya Agarwal,Cash on Delivery
AMZ105219,2024-03-16,Clothing,Men's T-Shirt,7.0,1982.09,13874.63,west,Divya Reddy,Amazon Pay
AMZ105668,2024-10-05,Books,Programming Guide,4.0,479.27,1917.08,East,Arjun Agarwal,Credit Card
AMZ105382,2024-06-22,Furniture,Study Table,10.0,5480.59,54805.9,south,Rahul Das,UPI
AMZ105026,2024-08-07,Furniture,Office Chair,4.0,5812.07,23248.28,Central,Karthik Verma,Net Banking
AMZ100815,2024-06-29,Home & Kitchen,Blender,8.0,3966.37,31730.96,South,Pooja Malhotra,Net Banking
AMZ100070,2023-04-26,Clothing,Formal Shirt,3.0,1626.4,4879.2,EAST,Lakshmi Kapoor,UPI
AMZ101054,2023-12-31,Books,Biography,3.0,264.36,793.08,East,Priya Reddy,Debit Card
AMZ105804,2024-06-04,Furniture,Bedside Table,7.0,11381.94,79673.58,south,Rohan Bhatt,Cash on Delivery
AMZ104947,2024-06-12,Sports & Fitness,Skipping Rope,5.0,2168.77,10843.85,SOUTH,Rohan Kumar,Debit Card
AMZ104697,2023-10-24,Books,Fiction Novel,5.0,873.06,4365.3,SOUTH,Rohan Kumar,UPI
AMZ100497,2024-08-22,Toys & Games,Remote Control Car,3.0,447.97,1343.91, West,Vikram Rao,Amazon Pay
AMZ102375,2023-03-23,Sports & Fitness,Dumbbell Set,9.0,1034.61,9311.49,central,Vivek Sharma,Credit Card
AMZ105584,2024-08-04,Electronics,Portable SSD,7.0,2077.12,14539.84,West,Farhan Sharma,Debit Card
AMZ100968,2023-02-21,Office Products,Notebook Pack,6.0,293.92,1763.52,West,Sneha Bose,Debit Card
AMZ103644,2024-07-31,Sports & Fitness,Badminton Racket,8.0,3411.85,27294.8,central,Sanjay Joshi,Amazon Pay
AMZ103699,2023-01-23,Home & Kitchen,Blender,1.0,4169.65,4169.65,South,Vikram Rao,Net Banking
AMZ104399,2024-06-08,Books,Biography,8.0,161.34,1290.72,Central,Pooja Bose,Net Banking
AMZ100332,2023-07-20,Clothing,Winter Hoodie,1.0,1273.94,1273.94,east,Ananya Verma,Cash on Delivery
AMZ105609,2024-01-27,Grocery & Gourmet,Green Tea Pack,10.0,308.42,3084.2,north,Priya Joshi,Net Banking
AMZ104255,2023-01-24,Sports & Fitness,Dumbbell Set,4.0,680.61,2722.44,West,Farhan Gupta,Debit Card
AMZ103497,2024-11-25,Electronics,Portable SSD,4.0,3652.52,14610.08,SOUTH,Sanjay Nair,Cash on Delivery
AMZ101124,2024-09-23,Furniture,Bookshelf,1.0,5573.93,5573.93,West,Shreya Rao,Debit Card
AMZ101512,2023-09-24,Office Products,Printer Paper A4,4.0,812.04,3248.16,East,Shreya Malhotra,Credit Card
AMZ103066,2023-08-10,Home & Kitchen,Non-Stick Pan Set,7.0,3490.1,24430.7,CENTRAL ,Rahul Gupta,Credit Card
AMZ103830,2023-05-04,Electronics,Power Bank,3.0,1600.14,4800.42,east,Vikram Nair,Debit Card
AMZ102311,2023-10-11,Home & Kitchen,Vacuum Cleaner,3.0,722.51,2167.53,SOUTH,Isha Chatterjee,Net Banking
AMZ102842,2023-01-06,Toys & Games,Puzzle 1000pc,3.0,1824.39,5473.17,north,Aditya Kumar,UPI
AMZ104195,2023-05-30,Grocery & Gourmet,Green Tea Pack,8.0,777.64,6221.12,EAST,Priya Nair,Cash on Delivery
AMZ102949,2023-12-20,Grocery & Gourmet,Green Tea Pack,3.0,365.32,1095.96,North,Ritu Rao,Credit Card
AMZ103907,2024-12-15,Beauty & Personal Care,Face Serum,4.0,1676.22,6704.88, North,Vikram Patel,Amazon Pay
AMZ103789,2024-02-13,Home & Kitchen,Non-Stick Pan Set,2.0,4299.21,8598.42,east,Vikram Bhatt,Debit Card
AMZ102270,2024-09-09,Sports & Fitness,Badminton Racket,6.0,2466.95,14801.7,North,Arjun Rao,Net Banking
AMZ104586,2024-10-05,Books,Programming Guide,9.0,128.48,1156.32,south,Anusha Kumar,Amazon Pay
AMZ100445,2024-02-26,Books,Children's Story Book,8.0,572.49,4579.92, North,Arjun Sharma,UPI
AMZ102822,2024-04-12,Grocery & Gourmet,Basmati Rice 5kg,7.0,447.23,3130.61,EAST,Deepak Menon,Debit Card
AMZ103635,2024-04-17,Grocery & Gourmet,Honey 500g,10.0,578.09,5780.9,South ,Karthik Gupta,Amazon Pay
AMZ102107,2024-08-29,Sports & Fitness,Skipping Rope,10.0,2106.04,21060.4,west,Kavya Singh,
AMZ103094,2024-09-20,Electronics,USB-C Cable,10.0,3096.06,30960.6,CENTRAL ,Tanvi Agarwal,UPI
AMZ100561,2023-09-19,Beauty & Personal Care,Face Wash,4.0,832.05,3328.2,Central,Imran Das,Amazon Pay
AMZ102780,2024-04-18,Toys & Games,Soft Toy,8.0,1333.01,10664.08,west,Lakshmi Agarwal,Amazon Pay
AMZ102841,2023-11-19,Books,Children's Story Book,3.0,543.28,1629.84,east,Ritu Malhotra,Net Banking
AMZ105264,2023-08-24,Office Products,Notebook Pack,3.0,298.04,894.12,east,Aditya Chatterjee,Credit Card
AMZ100252,2023-06-21,Grocery & Gourmet,Green Tea Pack,4.0,872.94,3491.76,North,Rohan Bhatt,Debit Card
AMZ104212,2024-03-16,Clothing,Denim Jacket,7.0,1456.21,10193.47,central,Divya Pillai,
AMZ104736,2024-12-10,Electronics,Bluetooth Speaker,3.0,5236.73,15710.19,South,Ritu Bose,Amazon Pay
AMZ100016,2024-07-01,Electronics,Mechanical Keyboard,3.0,1944.11,5832.33,,Anusha Nair,Net Banking
AMZ100587,2023-07-12,Clothing,Yoga Pants,3.0,1903.64,5710.92,EAST,Imran Kumar,Amazon Pay
AMZ104070,2023-03-14,Toys & Games,Building Blocks Set,8.0,1867.5,14940.0,North,Rahul Rao,Amazon Pay
AMZ101106,2023-07-23,Sports & Fitness,Badminton Racket,1.0,525.54,525.54, North,Nikhil Nair,Cash on Delivery
AMZ104780,2024-01-31,Grocery & Gourmet,Green Tea Pack,9.0,731.67,6585.03,Central,Karthik Malhotra,Credit Card
AMZ102612,2024-01-19,Home & Kitchen,Vacuum Cleaner,5.0,4402.63,22013.15,Central,Kavya Verma,Net Banking
AMZ101584,2024-07-22,Furniture,Bedside Table,8.0,2450.4,19603.2, West,Shreya Verma,Debit Card
AMZ103157,2023-08-07,Books,Children's Story Book,3.0,714.5,2143.5, West,Pooja Bhatt,Cash on Delivery
AMZ105386,2024-01-20,Beauty & Personal Care,Trimmer,2.0,1129.36,2258.72,SOUTH,Sneha Joshi,Cash on Delivery
AMZ101179,2023-10-18,Home & Kitchen,LED Desk Lamp,7.0,4496.41,31474.87,EAST,Ananya Patel,Cash on Delivery
AMZ102683,2023-03-22,Electronics,Portable SSD,1.0,855.5,855.5,CENTRAL ,Priya Kumar,
AMZ100142,2023-11-05,Sports & Fitness,Resistance Bands,9.0,1377.6,12398.4,north,Rohan Pillai,Cash on Delivery
AMZ100703,2023-03-28,Toys & Games,Puzzle 1000pc,10.0,1305.68,13056.8,EAST,Ananya Menon,UPI
AMZ103248,2024-09-23,Books,Self-Help Book,1.0,109.13,109.13,SOUTH,Sneha Patel,UPI
AMZ100065,2024-10-29,Books,Fiction Novel,4.0,160.98,643.92,CENTRAL ,Sneha Kumar,UPI
AMZ105657,2024-11-18,Grocery & Gourmet,Instant Coffee Jar,4.0,549.42,2197.68,Central,Isha Nair,Net Banking
AMZ100180,2023-07-24,Toys & Games,Board Game,1.0,651.2,651.2,NORTH,Kavya Gupta,Amazon Pay
AMZ102975,2023-05-27,Sports & Fitness,Resistance Bands,1.0,1860.03,1860.03,north,Ananya Kumar,Cash on Delivery
AMZ101478,2023-01-24,Books,Children's Story Book,7.0,775.99,5431.93,SOUTH,Nikhil Menon,Debit Card
AMZ104716,2024-02-02,Books,Cookbook,6.0,176.46,1058.76,West,Karthik Joshi,Debit Card
AMZ101511,2023-09-04,Grocery & Gourmet,Instant Coffee Jar,7.0,888.35,6218.45,central,Karthik Malhotra,Amazon Pay
AMZ101049,2023-04-06,Office Products,Gel Pens Set,3.0,704.5,2113.5, West,Vikram Chatterjee,Amazon Pay
AMZ103329,2023-03-22,Electronics,Power Bank,7.0,2959.68,20717.76,Central,Priya Bose,Debit Card
AMZ105651,2023-01-12,Office Products,Notebook Pack,3.0,443.72,1331.16,north,Ritu Sharma,Credit Card
AMZ105484,2023-07-19,Books,Children's Story Book,1.0,411.89,411.89,EAST,Priya Das,Cash on Delivery
AMZ104546,2023-09-07,Books,Biography,7.0,781.44,5470.08,North,,Credit Card
AMZ105327,2023-07-12,Books,Biography,4.0,720.77,2883.08,south,Rohan Singh,Credit Card
AMZ102416,2024-04-26,Grocery & Gourmet,Honey 500g,2.0,822.85,1645.7, North,,UPI
AMZ102261,2024-02-03,Home & Kitchen,Non-Stick Pan Set,10.0,3191.73,31917.3, West,Tanvi Kapoor,Credit Card
AMZ104386,2024-08-24,Toys & Games,Soft Toy,6.0,640.24,3841.44, West,Anusha Agarwal,Amazon Pay
AMZ104289,2023-11-22,Toys & Games,Building Blocks Set,8.0,299.19,2393.52,Central,Vivek Sharma,Credit Card
AMZ103542,2023-09-22,Home & Kitchen,LED Desk Lamp,8.0,4238.65,33909.2,north,Priya Reddy,Net Banking
AMZ104641,2024-11-06,Electronics,Wireless Mouse,10.0,2531.42,25314.2,Central,Imran Menon,Debit Card
AMZ103409,2023-08-11,Furniture,Study Table,1.0,9697.26,9697.26,West,Sanjay Patel,UPI
AMZ101915,2023-10-18,Office Products,Whiteboard Marker Set,5.0,670.11,3350.55,west,Rahul Singh,UPI
AMZ104571,2024-01-14,Clothing,Casual Sneakers,3.0,1330.89,3992.67,NORTH,Nikhil Nair,UPI
AMZ102285,2023-11-09,Toys & Games,Puzzle 1000pc,1.0,1229.15,1229.15,Central,Shreya Bose,Credit Card
AMZ103739,2023-07-10,Books,Cookbook,2.0,748.62,1497.24,North,Lakshmi Menon,Amazon Pay
AMZ100758,2023-07-28,Books,Biography,4.0,891.17,3564.68,Central,Pooja Menon,Cash on Delivery
AMZ104104,2023-05-29,Clothing,Running Shoes,4.0,1862.87,7451.48,South,Kavya Verma,Amazon Pay
AMZ105604,2023-09-15,Clothing,Casual Sneakers,1.0,1306.07,1306.07,CENTRAL ,Pooja Chatterjee,Cash on Delivery
AMZ102934,2023-07-14,Clothing,Casual Sneakers,1.0,858.0,858.0,SOUTH,Aditya Singh,UPI
AMZ100340,2023-04-28,Toys & Games,Building Blocks Set,3.0,1753.26,5259.78, West,Sanjay Kapoor,Amazon Pay
AMZ105455,2023-01-10,Furniture,Bedside Table,10.0,12340.95,123409.5,South ,Sanjay Reddy,Amazon Pay
AMZ102771,2024-07-18,Sports & Fitness,Skipping Rope,10.0,1299.89,12998.9,east,Deepak Agarwal,Amazon Pay
AMZ103768,2023-10-24,Home & Kitchen,Storage Containers,8.0,1386.6,11092.8,east,Anusha Patel,Credit Card
AMZ104614,2024-10-28,Grocery & Gourmet,Cooking Oil 1L,5.0,818.6,4093.0,CENTRAL ,Pooja Gupta,Net Banking
AMZ100403,2024-01-15,Clothing,Denim Jacket,3.0,1106.24,3318.72,NORTH,Ritu Singh,Cash on Delivery
AMZ104830,2024-05-02,Electronics,Laptop Stand,3.0,1883.12,5649.36,East,Aditya Joshi,Cash on Delivery
AMZ103785,2024-05-05,Office Products,Notebook Pack,7.0,217.3,1521.1,West,Vivek Patel,Cash on Delivery
AMZ101621,2024-09-15,Toys & Games,Puzzle 1000pc,3.0,1070.72,3212.16,south,Arjun Chatterjee,UPI
AMZ101675,2024-04-08,Toys & Games,Board Game,1.0,687.0,687.0,CENTRAL ,Sneha Chatterjee,Cash on Delivery
AMZ100144,2024-10-22,Home & Kitchen,Electric Kettle,5.0,2188.18,10940.9,SOUTH,Meera Sharma,Credit Card
AMZ100560,2024-10-19,Clothing,Casual Sneakers,3.0,1165.86,3497.58,north,Vikram Das,Cash on Delivery
AMZ105676,2024-06-04,Sports & Fitness,Yoga Mat,2.0,2368.3,4736.6, West,Tanvi Nair,Credit Card
AMZ101688,2024-10-12,Electronics,Mechanical Keyboard,2.0,1056.86,2113.72,south,Lakshmi Agarwal,Net Banking
AMZ103172,2023-04-09,Beauty & Personal Care,Trimmer,1.0,1049.45,1049.45,West,Priya Patel,Amazon Pay
AMZ103847,2024-10-20,Furniture,Bedside Table,1.0,7359.93,7359.93,SOUTH,Vivek Kumar,Net Banking
AMZ100060,2023-01-17,Grocery & Gourmet,Honey 500g,9.0,210.45,1894.05, West,Ritu Kapoor,Cash on Delivery
AMZ103398,2024-05-05,Toys & Games,Board Game,-6.0,1685.62,10113.72,east,Nikhil Menon,Credit Card
AMZ100879,2024-04-24,Sports & Fitness,Cricket Bat,8.0,647.22,5177.76,Central,Nikhil Pillai,Cash on Delivery
AMZ104108,2024-12-26,Clothing,Women's Kurti,5.0,1754.83,8774.15,north,Shreya Sharma,UPI
AMZ102587,2024-01-06,Grocery & Gourmet,Honey 500g,1.0,898.33,898.33,SOUTH,Tanvi Verma,Credit Card
AMZ102592,2023-07-09,Grocery & Gourmet,Almonds 500g,10.0,843.53,8435.3,NORTH,Sanjay Singh,Credit Card
AMZ103917,2023-09-03,Beauty & Personal Care,Perfume 100ml,1.0,1026.52,1026.52,East,Imran Gupta,Credit Card
AMZ102123,2024-03-16,Clothing,Winter Hoodie,5.0,319.83,1599.15,west,Divya Verma,UPI
AMZ101573,2024-11-28,Clothing,Denim Jacket,1.0,764.06,764.06,NORTH,Yash Rao,UPI
AMZ101111,2023-08-10,Beauty & Personal Care,Face Wash,4.0,1713.35,6853.4, West,Sneha Reddy,Cash on Delivery
AMZ103261,2024-07-25,Electronics,USB-C Cable,2.0,1431.67,2863.34,NORTH,Kavya Patel,Net Banking
AMZ103457,2023-11-25,Sports & Fitness,Badminton Racket,8.0,948.11,7584.88,South ,Tanvi Bose,Debit Card
AMZ104274,2023-12-06,Office Products,Stapler,2.0,813.83,1627.66, North,Yash Singh,Cash on Delivery
AMZ105689,2023-08-04,Sports & Fitness,Yoga Mat,10.0,2160.82,21608.2,NORTH,Deepak Reddy,UPI
AMZ101147,2024-12-26,Books,Children's Story Book,9.0,837.65,7538.85,north,Yash Patel,Amazon Pay
AMZ105786,2024-02-05,Beauty & Personal Care,Hair Dryer,10.0,1946.18,19461.8,CENTRAL ,Sanjay Bhatt,Credit Card
AMZ101438,2024-10-31,Clothing,Men's T-Shirt,2.0,1487.24,2974.48,CENTRAL ,Ritu Menon,Net Banking
AMZ101319,2024-12-27,Sports & Fitness,Skipping Rope,8.0,2082.39,16659.12,South ,Aditya Iyer,Credit Card
AMZ105366,2024-10-01,Beauty & Personal Care,Lipstick Set,8.0,1787.77,14302.16,North,Divya Iyer,Amazon Pay
AMZ100605,2023-04-05,Furniture,Bookshelf,7.0,3596.2,25173.4,South,Lakshmi Chatterjee,Credit Card
AMZ100490,2023-07-22,Clothing,Formal Shirt,2.0,1918.19,3836.38,south,Ritu Sharma,
AMZ100765,2023-12-11,Clothing,Denim Jacket,3.0,2261.72,6785.16,North,Ritu Rao,Net Banking
AMZ101426,2024-04-19,Beauty & Personal Care,Face Wash,10.0,1715.37,17153.7,west,Vikram Kumar,Amazon Pay
AMZ101282,2024-07-10,Grocery & Gourmet,Almonds 500g,9.0,878.04,7902.36, North,Nikhil Kumar,
AMZ103786,2024-04-07,Electronics,USB-C Cable,4.0,3255.83,13023.32,east,Divya Das,Net Banking
AMZ104844,2024-03-29,Clothing,Winter Hoodie,4.0,357.3,1429.2,East,Kavya Gupta,Cash on Delivery
AMZ101307,2023-01-30,Beauty & Personal Care,Lipstick Set,3.0,1054.91,3164.73,South,Sneha Das,Debit Card
AMZ103353,2024-01-28,Clothing,Winter Hoodie,10.0,2354.42,23544.2,EAST,Rahul Patel,UPI
AMZ103987,2023-10-27,Office Products,Notebook Pack,8.0,289.43,2315.44,west,Kavya Verma,Net Banking
AMZ104177,2023-07-14,Books,Programming Guide,8.0,340.51,2724.08, West,Sneha Bhatt,Debit Card
AMZ103294,2023-07-10,Furniture,Bookshelf,2.0,1931.59,3863.18,east,Tanvi Joshi,Cash on Delivery
AMZ100473,2024-02-10,Office Products,Whiteboard Marker Set,7.0,764.0,5348.0,CENTRAL ,Meera Joshi,UPI
AMZ104847,2024-07-02,Electronics,Wireless Earbuds,5.0,2149.82,10749.1,south,Ananya Bhatt,Cash on Delivery
AMZ101416,2024-09-02,Furniture,Bookshelf,-2.0,12353.66,24707.32, West,Vikram Singh,Net Banking
AMZ104325,2023-04-23,Office Products,Whiteboard Marker Set,3.0,530.59,1591.77,West,Kavya Agarwal,Amazon Pay
AMZ103696,2023-12-08,Office Products,Desk Organizer,6.0,431.1,2586.6,south,Zoya Chatterjee,Cash on Delivery
AMZ100942,2023-06-14,Electronics,Portable SSD,2.0,1114.32,2228.64,South ,Rohan Nair,Credit Card
AMZ102831,2024-02-05,Electronics,USB-C Cable,10.0,5330.15,53301.5, North,Divya Pillai,Net Banking
AMZ104980,2024-08-01,Home & Kitchen,Air Fryer,5.0,4509.97,22549.85,east,Lakshmi Kapoor,Net Banking
AMZ104640,2024-11-02,Books,Children's Story Book,5.0,822.26,4111.3,EAST,Anusha Agarwal,Amazon Pay
AMZ105419,2023-07-23,Sports & Fitness,Cricket Bat,7.0,2988.4,20918.8,south,Priya Kumar,Cash on Delivery
AMZ104350,2023-08-24,Home & Kitchen,Electric Kettle,5.0,755.44,3777.2,Central,Meera Bose,Net Banking
AMZ101395,2024-07-03,Sports & Fitness,Yoga Mat,7.0,2062.02,14434.14,EAST,Pooja Sharma,Debit Card
AMZ103909,2023-04-17,Toys & Games,Board Game,1.0,858.12,858.12, North,Shreya Kapoor,Debit Card
AMZ100764,2024-07-12,Sports & Fitness,Resistance Bands,8.0,1296.03,10368.24, West,Vivek Verma,Debit Card
AMZ105619,2024-05-21,Clothing,Denim Jacket,6.0,1048.54,6291.24,north,Sneha Kumar,Debit Card
AMZ100766,2023-11-06,Grocery & Gourmet,Green Tea Pack,9.0,277.92,2501.28,South,Imran Kumar,UPI
AMZ103596,2024-12-06,Home & Kitchen,Non-Stick Pan Set,9.0,1502.43,13521.87,EAST,Zoya Singh,UPI
AMZ100594,2023-08-21,Sports & Fitness,Dumbbell Set,2.0,589.55,1179.1,NORTH,Tanvi Sharma,Credit Card
AMZ103904,2023-02-23,Beauty & Personal Care,Perfume 100ml,10.0,272.16,2721.6,north,Suresh Gupta,UPI
AMZ102486,2024-07-29,Electronics,Smart Watch,1.0,1473.79,1473.79,east,Yash Patel,Debit Card
AMZ102154,2024-09-16,Books,Programming Guide,4.0,717.74,2870.96,east,Isha Patel,Debit Card
AMZ101914,2023-03-09,Home & Kitchen,Air Fryer,9.0,2973.09,26757.81,south,Manoj Kumar,Cash on Delivery
AMZ102801,2023-12-09,Grocery & Gourmet,Instant Coffee Jar,2.0,856.05,1712.1,East,Vikram Joshi,UPI
AMZ102823,2023-06-13,Office Products,Whiteboard Marker Set,6.0,782.19,4693.14,Central,Kavya Gupta,Amazon Pay
AMZ103971,2023-01-08,Furniture,Bookshelf,4.0,1732.76,6931.04,central,Zoya Kumar,Cash on Delivery
AMZ103406,2024-06-12,Office Products,Notebook Pack,1.0,697.87,697.87,EAST,Priya Singh,Debit Card
AMZ103136,2024-04-24,Electronics,USB-C Cable,1.0,2692.69,2692.69,South,Meera Malhotra,Credit Card
AMZ100025,2024-06-14,Beauty & Personal Care,Lipstick Set,4.0,1662.92,6651.68,South ,Nikhil Singh,Debit Card
AMZ103492,2024-03-07,Books,Self-Help Book,3.0,749.31,2247.93,south,Ananya Iyer,Cash on Delivery
AMZ100164,2024-08-14,Home & Kitchen,Bed Sheet Set,8.0,,,south,Zoya Kapoor,UPI
AMZ100635,2024-02-29,Books,Fiction Novel,1.0,218.27,218.27,west,Isha Reddy,
AMZ103956,2024-03-02,Electronics,Bluetooth Speaker,1.0,3453.47,3453.47,South ,Priya Reddy,Credit Card
AMZ100365,2023-08-06,Electronics,Power Bank,9.0,4032.67,36294.03,east,Anusha Kumar,Credit Card
AMZ100355,2023-02-04,Grocery & Gourmet,Almonds 500g,10.0,557.82,5578.2,EAST,Ananya Nair,Amazon Pay
AMZ105426,2024-01-02,Clothing,Denim Jacket,10.0,735.07,7350.7,north,Vikram Nair,Amazon Pay
AMZ102448,2024-01-30,Toys & Games,Building Blocks Set,3.0,267.05,801.15,West,Suresh Kumar,UPI
AMZ105153,2023-02-18,Electronics,Laptop Stand,3.0,3571.25,10713.75, North,Isha Bhatt,Net Banking
AMZ102210,2023-03-21,Furniture,Study Table,5.0,11219.9,56099.5,central,Rohan Agarwal,Cash on Delivery
AMZ101489,2024-11-25,Office Products,Notebook Pack,6.0,531.74,3190.44,east,Rahul Chatterjee,Net Banking
AMZ104440,2024-12-19,Home & Kitchen,Vacuum Cleaner,2.0,925.35,1850.7,north,Imran Nair,Cash on Delivery
AMZ100198,2023-04-07,Office Products,Gel Pens Set,4.0,731.27,2925.08,NORTH,Lakshmi Nair,UPI
AMZ104628,2024-02-15,Toys & Games,Soft Toy,3.0,1345.18,4035.54,north,Rahul Sharma,Cash on Delivery
AMZ102808,2024-11-08,Beauty & Personal Care,Sunscreen SPF50,1.0,527.9,527.9,EAST,Imran Das,Debit Card
AMZ105272,2024-03-01,Furniture,Bean Bag,1.0,11080.41,11080.41,Central,Priya Malhotra,Net Banking
AMZ101776,2024-11-25,Home & Kitchen,LED Desk Lamp,5.0,4422.01,22110.05,CENTRAL ,Sneha Bose,Amazon Pay
AMZ104411,2023-03-20,Beauty & Personal Care,Lipstick Set,1.0,260.32,260.32,North,Zoya Verma,Debit Card
AMZ104333,2024-12-06,Sports & Fitness,Yoga Mat,2.0,3157.52,6315.04,Central,Suresh Joshi,Debit Card
AMZ105142,2023-06-03,Office Products,Gel Pens Set,8.0,114.27,914.16,Central,Anusha Kapoor,Amazon Pay
AMZ103570,2023-02-04,Office Products,Notebook Pack,8.0,573.32,4586.56,NORTH,Ananya Iyer,Net Banking
AMZ100923,2023-08-22,Grocery & Gourmet,Cooking Oil 1L,9.0,620.75,5586.75,west,Imran Nair,Debit Card
AMZ104074,2024-03-21,Grocery & Gourmet,Honey 500g,1.0,226.8,226.8,east,Suresh Kapoor,Amazon Pay
AMZ100096,2023-04-26,Toys & Games,Building Blocks Set,3.0,,,North,Tanvi Kumar,Amazon Pay
AMZ102234,2023-01-28,Sports & Fitness,Badminton Racket,1.0,2954.69,2954.69,east,Sanjay Joshi,UPI
AMZ104669,2024-06-24,Books,Programming Guide,3.0,325.45,976.35,South ,Aditya Bose,Credit Card
AMZ103431,2024-06-16,Office Products,Printer Paper A4,8.0,324.45,2595.6,South ,Ritu Menon,Net Banking
AMZ101357,2024-10-28,Office Products,Whiteboard Marker Set,4.0,997.62,3990.48,Central,Aditya Verma,Net Banking
AMZ102866,2024-09-02,Sports & Fitness,Dumbbell Set,3.0,3249.18,9747.54,south,Ananya Joshi,Cash on Delivery
AMZ104706,2023-01-16,Beauty & Personal Care,Hair Dryer,10.0,1097.9,10979.0, West,Tanvi Kapoor,Cash on Delivery
AMZ103927,2023-05-05,Books,Children's Story Book,6.0,196.99,1181.94, West,Vivek Kapoor,Net Banking
AMZ102388,2024-05-04,Office Products,Printer Paper A4,5.0,899.09,4495.45,east,Sneha Verma,Amazon Pay
AMZ100031,2023-01-15,Furniture,Bedside Table,6.0,2869.95,17219.7, West,Sanjay Nair,Credit Card
AMZ105374,2023-04-16,Electronics,USB-C Cable,8.0,2624.79,20998.32,central,Karthik Bhatt,Cash on Delivery
AMZ102354,2024-08-14,Home & Kitchen,Electric Kettle,2.0,2883.16,5766.32,South,Yash Kapoor,Cash on Delivery
AMZ104086,2023-09-12,Beauty & Personal Care,Trimmer,10.0,1568.36,15683.6,West,Rahul Chatterjee,Net Banking
AMZ102792,2023-07-12,Clothing,Yoga Pants,4.0,526.97,2107.88,north,Pooja Malhotra,Cash on Delivery
AMZ100258,2023-11-25,Electronics,Laptop Stand,7.0,1821.07,12747.49,east,Neha Pillai,Cash on Delivery
AMZ105552,2023-10-20,Toys & Games,Remote Control Car,3.0,319.34,958.02,Central,Rohan Reddy,UPI
AMZ102170,2024-12-11,Grocery & Gourmet,Cooking Oil 1L,7.0,135.86,951.02, West,Aditya Kapoor,Credit Card
AMZ102948,2023-02-27,Grocery & Gourmet,Green Tea Pack,5.0,517.97,2589.85,South,Neha Bose,Credit Card
AMZ101853,2024-09-23,Sports & Fitness,Cricket Bat,6.0,1548.88,9293.28,South,Nikhil Bhatt,Cash on Delivery
AMZ104733,2023-11-24,Sports & Fitness,Skipping Rope,1.0,874.64,874.64,West,Suresh Rao,Credit Card
AMZ103750,2024-09-15,Furniture,Bean Bag,2.0,3565.97,7131.94,EAST,Vivek Singh,Amazon Pay
AMZ104048,2023-07-10,Office Products,Whiteboard Marker Set,7.0,216.59,1516.13,East,Aditya Joshi,Net Banking
AMZ100441,2024-12-06,Beauty & Personal Care,Face Serum,2.0,1894.13,3788.26,north,Manoj Agarwal,Debit Card
AMZ105124,2023-05-15,Toys & Games,Soft Toy,9.0,953.14,8578.26,CENTRAL ,Vivek Das,Amazon Pay
AMZ104317,2024-07-29,Beauty & Personal Care,Hair Dryer,9.0,1853.29,16679.61,east,Divya Gupta,Cash on Delivery
AMZ100974,2024-06-14,Beauty & Personal Care,Lipstick Set,8.0,457.97,3663.76,South ,Neha Chatterjee,UPI
AMZ101000,2023-06-27,Furniture,Bedside Table,6.0,6903.22,41419.32,,Priya Kumar,Amazon Pay
AMZ101251,2023-02-27,Sports & Fitness,Skipping Rope,4.0,2708.26,10833.04,Central,Meera Kapoor,Debit Card
AMZ100328,2024-12-05,Toys & Games,Board Game,5.0,1283.73,6418.65,south,Lakshmi Reddy,Debit Card
AMZ102745,2023-04-19,Beauty & Personal Care,Face Serum,9.0,1146.87,10321.83,Central,Ritu Patel,Debit Card
AMZ100390,2023-10-16,Grocery & Gourmet,Almonds 500g,1.0,,,EAST,Rahul Chatterjee,Cash on Delivery
AMZ101100,2023-09-10,Sports & Fitness,Resistance Bands,8.0,1825.94,14607.52,SOUTH,Shreya Pillai,Debit Card
AMZ100227,2024-03-12,Electronics,Power Bank,8.0,3725.91,29807.28,Central,Kavya Menon,UPI
AMZ105751,2024-10-30,Sports & Fitness,Resistance Bands,8.0,,,central,Sanjay Malhotra,Credit Card
AMZ104208,2023-01-21,Sports & Fitness,Badminton Racket,4.0,2318.68,9274.72,SOUTH,Deepak Reddy,Debit Card
AMZ101868,2023-06-08,Sports & Fitness,Dumbbell Set,10.0,1252.11,12521.1,east,Vikram Iyer,Cash on Delivery
AMZ101695,2024-09-21,Books,Cookbook,-6.0,397.96,2387.76,east,Farhan Reddy,Cash on Delivery
AMZ101110,2023-08-15,Beauty & Personal Care,Lipstick Set,7.0,533.13,3731.91,west,Farhan Joshi,Credit Card
AMZ100204,2023-03-26,Grocery & Gourmet,Instant Coffee Jar,7.0,592.36,4146.52,Central,Lakshmi Bhatt,Amazon Pay
AMZ102905,2023-05-19,Books,Self-Help Book,1.0,453.87,453.87,north,Vivek Bhatt,Debit Card
AMZ100614,2023-06-05,Toys & Games,Building Blocks Set,7.0,803.03,5621.21,east,Shreya Joshi,Amazon Pay
AMZ103247,2024-07-07,Grocery & Gourmet,Almonds 500g,7.0,693.19,4852.33,Central,Zoya Das,Cash on Delivery
AMZ104153,2023-07-21,Furniture,Bedside Table,,4255.64,,South,Lakshmi Pillai,Amazon Pay
AMZ101591,2024-01-12,Sports & Fitness,Dumbbell Set,9.0,3418.39,30765.51,north,Tanvi Das,Credit Card
AMZ101386,2024-04-08,Beauty & Personal Care,Hair Dryer,5.0,577.15,2885.75,SOUTH,Vivek Joshi,Amazon Pay
AMZ103135,2024-05-08,Office Products,Printer Paper A4,1.0,516.51,516.51,North,Tanvi Das,Amazon Pay
AMZ101476,2023-06-28,Books,Fiction Novel,3.0,718.89,2156.67,north,Shreya Sharma,Cash on Delivery
AMZ102963,2024-04-09,Electronics,Action Camera,3.0,3028.3,9084.9,CENTRAL ,Farhan Pillai,Cash on Delivery
AMZ104385,2023-03-31,Sports & Fitness,Badminton Racket,9.0,443.97,3995.73,East,Meera Verma,UPI
AMZ104474,2024-10-03,Furniture,Office Chair,9.0,6794.26,61148.34,Central,Shreya Bhatt,UPI
AMZ102344,2023-07-16,Grocery & Gourmet,Green Tea Pack,1.0,214.1,214.1,EAST,Anusha Kumar,Amazon Pay
AMZ102540,2024-09-21,Beauty & Personal Care,Perfume 100ml,6.0,747.62,4485.72,Central,Neha Bose,Credit Card
AMZ103702,2024-08-23,Grocery & Gourmet,Almonds 500g,4.0,108.13,432.52,East,Divya Das,Net Banking
AMZ101005,2023-04-28,Grocery & Gourmet,Instant Coffee Jar,2.0,655.4,1310.8,South ,Sneha Das,UPI
AMZ101508,2024-01-07,Beauty & Personal Care,Face Wash,8.0,963.25,7706.0,East,Arjun Bose,Cash on Delivery
AMZ104558,2023-06-04,Office Products,Notebook Pack,1.0,267.55,267.55,central,Shreya Nair,Net Banking
AMZ101552,2023-10-18,Office Products,Gel Pens Set,5.0,245.72,1228.6,East,Rahul Joshi,UPI
AMZ103468,2023-07-29,Beauty & Personal Care,Lipstick Set,5.0,257.33,1286.65,SOUTH,Pooja Bose,Cash on Delivery
AMZ104458,2023-06-23,Electronics,Action Camera,4.0,3331.27,13325.08,west,Zoya Das,Amazon Pay
AMZ101046,2023-09-04,Toys & Games,Puzzle 1000pc,9.0,1317.12,11854.08,west,Kavya Patel,Credit Card
AMZ104311,2023-05-17,Furniture,Study Table,10.0,12133.66,121336.6,,Kavya Kapoor,Credit Card
AMZ101335,2024-03-19,Sports & Fitness,Resistance Bands,5.0,1061.48,5307.4,,Tanvi Reddy,Cash on Delivery
AMZ104294,2023-08-27,Office Products,Notebook Pack,5.0,177.64,888.2,SOUTH,Neha Reddy,UPI
AMZ100018,2024-10-11,Electronics,Mechanical Keyboard,7.0,2688.38,18818.66,central,Divya Iyer,Net Banking
AMZ102199,2024-07-23,Books,Fiction Novel,1.0,572.45,572.45,Central,Shreya Kapoor,Cash on Delivery
AMZ100373,2023-05-18,Home & Kitchen,Vacuum Cleaner,4.0,2182.97,8731.88,South,Priya Sharma,Cash on Delivery
AMZ100544,2024-01-18,Electronics,Smart Watch,6.0,5715.18,34291.08,,Rohan Reddy,Net Banking
AMZ103688,2023-04-15,Home & Kitchen,Vacuum Cleaner,8.0,1346.93,10775.44,South,Karthik Reddy,Amazon Pay
AMZ101514,2024-12-31,Office Products,Desk Organizer,5.0,269.76,1348.8,EAST,Zoya Joshi,Net Banking
AMZ101916,2023-05-27,Beauty & Personal Care,Trimmer,8.0,1196.22,9569.76,West,Yash Kumar,Debit Card
AMZ102550,2024-04-04,Office Products,Whiteboard Marker Set,2.0,69.05,138.1,West,Zoya Kapoor,Cash on Delivery
AMZ102641,2023-07-29,Sports & Fitness,Skipping Rope,4.0,1611.82,6447.28,north,Farhan Joshi,Credit Card
AMZ100475,2023-04-09,Sports & Fitness,Cricket Bat,5.0,3434.61,17173.05,EAST,Tanvi Reddy,Cash on Delivery
AMZ102414,2023-06-28,Beauty & Personal Care,Sunscreen SPF50,4.0,1485.82,5943.28,EAST,Isha Malhotra,UPI
AMZ104051,2024-12-08,Sports & Fitness,Badminton Racket,4.0,916.51,3666.04,West,Ananya Kapoor,UPI
AMZ101620,2023-12-16,Beauty & Personal Care,Face Wash,9.0,277.09,2493.81,,Vikram Verma,Debit Card
AMZ103068,2024-06-18,Grocery & Gourmet,Cooking Oil 1L,4.0,776.14,3104.56,north,Kavya Das,UPI
AMZ101612,2024-02-26,Home & Kitchen,LED Desk Lamp,2.0,4380.03,8760.06,South,Karthik Sharma,UPI
AMZ102169,2024-10-12,Clothing,Casual Sneakers,10.0,1323.44,13234.4,South,Vikram Verma,Credit Card
AMZ104611,2023-05-06,Toys & Games,Board Game,9.0,1290.68,11616.12,east,,Net Banking
AMZ105528,2024-05-09,Furniture,Bookshelf,10.0,1537.41,15374.1,south,Vivek Rao,Amazon Pay
AMZ100592,2023-11-24,Clothing,Running Shoes,6.0,1774.92,10649.52,Central,Rahul Verma,Debit Card
AMZ101745,2023-10-21,Home & Kitchen,Non-Stick Pan Set,1.0,3747.12,3747.12,central,Rahul Bhatt,Debit Card
AMZ100621,2024-05-21,Toys & Games,Building Blocks Set,9.0,220.59,1985.31,East,Tanvi Kumar,UPI
AMZ100300,2023-05-15,Furniture,Office Chair,8.0,7056.96,56455.68,EAST,Rohan Chatterjee,Amazon Pay
AMZ104709,2023-07-31,Home & Kitchen,Bed Sheet Set,1.0,3161.74,3161.74, North,Vivek Reddy,Cash on Delivery
AMZ102299,2024-02-07,Books,Programming Guide,8.0,471.32,3770.56,south,Arjun Malhotra,Net Banking
AMZ104097,2024-02-20,Grocery & Gourmet,Green Tea Pack,7.0,208.71,1460.97,South ,Ritu Agarwal,Credit Card
AMZ102403,2023-04-30,Toys & Games,Puzzle 1000pc,1.0,1959.09,1959.09,NORTH,Anusha Chatterjee,Debit Card
AMZ100484,2023-04-24,Office Products,Stapler,10.0,816.01,8160.1,central,Rahul Malhotra,Net Banking
AMZ101428,2023-06-15,Toys & Games,Board Game,3.0,227.29,681.87,South ,Rohan Pillai,Amazon Pay
AMZ105004,2023-09-12,Home & Kitchen,Electric Kettle,4.0,2986.43,11945.72,CENTRAL ,Karthik Bose,Net Banking
AMZ105270,2024-05-26,Toys & Games,Board Game,7.0,344.56,2411.92,north,Arjun Rao,Debit Card
AMZ104887,2023-03-29,Books,Children's Story Book,10.0,801.46,8014.6,South ,Priya Kumar,UPI
AMZ100239,2023-09-24,Beauty & Personal Care,Sunscreen SPF50,5.0,1205.33,6026.65, North,Aditya Kumar,Debit Card
AMZ100203,2024-11-04,Toys & Games,Puzzle 1000pc,1.0,282.51,282.51,North,Zoya Bose,Cash on Delivery
AMZ104930,2023-11-15,Sports & Fitness,Yoga Mat,3.0,288.32,864.96,South,Shreya Patel,Net Banking
AMZ102317,2023-10-03,Home & Kitchen,Blender,4.0,1261.79,5047.16,,Arjun Agarwal,UPI
AMZ101965,2023-02-01,Sports & Fitness,Skipping Rope,9.0,760.33,6842.97,CENTRAL ,Deepak Kumar,Credit Card
AMZ102203,2023-02-27,Books,Children's Story Book,8.0,738.13,5905.04,central,Meera Patel,Net Banking
AMZ101668,2023-07-12,Office Products,Stapler,10.0,967.13,9671.3,CENTRAL ,Anusha Chatterjee,UPI
AMZ102791,2024-08-27,Toys & Games,Building Blocks Set,8.0,886.94,7095.52,west,Aditya Nair,Amazon Pay
AMZ104983,2023-10-27,Electronics,Mechanical Keyboard,3.0,2779.05,8337.15,South,Neha Patel,Credit Card
AMZ103343,2023-08-22,Home & Kitchen,Electric Kettle,1.0,3715.81,3715.81,SOUTH,Zoya Bose,Debit Card
AMZ102163,2023-09-27,Electronics,Power Bank,2.0,4155.74,8311.48,West,Lakshmi Agarwal,Credit Card
AMZ105072,2024-11-13,Toys & Games,Soft Toy,10.0,1752.85,17528.5,South,Yash Bhatt,Cash on Delivery
AMZ102259,2023-05-24,Sports & Fitness,Cricket Bat,6.0,343.15,2058.9,NORTH,Zoya Kapoor,Credit Card
AMZ105412,2023-10-02,Furniture,Bookshelf,10.0,12543.61,125436.1,east,Zoya Menon,Credit Card
AMZ103271,2023-07-08,Grocery & Gourmet,Basmati Rice 5kg,5.0,753.58,3767.9,central,Aditya Malhotra,Cash on Delivery
AMZ102957,2023-07-07,Clothing,Winter Hoodie,8.0,2462.91,19703.28,South ,Ananya Joshi,Credit Card
AMZ100870,2024-07-10,Office Products,Stapler,10.0,245.53,2455.3,central,Arjun Kumar,
AMZ101375,2024-06-13,Clothing,Yoga Pants,2.0,382.14,764.28,south,Suresh Das,Net Banking
AMZ100936,2024-02-02,Toys & Games,Remote Control Car,4.0,755.69,3022.76, West,Imran Kumar,Amazon Pay
AMZ102348,2023-08-06,Books,Fiction Novel,3.0,840.31,2520.93,EAST,Deepak Kapoor,Cash on Delivery
AMZ103224,2023-03-27,Sports & Fitness,Skipping Rope,4.0,3202.76,12811.04,Central,Ananya Menon,UPI
AMZ104574,2023-11-27,Toys & Games,Board Game,3.0,210.6,631.8,South,Lakshmi Verma,Amazon Pay
AMZ101547,2024-02-01,Sports & Fitness,Resistance Bands,3.0,2797.73,8393.19, West,Lakshmi Das,Amazon Pay
AMZ101119,2023-07-16,Books,Biography,6.0,519.24,3115.44,CENTRAL ,Anusha Kapoor,Credit Card
AMZ104452,2023-05-15,Furniture,Office Chair,1.0,5582.63,5582.63, North,Vivek Pillai,Amazon Pay
AMZ103467,2024-04-21,Clothing,Running Shoes,8.0,887.34,7098.72,central,Deepak Agarwal,Amazon Pay
AMZ105465,2023-11-24,Electronics,Power Bank,1.0,503.65,503.65,East,Vikram Bhatt,Net Banking
AMZ102721,2024-08-21,Books,Fiction Novel,4.0,156.22,624.88,South,Aditya Singh,Net Banking
AMZ105384,2024-09-20,Beauty & Personal Care,Hair Dryer,9.0,389.86,3508.74,SOUTH,Zoya Patel,Net Banking
AMZ101526,2023-03-12,Books,Programming Guide,3.0,256.96,770.88,south,Imran Nair,Net Banking
AMZ102308,2024-08-22,Toys & Games,Puzzle 1000pc,7.0,518.8,3631.6,central,Nikhil Bhatt,UPI
AMZ101921,2024-07-14,Grocery & Gourmet,Almonds 500g,6.0,876.61,5259.66,EAST,Zoya Chatterjee,Amazon Pay
AMZ101718,2023-01-28,Books,Self-Help Book,8.0,634.65,5077.2,central,Divya Agarwal,Net Banking
AMZ102937,2023-07-25,Toys & Games,Puzzle 1000pc,8.0,1727.45,13819.6, North,Ritu Verma,Debit Card
AMZ103835,2024-05-31,Sports & Fitness,Dumbbell Set,4.0,547.21,2188.84,east,Zoya Reddy,Debit Card
AMZ100631,2024-01-06,Toys & Games,Remote Control Car,9.0,1642.71,14784.39, North,Farhan Kapoor,Credit Card
AMZ101061,2024-12-14,Beauty & Personal Care,Face Serum,1.0,447.6,447.6,North,Isha Menon,Credit Card
AMZ104760,2023-09-11,Beauty & Personal Care,Trimmer,5.0,650.84,3254.2,South ,Tanvi Malhotra,Debit Card
AMZ101026,2024-03-15,Sports & Fitness,Resistance Bands,8.0,2125.71,17005.68,South ,Karthik Bhatt,Amazon Pay
AMZ103023,2024-10-16,Office Products,Notebook Pack,5.0,73.08,365.4,NORTH,Ritu Joshi,Amazon Pay
AMZ105305,2023-07-14,Office Products,Notebook Pack,7.0,764.61,5352.27,central,Vivek Pillai,UPI
AMZ101025,2024-10-12,Beauty & Personal Care,Hair Dryer,9.0,371.78,3346.02,CENTRAL ,Tanvi Bose,Net Banking
AMZ103114,2024-02-24,Sports & Fitness,Yoga Mat,2.0,587.23,1174.46, West,Nikhil Verma,Net Banking
AMZ100145,2023-06-19,Furniture,Bedside Table,10.0,12244.89,122448.9,West,Nikhil Bose,Debit Card
AMZ104677,2024-03-28,Sports & Fitness,Yoga Mat,8.0,3224.61,25796.88, North,Ritu Verma,Cash on Delivery
AMZ101035,2024-05-13,Home & Kitchen,Blender,9.0,3917.8,35260.2,south,Rahul Reddy,Debit Card
AMZ105241,2023-09-12,Grocery & Gourmet,Cooking Oil 1L,1.0,423.48,423.48,Central,Divya Rao,Net Banking
AMZ101818,2024-03-03,Books,Fiction Novel,3.0,394.68,1184.04,west,Vikram Sharma,Net Banking
AMZ103310,2023-09-13,Sports & Fitness,Yoga Mat,1.0,1203.13,1203.13,East,Arjun Reddy,
AMZ105612,2024-09-22,Sports & Fitness,Cricket Bat,1.0,569.57,569.57,Central,Meera Patel,Net Banking
AMZ100335,2024-11-25,Clothing,Formal Shirt,9.0,2246.23,20216.07,EAST,Anusha Rao,Debit Card
AMZ102754,2024-05-18,Books,Programming Guide,5.0,779.77,3898.85,East,Rohan Joshi,UPI
AMZ100409,2024-06-22,Home & Kitchen,Blender,2.0,674.71,1349.42,east,Pooja Joshi,Net Banking
AMZ101373,2023-04-24,Toys & Games,Soft Toy,3.0,1601.17,4803.51,North,Kavya Rao,Net Banking
AMZ101967,2023-01-02,Beauty & Personal Care,Face Wash,10.0,1928.76,19287.6,SOUTH,Priya Patel,
AMZ105159,2024-10-14,Home & Kitchen,Electric Kettle,5.0,4406.31,22031.55,NORTH,Manoj Malhotra,Debit Card
AMZ101540,2024-10-14,Beauty & Personal Care,Sunscreen SPF50,5.0,1462.12,7310.6,central,Anusha Bose,UPI
AMZ102941,2023-07-27,Home & Kitchen,Non-Stick Pan Set,5.0,3589.15,17945.75,north,Sanjay Singh,UPI
AMZ102546,2024-11-25,Books,Biography,6.0,381.51,2289.06,East,Ritu Pillai,Net Banking
AMZ100108,2024-11-21,Toys & Games,Board Game,3.0,620.55,1861.65,West,Suresh Chatterjee,Cash on Delivery
AMZ101310,2023-08-25,Grocery & Gourmet,Green Tea Pack,2.0,428.38,856.76,south,Tanvi Menon,Net Banking
AMZ101994,2023-11-05,Grocery & Gourmet,Almonds 500g,1.0,683.82,683.82,west,Nikhil Singh,Credit Card
AMZ103154,2023-05-06,Grocery & Gourmet,Instant Coffee Jar,4.0,567.94,2271.76,east,Nikhil Gupta,Credit Card
AMZ102174,2023-12-17,Beauty & Personal Care,Lipstick Set,1.0,873.54,873.54,SOUTH,Ritu Chatterjee,Cash on Delivery
AMZ100471,2023-07-28,Sports & Fitness,Skipping Rope,7.0,2816.79,19717.53,EAST,Manoj Menon,Credit Card
AMZ100742,2024-07-12,Home & Kitchen,Air Fryer,2.0,1647.57,3295.14,north,Farhan Das,UPI
AMZ105304,2024-05-10,Toys & Games,Puzzle 1000pc,9.0,956.8,8611.2,East,Vivek Verma,Debit Card
AMZ104854,2023-02-24,Clothing,Running Shoes,10.0,1961.8,19618.0, North,Meera Joshi,Debit Card
AMZ104343,2024-11-05,Office Products,Whiteboard Marker Set,9.0,698.93,6290.37,EAST,Divya Kapoor,UPI
AMZ101230,2024-02-05,Home & Kitchen,Air Fryer,4.0,1233.83,4935.32,CENTRAL ,Lakshmi Kapoor,Cash on Delivery
AMZ104642,2024-09-12,Office Products,Stapler,9.0,161.26,1451.34,Central,Vivek Nair,Net Banking
AMZ100050,2023-02-07,Books,Cookbook,3.0,315.42,946.26,Central,Farhan Sharma,UPI
AMZ104258,2023-04-26,Clothing,Men's T-Shirt,1.0,2437.24,2437.24,CENTRAL ,Imran Singh,UPI
AMZ100578,2024-06-09,Home & Kitchen,Electric Kettle,7.0,2354.32,16480.24,Central,Priya Menon,Amazon Pay
AMZ102562,2024-08-23,Furniture,Bookshelf,-10.0,3040.65,30406.5,,Yash Bose,Cash on Delivery
AMZ100068,2023-03-20,Grocery & Gourmet,Green Tea Pack,,848.0,,EAST,Anusha Das,Net Banking
AMZ102559,2023-06-07,Books,Programming Guide,4.0,891.79,3567.16,CENTRAL ,Yash Nair,Debit Card
AMZ105458,2023-06-01,Toys & Games,Puzzle 1000pc,5.0,1364.75,6823.75,West,Isha Joshi,Cash on Delivery
AMZ103403,2023-07-05,Office Products,Notebook Pack,3.0,913.95,2741.85,EAST,Tanvi Verma,Credit Card
AMZ102391,2024-01-06,Sports & Fitness,Resistance Bands,3.0,1447.83,4343.49,Central,Kavya Kumar,Credit Card
AMZ104896,2024-02-12,Beauty & Personal Care,Sunscreen SPF50,2.0,585.03,1170.06,North,Neha Chatterjee,Credit Card
AMZ105665,2023-05-19,Electronics,Portable SSD,1.0,5320.3,5320.3,north,Arjun Menon,UPI
AMZ100759,2023-09-23,Grocery & Gourmet,Honey 500g,9.0,111.18,1000.62,south,Meera Gupta,UPI
AMZ105282,2024-06-11,Furniture,Bedside Table,7.0,4040.74,28285.18,East,Nikhil Gupta,Debit Card
AMZ105660,2024-10-21,Electronics,Wireless Earbuds,5.0,4460.62,22303.1,SOUTH,Ananya Rao,Credit Card
AMZ102050,2023-04-20,Sports & Fitness,Skipping Rope,1.0,433.17,433.17,EAST,Lakshmi Gupta,Net Banking
AMZ102356,2023-04-27,Sports & Fitness,Yoga Mat,7.0,2941.91,20593.37,NORTH,Meera Nair,Net Banking
AMZ101538,2024-05-26,Electronics,Portable SSD,8.0,5187.62,41500.96,west,Kavya Nair,Debit Card
AMZ101252,2024-01-09,Sports & Fitness,Cricket Bat,4.0,3000.93,12003.72,North,Manoj Malhotra,Credit Card
AMZ101532,2023-05-31,Sports & Fitness,Cricket Bat,6.0,833.59,5001.54,South,Ritu Bhatt,Amazon Pay
AMZ104922,2024-04-05,Office Products,Gel Pens Set,10.0,908.61,9086.1,South ,Arjun Sharma,Amazon Pay
AMZ103123,2023-05-25,Beauty & Personal Care,Face Serum,3.0,1199.13,3597.39,Central,Rahul Singh,Credit Card
AMZ105795,2023-07-30,Home & Kitchen,Storage Containers,8.0,2897.78,23182.24,east,Sanjay Reddy,UPI
AMZ100645,2024-11-29,Grocery & Gourmet,Instant Coffee Jar,4.0,177.67,710.68,West,Yash Bose,UPI
AMZ103756,2023-11-11,Clothing,Winter Hoodie,4.0,2436.79,9747.16,EAST,Suresh Verma,Debit Card
AMZ104102,2023-04-27,Beauty & Personal Care,Trimmer,9.0,1689.87,15208.83,EAST,Imran Reddy,Amazon Pay
AMZ102984,2023-06-11,Clothing,Yoga Pants,2.0,1487.91,2975.82,South ,Nikhil Gupta,Amazon Pay
AMZ103376,2023-05-20,Electronics,Smart Watch,5.0,3079.73,15398.65,EAST,Divya Malhotra,Credit Card
AMZ105341,2024-08-24,Books,Children's Story Book,7.0,571.21,3998.47,SOUTH,Rahul Menon,Credit Card
AMZ103137,2023-02-15,Home & Kitchen,Electric Kettle,8.0,349.99,2799.92,west,Sneha Iyer,Amazon Pay
AMZ100620,2023-01-18,Office Products,Notebook Pack,5.0,416.76,2083.8,east,Vivek Agarwal,UPI
AMZ102687,2024-05-30,Electronics,Action Camera,9.0,2325.95,20933.55,EAST,Deepak Das,UPI
AMZ101306,2023-12-19,Grocery & Gourmet,Honey 500g,6.0,446.28,2677.68,South ,Yash Singh,Cash on Delivery
AMZ100793,2023-05-27,Grocery & Gourmet,Honey 500g,10.0,801.54,8015.4, North,Imran Chatterjee,Cash on Delivery
AMZ105087,2024-01-17,Electronics,Bluetooth Speaker,3.0,5812.29,17436.87,CENTRAL ,Rohan Das,Net Banking
AMZ102664,2024-07-11,Office Products,Printer Paper A4,10.0,777.52,7775.2,North,Karthik Iyer,Credit Card
AMZ103643,2024-03-18,Toys & Games,Board Game,7.0,786.95,5508.65,CENTRAL ,Tanvi Pillai,Net Banking
AMZ100009,2024-08-09,Sports & Fitness,Dumbbell Set,7.0,328.38,2298.66,west,Deepak Reddy,Cash on Delivery
AMZ102082,2024-04-25,Books,Biography,5.0,527.86,2639.3,SOUTH,Nikhil Menon,Cash on Delivery
AMZ100122,2023-04-22,Grocery & Gourmet,Green Tea Pack,6.0,325.64,1953.84,South ,Ritu Gupta,Credit Card
AMZ103395,2023-04-25,Books,Fiction Novel,7.0,445.27,3116.89,CENTRAL ,Ritu Patel,UPI
AMZ100511,2024-09-12,Home & Kitchen,Vacuum Cleaner,5.0,1752.29,8761.45,EAST,Aditya Nair,Net Banking
AMZ104278,2023-09-29,Clothing,Denim Jacket,5.0,2414.34,12071.7,south,Anusha Joshi,Cash on Delivery
AMZ103280,2024-03-27,Office Products,Printer Paper A4,6.0,585.07,3510.42, West,Anusha Rao,Cash on Delivery
AMZ104506,2024-09-13,Books,Cookbook,-8.0,872.37,6978.96,South ,Neha Iyer,Cash on Delivery
AMZ101137,2023-08-19,Sports & Fitness,Skipping Rope,8.0,3421.38,27371.04,East,Tanvi Iyer,Net Banking
AMZ101755,2023-11-07,Clothing,Yoga Pants,3.0,920.27,2760.81,North,Imran Joshi,Cash on Delivery
AMZ102811,2023-02-24,Sports & Fitness,Yoga Mat,3.0,2613.81,7841.43,North,Anusha Agarwal,Debit Card
AMZ101441,2024-04-06,Beauty & Personal Care,Perfume 100ml,5.0,390.45,1952.25,east,Kavya Rao,Net Banking
AMZ102970,2024-09-21,Grocery & Gourmet,Almonds 500g,1.0,623.64,623.64,south,Sanjay Bose,Cash on Delivery
AMZ101767,2023-02-09,Sports & Fitness,Yoga Mat,5.0,1217.17,6085.85,South,Ananya Iyer,Debit Card
AMZ103871,2024-12-31,Furniture,Bean Bag,3.0,8575.91,25727.73,central,Vivek Malhotra,Credit Card
AMZ105407,2024-03-30,Toys & Games,Puzzle 1000pc,10.0,1546.82,15468.2, West,Zoya Sharma,Amazon Pay
AMZ104485,2024-04-14,Grocery & Gourmet,Basmati Rice 5kg,4.0,184.04,736.16,SOUTH,Rahul Nair,Amazon Pay
AMZ103002,2024-08-20,Sports & Fitness,Dumbbell Set,7.0,286.4,2004.8,north,Isha Malhotra,Debit Card
AMZ104332,2023-10-30,Office Products,Gel Pens Set,1.0,527.84,527.84,north,Manoj Gupta,Credit Card
AMZ105446,2023-12-04,Beauty & Personal Care,Face Serum,4.0,1164.36,4657.44,east,Priya Iyer,
AMZ101158,2024-09-12,Electronics,Laptop Stand,10.0,680.53,6805.3,CENTRAL ,Imran Kumar,Cash on Delivery
AMZ100465,2023-09-05,Furniture,Bedside Table,7.0,3081.99,21573.93,NORTH,Ananya Menon,Amazon Pay
AMZ103210,2023-03-31,Grocery & Gourmet,Green Tea Pack,3.0,149.68,449.04,South ,Zoya Iyer,Amazon Pay
AMZ105149,2024-08-30,Office Products,Whiteboard Marker Set,8.0,300.3,2402.4,North,Ananya Agarwal,Credit Card
AMZ104955,2024-01-25,Toys & Games,Building Blocks Set,3.0,1636.15,4908.45,SOUTH,Divya Nair,Amazon Pay
AMZ103975,2023-10-07,Furniture,Bedside Table,5.0,3650.79,18253.95, West,Arjun Agarwal,Debit Card
AMZ102289,2024-05-23,Electronics,Portable SSD,5.0,4755.71,23778.55,SOUTH,Tanvi Das,Net Banking
AMZ100781,2023-09-25,Sports & Fitness,Yoga Mat,7.0,2114.34,14800.38,central,Anusha Joshi,Amazon Pay
AMZ100930,2023-03-16,Grocery & Gourmet,Cooking Oil 1L,5.0,371.39,1856.95, North,Karthik Sharma,Credit Card
AMZ102297,2024-05-20,Grocery & Gourmet,Green Tea Pack,1.0,345.27,345.27,South,Yash Iyer,Net Banking
AMZ102417,2023-04-16,Office Products,Stapler,2.0,795.04,1590.08,SOUTH,Rahul Malhotra,Cash on Delivery
AMZ101798,2024-06-08,Books,Cookbook,7.0,429.9,3009.3,South,Vivek Bhatt,Debit Card
AMZ102531,2024-04-12,Electronics,Mechanical Keyboard,4.0,5176.62,20706.48,West,Ananya Menon,Credit Card
AMZ101773,2024-08-09,Office Products,Printer Paper A4,8.0,924.01,7392.08,south,Isha Joshi,UPI
AMZ100953,2023-01-28,Sports & Fitness,Badminton Racket,4.0,409.4,1637.6,North,Yash Kapoor,Credit Card
AMZ104147,2023-07-09,Office Products,Whiteboard Marker Set,5.0,725.26,3626.3,Central,Neha Sharma,Amazon Pay
AMZ105575,2024-10-09,Office Products,Notebook Pack,5.0,400.54,2002.7,EAST,Priya Verma,Net Banking
AMZ101766,2024-08-11,Toys & Games,Remote Control Car,10.0,1502.33,15023.3,north,Manoj Iyer,Cash on Delivery
AMZ100487,2024-02-23,Home & Kitchen,Storage Containers,10.0,827.18,8271.8,north,Divya Kapoor,Cash on Delivery
AMZ105766,2023-08-01,Home & Kitchen,Electric Kettle,4.0,2978.41,11913.64,,Nikhil Singh,Net Banking
AMZ100682,2024-01-20,Sports & Fitness,Cricket Bat,4.0,2523.42,10093.68, West,Imran Kapoor,Cash on Delivery
AMZ101209,2023-06-28,Home & Kitchen,Vacuum Cleaner,7.0,1330.64,9314.48,SOUTH,Anusha Iyer,Debit Card
AMZ102936,2024-02-23,Sports & Fitness,Cricket Bat,3.0,453.05,1359.15,East,Zoya Malhotra,Credit Card
AMZ102645,2023-10-06,Books,Biography,3.0,626.42,1879.26,Central,Ritu Gupta,Net Banking
AMZ105095,2024-02-11,Electronics,Action Camera,1.0,692.94,692.94,South ,Ritu Kumar,Cash on Delivery
AMZ102917,2024-06-22,Toys & Games,Board Game,2.0,1371.21,2742.42,South,Karthik Das,Cash on Delivery
AMZ103311,2024-12-11,Furniture,Bookshelf,6.0,10586.19,63517.14,EAST,Ananya Agarwal,Amazon Pay
AMZ102353,2024-12-26,Home & Kitchen,Vacuum Cleaner,7.0,4507.0,31549.0,SOUTH,Sanjay Singh,Debit Card
AMZ101790,2023-03-25,Furniture,Study Table,4.0,10216.63,40866.52,West,Priya Chatterjee,UPI
AMZ100234,2024-01-24,Home & Kitchen,Bed Sheet Set,6.0,1506.95,9041.7,East,Vikram Verma,Net Banking
AMZ100830,2023-12-17,Electronics,Power Bank,4.0,2264.64,9058.56,East,Kavya Pillai,UPI
AMZ105549,2024-04-22,Books,Self-Help Book,1.0,526.52,526.52,South,Vivek Kapoor,Credit Card
AMZ100448,2024-02-26,Grocery & Gourmet,Almonds 500g,10.0,608.11,6081.1,North,Kavya Patel,UPI
AMZ101647,2024-12-16,Beauty & Personal Care,Face Serum,10.0,1251.64,12516.4,west,Divya Gupta,Credit Card
AMZ100841,2024-12-02,Sports & Fitness,Dumbbell Set,4.0,2784.75,11139.0,North,Nikhil Kumar,UPI
AMZ104299,2023-12-04,Sports & Fitness,Cricket Bat,3.0,2357.79,7073.37,North,Meera Kapoor,Amazon Pay
AMZ104707,2023-08-02,Sports & Fitness,Yoga Mat,2.0,513.52,1027.04,SOUTH,Pooja Menon,Cash on Delivery
AMZ101145,2023-07-01,Electronics,Laptop Stand,1.0,5360.67,5360.67, North,Vikram Nair,Cash on Delivery
AMZ100049,2023-11-09,Beauty & Personal Care,Face Serum,5.0,242.2,1211.0,south,Kavya Das,Amazon Pay
AMZ100773,2023-10-08,Grocery & Gourmet,Basmati Rice 5kg,6.0,302.36,1814.16, North,Nikhil Menon,Amazon Pay
AMZ102208,2024-04-08,Books,Fiction Novel,10.0,182.44,1824.4,central,Meera Menon,Amazon Pay
AMZ105328,2023-12-29,Books,Programming Guide,1.0,688.17,688.17,EAST,Rohan Rao,Cash on Delivery
